{
  "ammo": "tacz:556x45",
  "ammo_amount": 30,
  "extended_mag_ammo_amount": [
    40,
    50,
    60
  ],
  "bolt": "closed_bolt",
  "rpm": 700,
  "bullet": {
    "life": 0.75,
    "bullet_amount": 1,
    "damage": 7,
    "tracer_count_interval": 0,
    "extra_damage": {
      "armor_ignore": 0.25,
      "head_shot_multiplier": 1.7,
      "damage_adjust": [
        {"distance": 0.5, "damage": 7.5},
        {"distance": 30, "damage": 7},
        {"distance": 60, "damage": 6.5},
        {"distance": "infinite", "damage": 6}
      ]
    },
    "speed": 290,
    "gravity": 0.0245,
    "knockback": 0,
    "friction": 0.01,
    "ignite": false,
    "pierce": 1
  },
  "reload": {
    "type": "magazine",
    "feed": {
      "empty": 1.87,
      "tactical": 1.40
    },
    "cooldown": {
      "empty": 2.2,
      "tactical": 1.87
    }
  },
  "draw_time": 0.3,
  "put_away_time": 0.43,
  "aim_time": 0.2,
  "sprint_time": 0.2,
  "fire_mode": [
    "auto",
    "semi",
    "burst"
  ],
  "burst_data": {
    "continuous_shoot": false,
    "count": 3,
    "bpm": 900,
    "min_interval": 0.3
  },
  "recoil": {
    "pitch": [
      {"time": 0, "value": [0.55, 0.55]},
      {"time": 0.3, "value": [0.55, 0.55]},
      {"time": 0.5, "value": [-0.125, -0.125]},
      {"time": 0.65, "value": [0, 0]}
    ],
    "yaw": [
      {"time": 0, "value": [0.15, 0.25]},
      {"time": 0.3, "value": [0.15, 0.25]},
      {"time": 0.5, "value": [0, 0]}
    ]
  },
  "inaccuracy": {
    "stand": 5,
    "move": 6,
    "sneak": 4.5,
    "lie": 4,
    "aim": 0.125
  },
  "melee": {
    "distance": 1,
    "cooldown": 0.6
  },
      // 近战相关
      "melee": {
        // 枪械距离参数，用来延升近战攻击范围
        // 会与刺刀等配件的距离做加和
        "distance": 1,
        // 使用时的冷却时间
        "cooldown": 0.6,
        // 默认近战数据，会被配件的数据替换掉
        "default": {
          // 动画类型：没有枪托的为 melee_push，有枪托的为 melee_stock
          "animation_type": "melee_stock",
          // 刺刀距离参数，枪械里还有个刺刀攻击距离参数，两者做加和
          "distance": 0,
          // 刺刀范围角度
          "range_angle": 30,
          // 伤害值
          "damage": 5,
          // 击退效果
          "knockback": 0.5,
          // 前摇时长，单位：秒
          "prep": 0.1
        }
      },
  "allow_attachment_types": [
    "scope",
    "stock",
    "grip",
    "muzzle",
    "extended_mag"
  ],
  "exclusive_attachments": {
  }
}