{
  "model": "converted:gun/416sap_geo",
  "texture": "converted:gun/uv/416sap_uv",
  "hud": "converted:gun/hud/416sap_hud",
  "slot": "converted:gun/slot/416sap_slot",
  "animation": "converted:416sap",
  "use_default_animation": "rifle",
  "shell": {
    "initial_velocity": [8.0, 5.0, -0.5],
    "random_velocity": [2.5, 1.5, 0.25],
    "acceleration": [0.0, -20, 0.0],
    "angular_velocity": [-720, -720, 90],
    "living_time": 1.0
  },
  
  "muzzle_flash": {
    "texture": "converted:flash/muzzle_flash_energy",
    "scale": 0.8
  },
  "ammo": {
    "tracer_color": "#339afc"
  },
  "sounds": {
    "shoot": "converted:416sap/416sap_shoot",
    "shoot_3p": "converted:416sap/416sap_shoot_3p",
    "reload_empty": "tacz:m4a1/m4a1_reload_empty",
    "reload_tactical": "tacz:m4a1/m4a1_reload_tactical",
    "inspect": "tacz:m4a1/m4a1_inspect",
    "inspect_empty": "tacz:m4a1/m4a1_inspect_empty",
    "draw": "tacz:m4a1/m4a1_draw",
    "put_away": "tacz:m4a1/m4a1_put_away",
    "silence": "converted:416sap/416sap_silence",
    "silence_3p": "converted:416sap/416sap_silence_3p"
  },
  "offhand_show": {
    "pos": [1, 19, 4],
    "rotate": [0, 0, 50],
    "scale": [0.5, 0.5, 0.5]
  },
  "hotbar_show": {
    "0": {
      "pos": [-1, 19, 3],
      "rotate": [-180, 0, 130],
      "scale": [0.5, 0.5, 0.5]
    }
  }
}
