{
    "model": "converted:gun/hanyang88_geo",
    "texture": "converted:gun/uv/hanyang88_uv",
    "slot": "converted:gun/slot/hanyang88_slot",
    "hud": "converted:gun/hud/hanyang88_hud",
    "animation": "converted:hanyang88",
    "third_person_animation": "default",
    "sounds": {
        "reload_empty": "tacz:ai_awp/awp_reload_empty",
        "reload_tactical": "tacz:ai_awp/awp_reload_tactical",
        "inspect": "tacz:ai_awp/awp_inspect",
        "inspect_empty": "tacz:ai_awp/awp_inspect_empty",
        "draw": "tacz:ai_awp/awp_draw",
        "shoot": "converted:hanyang88/hanyang88_shoot",
        "dry_fire": "converted:nails/nails_dry_fire",
        "shoot_3p": "tacz:ai_awp/awp_shoot_3p",
        "silence": "tacz:ai_awp/awp_silence",
        "silence_3p": "tacz:ai_awp/awp_silence_3p",
        "bolt": "tacz:ai_awp/awp_bolt",
        "put_away": "tacz:ai_awp/awp_put_away"
   },
   "muzzle_flash": {
    "texture": "tacz:flash/common_muzzle_flash",
    "scale": 1
  }
}
