{
  "model": "converted:gun/mk14cr_geo",
  "texture": "converted:gun/uv/mk14cr_uv",
  "hud": "converted:gun/hud/mk14cr_hud",
  "slot": "converted:gun/slot/mk14cr_slot",
  "animation": "converted:mk14cr",
  "use_default_animation": "rifle",
  "shell": {
    "initial_velocity": [8.0, 5.0, -0.5],
    "random_velocity": [2.5, 1.5, 0.25],
    "acceleration": [0.0, -20, 0.0],
    "angular_velocity": [-720, -720, 90],
    "living_time": 1.0
  },
  "muzzle_flash": {
    "texture": "converted:flash/muzzle_flash_energy",
    "scale": 0.8
  },
  "ammo": {
    "tracer_color": "#339afc"
  },
  "sounds": {
    "shoot": "converted:mk14cr/mk14cr_shoot",
    "shoot_3p": "converted:mk14cr/mk14cr_shoot_3p",
    "silence": "converted:mk14cr/mk14cr_silence",
    "silence_3p": "converted:mk14cr/mk14cr_silence_3p",
    "dry_fire": "tacz:dry_fire",
    "fire_select": "tacz:fire_select",
    "head_hit": "tacz:head_hit",
    "flesh_hit": "tacz:flesh_hit",
    "kill": "tacz:kill"
 },
 "offhand_show": {
  "pos": [1, 19, 4],
  "rotate": [0, 0, 50],
  "scale": [0.5, 0.5, 0.5]
},
"hotbar_show": {
  "0": {
    "pos": [-4, 20, 3],
    "rotate": [-90, -5, -90],
    "scale": [0.5, 0.5, 0.5]
  }
  }
}
