{
    "model": "converted:gun/nails_geo",
    "texture": "converted:gun/uv/nails_uv",
    "slot": "converted:gun/slot/nails_slot",
    "hud": "converted:gun/hud/nails_hud",
    "animation": "converted:nails",
    "use_default_animation": "rifle",
    "third_person_animation": "default",
    "muzzle_flash": {
        "texture": "converted:flash/muzzle_flash_ordo",
        "scale": 1.125
      },
    "ammo": {
    "tracer_color": "#d7d7f0"
        },
  "sounds": {
    "shoot": "tacz:scar_h/scar_h_shoot",
    "shoot_3p": "tacz:scar_h/scar_h_shoot_3p",
    "silence": "tacz:scar_h/scar_h_silence",
    "silence_3p": "tacz:scar_h/scar_h_silence_3p",
    "dry_fire": "tacz:dry_fire",
    "fire_select": "tacz:fire_select",
    "head_hit": "tacz:head_hit",
    "flesh_hit": "tacz:flesh_hit",
    "kill": "tacz:kill"
 },
 "offhand_show": {
  "pos": [0, 19, 4],
  "rotate": [0, 0, 60],
  "scale": [0.5, 0.5, 0.5]
},
"hotbar_show": {
  "0": {
    "pos": [0, 19, 3],
    "rotate": [-180, 0, 120],
    "scale": [0.5, 0.5, 0.5]
  }
}
}