{
    "model": "converted:gun/qbz95endf_geo",
    "texture": "converted:gun/uv/qbz95endf_uv",
    "slot": "converted:gun/slot/qbz95endf_slot",
    "hud": "converted:gun/hud/qbz95endf_hud",
    "use_default_animation": "rifle",
    "third_person_animation": "default",
    "muzzle_flash": {
      "texture": "tacz:flash/common_muzzle_flash",
      "scale": 1
    },
  "sounds": {
    "shoot": "tacz:scar_h/scar_h_shoot",
    "shoot_3p": "tacz:scar_h/scar_h_shoot_3p",
    "silence": "tacz:scar_h/scar_h_silence",
    "silence_3p": "tacz:scar_h/scar_h_silence_3p",
    "dry_fire": "tacz:dry_fire",
    "fire_select": "tacz:fire_select",
    "head_hit": "tacz:head_hit",
    "flesh_hit": "tacz:flesh_hit",
    "kill": "tacz:kill"
 }
}