{
    "model": "converted:gun/rf235_geo",
    "texture": "converted:gun/uv/rf235_uv",
    "slot": "converted:gun/slot/rf235_slot",
    "hud": "converted:gun/hud/rf235_hud",
    "animation": "converted:rf235",
    "use_default_animation": "rifle",
    "third_person_animation": "default",
    "muzzle_flash": {
      "texture": "tacz:flash/common_muzzle_flash",
      "scale": 1
    },
  "sounds": {
    "shoot": "converted:rf235/rf235_shoot",
    "shoot_3p": "converted:rf235/rf235_shoot_3p",
    "silence": "tacz:scar_h/scar_h_silence",
    "silence_3p": "tacz:scar_h/scar_h_silence_3p",
    "dry_fire": "tacz:dry_fire",
    "fire_select": "tacz:fire_select",
    "head_hit": "tacz:head_hit",
    "flesh_hit": "tacz:flesh_hit",
    "kill": "tacz:kill"
    
 },
 "text_show": {
  // 作用的组名，该组的旋转点决定文本的位置和朝向
  "ammo_count_text_show_pos": {
    // 文本缩放，默认大小对于 BlockBench 里的 1
    "scale": 0.4,
    // 对齐方式：right，center，left
    "align": "center",
    // 阴影
    "shadow": false,
    // 文本颜色
    "color": "#d95422",
    // 亮度：1-15
    "light": 15,
    // 本地化，且支持PlaceholderAPI 风格的占位符
    // 目前仅支持两个：%player_name% %ammo_count%
    "text": "%ammo_count%"
  }
}
}