{
    "model": "converted:gun/roq_geo",
    "texture": "converted:gun/uv/roq_uv",
    "slot": "converted:gun/slot/roq_slot",
    "hud": "converted:gun/hud/roq_hud",
    "third_person_animation": "default",
    "sounds": {
        "shoot": "converted:roq/pmo_projectile_a1_shot",
        "dry_fire": "converted:roq/empty",
        "reload_empty": "converted:roq/hk_g3_reload_tactical"
    },
    "muzzle_flash":{
        // 枪口火焰贴图路径
        "texture": "converted:flash/muzzle_flash_energy",
        // 缩放系数
        "scale": 1
      }
}