{
	"pack_name": "{maid_pack.tlmpets.name}",
	"version": "1.0.0",
	"description": ["{maid_pack.tlmpets.desc}"],
	"icon": "tlmpets:textures/maid_icon.png",
	"author": ["CrystalizedSun"],
	"date": "2024-01-07",
	"model_list": [
		{
			"model_id": "tlmpets:inusakuya",
			"description": ["{model.tlmpets.inusakuya.desc}"],
			"show_backpack": false,
			"render_item_scale": 1.75,
			"animation": [
				"touhou_little_maid:animation/maid/default/head/default.js",
				"touhou_little_maid:animation/maid/default/head/beg.js",
				"touhou_little_maid:animation/maid/default/head/music_shake.js",
				"touhou_little_maid:animation/maid/default/head/blink.js",
				"touhou_little_maid:animation/maid/default/arm/default.js",
				"touhou_little_maid:animation/maid/default/arm/swing.js",
				"touhou_little_maid:animation/maid/default/sit/no_leg.js",
				"touhou_little_maid:animation/maid/default/tail/default.js"
			]
		}
	]
}