{
    "model": "gsl_mystery_gun_pack:gun/hk416cat_geo",
    "texture": "gsl_mystery_gun_pack:gun/uv/hk416cat",
    "lod": {
        "model": "gsl_mystery_gun_pack:gun/lod/hk416cat_lod",
        "texture": "gsl_mystery_gun_pack:gun/lod/hk416cat_lod"
    },
    "hud": "gsl_mystery_gun_pack:gun/hud/hk416cat",
    "slot": "gsl_mystery_gun_pack:gun/slot/hk416cat",
    "animation": "gsl_mystery_gun_pack:hk416cat",
    "use_default_animation": "rifle",
    "third_person_animation": "default",
    "transform": {
        "scale": {
            "thirdperson": [
                0.6,
                0.6,
                0.6
            ],
            "ground": [
                0.6,
                0.6,
                0.6
            ],
            "fixed": [
                1.2,
                1.2,
                1.2
            ]
        }
    },
    "shell": {
        "initial_velocity": [5, 2, 1],
        "random_velocity": [1, 1, 0.25],
        "acceleration": [0.0, -10, 0.0],
        "angular_velocity": [360, -1200, 90],
        "living_time": 1.0
    },
    "muzzle_flash": {
        "texture": "tacz:flash/common_muzzle_flash",
        "scale": 0.75
    },
    "sounds": {
        "shoot": "gsl_mystery_gun_pack:hk416cat_2/hk416cat_2_shoot",
        "shoot_3p": "gsl_mystery_gun_pack:hk416cat_2/hk416cat_2_shoot_3p",
        "reload_empty": "gsl_mystery_gun_pack:hk416cat/hk416cat_reload_empty",
        "reload_tactical": "gsl_mystery_gun_pack:hk416cat/hk416cat_reload_tactical",
        "inspect": "gsl_mystery_gun_pack:hk416cat/hk416cat_inspect",
        "inspect_empty": "gsl_mystery_gun_pack:hk416cat/hk416cat_inspect_empty",
        "draw": "gsl_mystery_gun_pack:hk416cat/hk416cat_draw",
        "put_away": "gsl_mystery_gun_pack:hk416cat/hk416cat_put_away",
        "silence": "gsl_mystery_gun_pack:hk416cat_2/hk416cat_2_silence",
        "silence_3p": "gsl_mystery_gun_pack:hk416cat_2/hk416cat_2_silence_3p"
    }
}