{
  "variants": {
    "facing=down": {
      "model": "minecraft:block/redstoneblock/dropper_vertical1",
      "x": 180
    },
    "facing=east": {
      "model": "minecraft:block/redstoneblock/dropper1",
      "y": 90
    },
    "facing=north": {
      "model": "minecraft:block/redstoneblock/dropper1"
    },
    "facing=south": {
      "model": "minecraft:block/redstoneblock/dropper1",
      "y": 180
    },
    "facing=up": {
      "model": "minecraft:block/redstoneblock/dropper_vertical1"
    },
    "facing=west": {
      "model": "minecraft:block/redstoneblock/dropper1",
      "y": 270
    }
  }
}