{
  "variants": {
    "power=0": {
      "model": "minecraft:block/light_weighted_pressure_plate"
    },
    "power=1": {
      "model": "minecraft:block/redstoneblock/light_weighted_pressure_plate_down"
    },
    "power=10": {
      "model": "minecraft:block/redstoneblock/light_weighted_pressure_plate_down"
    },
    "power=11": {
      "model": "minecraft:block/redstoneblock/light_weighted_pressure_plate_down"
    },
    "power=12": {
      "model": "minecraft:block/redstoneblock/light_weighted_pressure_plate_down"
    },
    "power=13": {
      "model": "minecraft:block/redstoneblock/light_weighted_pressure_plate_down"
    },
    "power=14": {
      "model": "minecraft:block/redstoneblock/light_weighted_pressure_plate_down"
    },
    "power=15": {
      "model": "minecraft:block/redstoneblock/light_weighted_pressure_plate_down"
    },
    "power=2": {
      "model": "minecraft:block/redstoneblock/light_weighted_pressure_plate_down"
    },
    "power=3": {
      "model": "minecraft:block/redstoneblock/light_weighted_pressure_plate_down"
    },
    "power=4": {
      "model": "minecraft:block/redstoneblock/light_weighted_pressure_plate_down"
    },
    "power=5": {
      "model": "minecraft:block/redstoneblock/light_weighted_pressure_plate_down"
    },
    "power=6": {
      "model": "minecraft:block/redstoneblock/light_weighted_pressure_plate_down"
    },
    "power=7": {
      "model": "minecraft:block/redstoneblock/light_weighted_pressure_plate_down"
    },
    "power=8": {
      "model": "minecraft:block/redstoneblock/light_weighted_pressure_plate_down"
    },
    "power=9": {
      "model": "minecraft:block/redstoneblock/light_weighted_pressure_plate_down"
    }
  }
}