{
    "variants": {
        "": [ { "model": "block/leaves/oak_leaves2" , "y": 90 , "weight": 1 }
             ,{ "model": "block/leaves/oak_leaves2" , "y": 180 , "weight": 1 }
             ,{ "model": "block/leaves/oak_leaves2" , "y": 270 , "weight": 1 }
             ,{ "model": "block/leaves/oak_leaves2" , "y": 0 , "weight": 1 }
             ,{ "model": "block/leaves/oak_leaves1" , "y": 0 , "weight": 25 }
             ,{ "model": "block/leaves/oak_leaves1" , "y": 90 , "weight": 25 }
             ,{ "model": "block/leaves/oak_leaves1" , "y": 270 , "weight": 25 }
             ,{ "model": "block/leaves/oak_leaves1" , "y": 180 , "weight": 25 } ]   }
}