{
  "variants": {
    "layers=1": {
      "model": "minecraft:block/snow_and_moss/snow_height2"
    },
    "layers=2": {
      "model": "minecraft:block/snow_and_moss/snow_height4"
    },
    "layers=3": {
      "model": "minecraft:block/snow_and_moss/snow_height6"
    },
    "layers=4": {
      "model": "minecraft:block/snow_and_moss/snow_height8"
    },
    "layers=5": {
      "model": "minecraft:block/snow_and_moss/snow_height10"
    },
    "layers=6": {
      "model": "minecraft:block/snow_and_moss/snow_height12"
    },
    "layers=7": {
      "model": "minecraft:block/snow_and_moss/snow_height14"
    },
    "layers=8": {
      "model": "minecraft:block/snow_block"
    }
  }
}