{
  "name": "腐朽遗杖",
  "icon": "simplyswords:decaying_relic",
  "advancement": "simplyswords:decaying_relic",
  "category": "simplyswords:category_unique_weapons",
  "pages": [
    {
      "type": "patchouli:spotlight",
      "item": "simplyswords:decaying_relic",
      "text": "让黑暗引领你前往源头……$(br2)译者注：该武器可以在深暗之域的冒险中进化。$(br)秘法双头剑 - 手持该武器站在幽匿感测体上$(br)秘法之矛 - 物品栏中持有该武器时受到监守者的黑暗效果$(br)秘法之镰 - 手持该武器时被监守者的音波击中"
    }
  ]
}