{
	"credit": "Made with Blockbench",
	"ambientocclusion": false,
	"textures": {
		"0": "block/rail/activator_rail_on1",
		"1": "block/rail/activator_rail_on2",
		"particle": "block/rail/activator_rail_on1"
	},
	"elements": [
		{
			"from": [7, 8.2, 0.53069],
			"to": [9, 8.95, 14.28069],
			"rotation": {"angle": 45, "axis": "x", "origin": [14, 9.40452, 7.53069]},
			"faces": {
				"north": {"uv": [0, 0, 2, 1], "texture": "#0"},
				"east": {"uv": [7, 3, 9, 4], "texture": "#0"},
				"south": {"uv": [0, 0, 2, 1], "texture": "#0"},
				"west": {"uv": [7, 3, 9, 4], "texture": "#0"},
				"up": {"uv": [7, 11, 9, 13], "texture": "#0"},
				"down": {"uv": [7, 11, 9, 13], "texture": "#0"}
			}
		},
		{
			"from": [1, 10.725, -10.325],
			"to": [15, 11.725, -8.325],
			"rotation": {"angle": 45, "axis": "x", "origin": [0, 0, 0]},
			"faces": {
				"north": {"uv": [1, 1, 15, 2], "texture": "#1"},
				"east": {"uv": [14, 1, 15, 3], "rotation": 90, "texture": "#1"},
				"south": {"uv": [1, 2, 15, 3], "texture": "#1"},
				"west": {"uv": [1, 1, 2, 3], "rotation": 90, "texture": "#1"},
				"up": {"uv": [1, 1, 15, 3], "texture": "#1"},
				"down": {"uv": [1, 1, 15, 3], "texture": "#1"}
			}
		},
		{
			"from": [1, 10.725, 5.425],
			"to": [15, 11.725, 7.425],
			"rotation": {"angle": 45, "axis": "x", "origin": [0, 0, 0]},
			"faces": {
				"north": {"uv": [1, 1, 15, 2], "texture": "#1"},
				"east": {"uv": [14, 1, 15, 3], "rotation": 90, "texture": "#1"},
				"south": {"uv": [1, 2, 15, 3], "texture": "#1"},
				"west": {"uv": [1, 1, 2, 3], "rotation": 90, "texture": "#1"},
				"up": {"uv": [1, 9, 15, 11], "texture": "#1"},
				"down": {"uv": [1, 9, 15, 11], "texture": "#1"}
			}
		},
		{
			"from": [1, 10.725, -5.075],
			"to": [15, 11.725, -3.075],
			"rotation": {"angle": 45, "axis": "x", "origin": [0, 0, 0]},
			"faces": {
				"north": {"uv": [1, 1, 15, 2], "texture": "#1"},
				"east": {"uv": [14, 1, 15, 3], "rotation": 90, "texture": "#1"},
				"south": {"uv": [1, 2, 15, 3], "texture": "#1"},
				"west": {"uv": [1, 1, 2, 3], "rotation": 90, "texture": "#1"},
				"up": {"uv": [1, 5, 15, 7], "texture": "#1"},
				"down": {"uv": [1, 5, 15, 7], "texture": "#1"}
			}
		},
		{
			"from": [1, 10.725, 0.175],
			"to": [15, 11.725, 2.175],
			"rotation": {"angle": 45, "axis": "x", "origin": [0, 0, 0]},
			"faces": {
				"north": {"uv": [1, 1, 15, 2], "texture": "#1"},
				"east": {"uv": [14, 1, 15, 3], "rotation": 90, "texture": "#1"},
				"south": {"uv": [1, 2, 15, 3], "texture": "#1"},
				"west": {"uv": [1, 1, 2, 3], "rotation": 90, "texture": "#1"},
				"up": {"uv": [1, 13, 15, 15], "texture": "#1"},
				"down": {"uv": [1, 13, 15, 15], "texture": "#1"}
			}
		},
		{
			"from": [12, 8.7, -4.025],
			"to": [14, 9.7, 19.005],
			"rotation": {"angle": 45, "axis": "x", "origin": [-9, 9, 8]},
			"faces": {
				"north": {"uv": [12, 0, 14, 1], "rotation": 180, "texture": "#0"},
				"east": {"uv": [13, 0, 14, 16], "rotation": 90, "texture": "#0"},
				"west": {"uv": [12, 0, 13, 16], "rotation": 270, "texture": "#0"},
				"up": {"uv": [12, 0, 14, 16], "texture": "#0"},
				"down": {"uv": [12, 0, 14, 16], "texture": "#0"}
			}
		},
		{
			"from": [2, 8.7, -4.025],
			"to": [4, 9.7, 19.005],
			"rotation": {"angle": 45, "axis": "x", "origin": [-9, 9, 8]},
			"faces": {
				"north": {"uv": [4, 0, 2, 1], "texture": "#0"},
				"east": {"uv": [3, 0, 4, 16], "rotation": 90, "texture": "#0"},
				"west": {"uv": [2, 0, 3, 16], "rotation": 270, "texture": "#0"},
				"up": {"uv": [2, 0, 4, 16], "texture": "#0"},
				"down": {"uv": [2, 0, 4, 16], "texture": "#0"}
			}
		},
		{
			"from": [2, 1, 15.59],
			"to": [4, 1.71, 16.29],
			"rotation": {"angle": 0, "axis": "y", "origin": [8, 1.365, 0.38]},
			"faces": {
				"east": {"uv": [3, 15.29, 3.7, 16], "texture": "#0"},
				"south": {"uv": [2, 15.29, 4, 16], "texture": "#0"},
				"west": {"uv": [2, 15.29, 2.7, 16], "texture": "#0"},
				"down": {"uv": [4, 15.29, 2, 15.99], "rotation": 180, "texture": "#0"}
			}
		},
		{
			"from": [12, 1, 15.59],
			"to": [14, 1.71, 16.29],
			"rotation": {"angle": 0, "axis": "y", "origin": [8, 1.365, 0.38]},
			"faces": {
				"east": {"uv": [2, 15.29, 2.7, 16], "texture": "#0"},
				"south": {"uv": [4, 15.29, 2, 16], "texture": "#0"},
				"west": {"uv": [3, 15.29, 3.7, 16], "texture": "#0"},
				"down": {"uv": [2, 15.29, 4, 15.99], "rotation": 180, "texture": "#0"}
			}
		}
	],
	"groups": [
		0,
		{
			"name": "rail",
			"origin": [8, 8, 8],
			"color": 0,
			"children": [1, 2, 3, 4]
		},
		{
			"name": "rail",
			"origin": [8, 8, 8],
			"color": 0,
			"children": [5, 6, 7, 8]
		}
	]
}