{
	"credit": "Made with Blockbench",
	"ambientocclusion": false,
	"textures": {
		"1": "block/rail/activator_rail1",
		"2": "block/rail/powered_rail1",
		"particle": "block/rail/powered_rail1"
	},
	"elements": [
		{
			"from": [7, 7.75, 2],
			"to": [9, 8.5, 16],
			"rotation": {"angle": -45, "axis": "x", "origin": [8, 9, 8]},
			"faces": {
				"north": {"uv": [0, 0, 2, 1], "texture": "#2"},
				"east": {"uv": [7, 3, 9, 4], "texture": "#2"},
				"south": {"uv": [0, 0, 2, 1], "texture": "#2"},
				"west": {"uv": [7, 3, 9, 4], "texture": "#2"},
				"up": {"uv": [7, 3, 9, 5], "rotation": 180, "texture": "#2"},
				"down": {"uv": [7, 3, 9, 5], "rotation": 180, "texture": "#2"}
			}
		},
		{
			"from": [1, -0.575, 4],
			"to": [15, 0.425, 6],
			"rotation": {"angle": -45, "axis": "x", "origin": [0, 0, 0]},
			"faces": {
				"north": {"uv": [1, 1, 15, 2], "texture": "#1"},
				"east": {"uv": [14, 1, 15, 3], "rotation": 90, "texture": "#1"},
				"south": {"uv": [1, 2, 15, 3], "texture": "#1"},
				"west": {"uv": [1, 1, 2, 3], "rotation": 90, "texture": "#1"},
				"up": {"uv": [1, 1, 15, 3], "texture": "#1"},
				"down": {"uv": [1, 1, 15, 3], "texture": "#1"}
			}
		},
		{
			"from": [1, -0.575, 19.75],
			"to": [15, 0.425, 21.75],
			"rotation": {"angle": -45, "axis": "x", "origin": [0, 0, 0]},
			"faces": {
				"north": {"uv": [1, 1, 15, 2], "texture": "#1"},
				"east": {"uv": [14, 1, 15, 3], "rotation": 90, "texture": "#1"},
				"south": {"uv": [1, 2, 15, 3], "texture": "#1"},
				"west": {"uv": [1, 1, 2, 3], "rotation": 90, "texture": "#1"},
				"up": {"uv": [1, 9, 15, 11], "texture": "#1"},
				"down": {"uv": [1, 9, 15, 11], "texture": "#1"}
			}
		},
		{
			"from": [1, -0.575, 9.25],
			"to": [15, 0.425, 11.25],
			"rotation": {"angle": -45, "axis": "x", "origin": [0, 0, 0]},
			"faces": {
				"north": {"uv": [1, 1, 15, 2], "texture": "#1"},
				"east": {"uv": [14, 1, 15, 3], "rotation": 90, "texture": "#1"},
				"south": {"uv": [1, 2, 15, 3], "texture": "#1"},
				"west": {"uv": [1, 1, 2, 3], "rotation": 90, "texture": "#1"},
				"up": {"uv": [1, 5, 15, 7], "texture": "#1"},
				"down": {"uv": [1, 5, 15, 7], "texture": "#1"}
			}
		},
		{
			"from": [1, -0.575, 14.5],
			"to": [15, 0.425, 16.5],
			"rotation": {"angle": -45, "axis": "x", "origin": [0, 0, 0]},
			"faces": {
				"north": {"uv": [1, 1, 15, 2], "texture": "#1"},
				"east": {"uv": [14, 1, 15, 3], "rotation": 90, "texture": "#1"},
				"south": {"uv": [1, 2, 15, 3], "texture": "#1"},
				"west": {"uv": [1, 1, 2, 3], "rotation": 90, "texture": "#1"},
				"up": {"uv": [1, 13, 15, 15], "texture": "#1"},
				"down": {"uv": [1, 13, 15, 15], "texture": "#1"}
			}
		},
		{
			"from": [2, 1, -0.3],
			"to": [5, 1.71, 0.4],
			"rotation": {"angle": 0, "axis": "y", "origin": [2, 0.7, -0.9]},
			"faces": {
				"north": {"uv": [5, 15.29, 2, 16], "texture": "#2"},
				"east": {"uv": [4, 15.29, 4.7, 16], "texture": "#2"},
				"west": {"uv": [2, 15.29, 2.7, 16], "texture": "#2"},
				"down": {"uv": [2, 15.29, 4, 15.99], "texture": "#2"}
			}
		},
		{
			"from": [11, 1, -0.3],
			"to": [14, 1.71, 0.4],
			"rotation": {"angle": 0, "axis": "y", "origin": [2, 1, -0.9]},
			"faces": {
				"north": {"uv": [2, 15.29, 5, 16], "texture": "#2"},
				"east": {"uv": [2.7, 15.29, 2, 16], "texture": "#2"},
				"west": {"uv": [4.7, 15.29, 4, 16], "texture": "#2"},
				"down": {"uv": [4, 15.29, 2, 15.99], "texture": "#2"}
			}
		},
		{
			"from": [11, 8.7, -3],
			"to": [14, 9.7, 20.03],
			"rotation": {"angle": -45, "axis": "x", "origin": [-9, 9, 8]},
			"faces": {
				"east": {"uv": [2, 0, 3, 16], "rotation": 270, "texture": "#2"},
				"south": {"uv": [5, 0, 2, 1], "texture": "#2"},
				"west": {"uv": [4, 0, 5, 16], "rotation": 90, "texture": "#2"},
				"up": {"uv": [2, 0, 5, 16], "rotation": 180, "texture": "#2"},
				"down": {"uv": [2, 0, 5, 16], "rotation": 180, "texture": "#2"}
			}
		},
		{
			"from": [2, 8.7, -3],
			"to": [5, 9.7, 20.03],
			"rotation": {"angle": -45, "axis": "x", "origin": [-9, 9, 8]},
			"faces": {
				"east": {"uv": [11, 0, 12, 16], "rotation": 270, "texture": "#2"},
				"south": {"uv": [14, 0, 11, 1], "texture": "#2"},
				"west": {"uv": [13, 0, 14, 16], "rotation": 90, "texture": "#2"},
				"up": {"uv": [11, 0, 14, 16], "rotation": 180, "texture": "#2"},
				"down": {"uv": [11, 0, 14, 16], "rotation": 180, "texture": "#2"}
			}
		}
	],
	"groups": [
		0,
		{
			"name": "wanqu",
			"origin": [2.5, 17.5, 15.5],
			"color": 0,
			"nbt": "{}",
			"children": []
		},
		{
			"name": "rail",
			"origin": [8, 8, 8],
			"color": 0,
			"nbt": "{}",
			"children": [1, 2, 3, 4]
		},
		5,
		6,
		7,
		8
	]
}