{
  "name": "Claymore",
  "icon": "simplyswords:iron_claymore",
  "category": "simplyswords:category_weapon_variants",
  "pages": [
    {
      "type": "patchouli:spotlight",
      "item": "simplyswords:iron_claymore",
      "text": "The Claymore is designed for both cutting and thrusting attacks and it was used by Scottish warriors in battle. Its size and weight make it a powerful weapon that can deliver devastating blows to an enemy."
    },
    {
      "type": "patchouli:crafting",
      "recipe": "simplyswords:iron_claymore",
      "recipe2": "simplyswords:gold_claymore"
    },
    {
      "type": "patchouli:crafting",
      "recipe": "simplyswords:diamond_claymore"
    },
    {
      "type": "patchouli:smithing",
      "recipe": "simplyswords:netherite_claymore",
      "recipe2": "simplyswords:runic_claymore"
    }
  ]
}