{
  "name": "Longsword",
  "icon": "simplyswords:iron_longsword",
  "category": "simplyswords:category_weapon_variants",
  "pages": [
    {
      "type": "patchouli:spotlight",
      "item": "simplyswords:iron_longsword",
      "text": "The longsword is a versatile weapon that can be used for cutting, thrusting, and slicing. It was widely used by knights and other soldiers during the medieval period. The longsword is considered as the quintessential weapon of the knight and is known for its precision, cutting power and versatility."
    },
    {
      "type": "patchouli:crafting",
      "recipe": "simplyswords:iron_longsword",
      "recipe2": "simplyswords:gold_longsword"
    },
    {
      "type": "patchouli:crafting",
      "recipe": "simplyswords:diamond_longsword"
    },
    {
      "type": "patchouli:smithing",
      "recipe": "simplyswords:netherite_longsword",
      "recipe2": "simplyswords:runic_longsword"
    }
  ]
}