{
	"credit": "Made by YSBB with Blockbench",
	"parent": "block/block",
	"ambientocclusion": false,
	"textures": {
		"particle": "block/pot/flower_pot1",
		"flowerpot": "block/pot/flower_pot1",
		"azalea_plant": "block/pot/potted_azalea_bush_plant",
		"top": "block/pot/potted_azalea_bush_top",
		"side": "block/pot/potted_azalea_bush_side"
	},
	"elements": [
		{
			"from": [2.6, 4, 8],
			"to": [13.4, 16, 8],
			"rotation": {"angle": 45, "axis": "y", "origin": [8, 8, 8], "rescale": true},
			"faces": {
				"north": {"uv": [0, 4, 16, 16], "texture": "#azalea_plant"},
				"south": {"uv": [0, 4, 16, 16], "texture": "#azalea_plant"}
			}
		},
		{
			"from": [8, 4, 2.6],
			"to": [8, 16, 13.4],
			"rotation": {"angle": 45, "axis": "y", "origin": [8, 8, 8], "rescale": true},
			"faces": {
				"east": {"uv": [0, 4, 16, 16], "texture": "#azalea_plant"},
				"west": {"uv": [0, 4, 16, 16], "texture": "#azalea_plant"}
			}
		},
		{
			"from": [4, 7.9, 4],
			"to": [12, 16, 12],
			"faces": {
				"north": {"uv": [4, 5, 12, 13.1], "texture": "#side"},
				"east": {"uv": [4, 5, 12, 13.1], "texture": "#side"},
				"south": {"uv": [4, 5, 12, 13.1], "texture": "#side"},
				"west": {"uv": [4, 5, 12, 13.1], "texture": "#side"},
				"up": {"uv": [4, 4, 12, 12], "texture": "#top", "cullface": "up"}
			}
		},
		{
			"from": [12, 7.9, 4],
			"to": [4, 16, 12],
			"faces": {
				"north": {"uv": [4, 5, 12, 13.1], "texture": "#side"},
				"east": {"uv": [4, 5, 12, 13.1], "texture": "#side"},
				"south": {"uv": [4, 5, 12, 13.1], "texture": "#side"},
				"west": {"uv": [4, 5, 12, 13.1], "texture": "#side"},
				"up": {"uv": [4, 4, 12, 12], "texture": "#top", "cullface": "up"}
			}
		},
		{
			"from": [4.1, 3.75, 4],
			"to": [12, 6, 12],
			"faces": {
				"north": {"uv": [4, 10, 12, 11.95], "texture": "#flowerpot"},
				"east": {"uv": [4, 10, 12, 11.95], "texture": "#flowerpot"},
				"south": {"uv": [4, 10, 12, 11.95], "texture": "#flowerpot"},
				"west": {"uv": [4, 10, 12, 12], "texture": "#flowerpot"},
				"up": {"uv": [4, 4, 11.9, 12], "texture": "#flowerpot"},
				"down": {"uv": [4, 4, 11.9, 12], "texture": "#flowerpot"}
			}
		},
		{
			"from": [6.1, 6, 6],
			"to": [10.11, 4, 10],
			"faces": {
				"north": {"uv": [3, 12, 7, 14], "texture": "#flowerpot"},
				"east": {"uv": [3, 12, 7, 14], "texture": "#flowerpot"},
				"south": {"uv": [3, 12, 7, 14], "texture": "#flowerpot"},
				"west": {"uv": [3, 12, 7, 14], "texture": "#flowerpot"},
				"up": {"uv": [0, 0, 4, 4], "texture": "#flowerpot"}
			}
		},
		{
			"from": [5, 0, 5],
			"to": [11, 4, 11],
			"faces": {
				"north": {"uv": [5, 12, 11, 16], "texture": "#flowerpot"},
				"east": {"uv": [5, 12, 11, 16], "texture": "#flowerpot"},
				"south": {"uv": [5, 12, 11, 16], "texture": "#flowerpot"},
				"west": {"uv": [5, 12, 11, 16], "texture": "#flowerpot"},
				"up": {"uv": [5, 5, 11, 11], "texture": "#flowerpot"},
				"down": {"uv": [5, 10, 11, 16], "texture": "#flowerpot"}
			}
		}
	],
	"groups": [
		0,
		1,
		2,
		3,
		{
			"name": "group",
			"origin": [0, 0, 0],
			"color": 0,
			"nbt": "{}",
			"children": [4, 5, 6]
		}
	]
}