{
	"format_version": "1.12.0",
	"minecraft:geometry": [
		{
			"description": {
				"identifier": "geometry.heavy_stock_sap",
				"texture_width": 32,
				"texture_height": 32,
				"visible_bounds_width": 4,
				"visible_bounds_height": 2.5,
				"visible_bounds_offset": [0, 0.75, 0]
			},
			"bones": [
				{
					"name": "hk416_a5_heavy_stock",
					"pivot": [0, -1.35, -12]
				},
				{
					"name": "body2",
					"parent": "hk416_a5_heavy_stock",
					"pivot": [0, -1.35, -12]
				},
				{
					"name": "buffer",
					"parent": "body2",
					"pivot": [0, -1.35, -12]
				},
				{
					"name": "octagon2",
					"parent": "buffer",
					"pivot": [0, -1.35, -12]
				},
				{
					"name": "Grip",
					"parent": "body2",
					"pivot": [-8, -1.35, -4]
				},
				{
					"name": "group2",
					"parent": "Grip",
					"pivot": [-7.625, -0.75735, -8.48854]
				},
				{
					"name": "PistolGrip",
					"parent": "Grip",
					"pivot": [-8, -1.35, -4]
				},
				{
					"name": "deco",
					"parent": "body2",
					"pivot": [-8, -1.35, -4]
				},
				{
					"name": "screws",
					"parent": "deco",
					"pivot": [-8, -1.35, -4]
				},
				{
					"name": "octagon3",
					"parent": "screws",
					"pivot": [0, -1.35, -12]
				},
				{
					"name": "octagon4",
					"parent": "screws",
					"pivot": [0, -1.35, -12]
				},
				{
					"name": "octagon5",
					"parent": "screws",
					"pivot": [0, -1.35, -12]
				},
				{
					"name": "switches",
					"parent": "deco",
					"pivot": [-8, -1.35, -4]
				},
				{
					"name": "Safety",
					"parent": "switches",
					"pivot": [0, -1.35, -12]
				},
				{
					"name": "MagazineCatch",
					"parent": "switches",
					"pivot": [0, -1.35, -12]
				},
				{
					"name": "group3",
					"parent": "MagazineCatch",
					"pivot": [8, -9.35, -19.375]
				},
				{
					"name": "group4",
					"parent": "MagazineCatch",
					"pivot": [8, -9.35, -19.375]
				},
				{
					"name": "group5",
					"parent": "switches",
					"pivot": [-7.625, 7.7125, -0.5]
				},
				{
					"name": "group6",
					"parent": "deco",
					"pivot": [-1.5625, 4.4625, -8.4375]
				},
				{
					"name": "body",
					"parent": "body2",
					"pivot": [0, -1.35, -12]
				},
				{
					"name": "upper",
					"parent": "body",
					"pivot": [0, -1.35, -12]
				},
				{
					"name": "group7",
					"parent": "upper",
					"pivot": [-1.19163, 1.38604, -4.84375]
				},
				{
					"name": "octagon6",
					"parent": "upper",
					"pivot": [0, -1.35, -12]
				},
				{
					"name": "octagon7",
					"parent": "upper",
					"pivot": [0, -1.35, -12]
				},
				{
					"name": "octagon8",
					"parent": "upper",
					"pivot": [0, -1.35, -12]
				},
				{
					"name": "group8",
					"parent": "upper",
					"pivot": [-6.0448, 11.78343, -11.875]
				},
				{
					"name": "octagon9",
					"parent": "upper",
					"pivot": [0, -1.35, -12]
				},
				{
					"name": "octagon10",
					"parent": "upper",
					"pivot": [0, -1.35, -12]
				},
				{
					"name": "body_rail",
					"parent": "upper",
					"pivot": [0.4552, 1.67834, -18]
				},
				{
					"name": "lower",
					"parent": "body",
					"pivot": [0, -1.35, -12]
				},
				{
					"name": "TriggerCover",
					"parent": "lower",
					"pivot": [-8, -3.5375, -7.875]
				},
				{
					"name": "group9",
					"parent": "lower",
					"pivot": [-1.10734, -3.14609, -11.17046]
				},
				{
					"name": "Trigger",
					"parent": "body",
					"pivot": [0, -1.35, -12]
				},
				{
					"name": "Barrel",
					"parent": "body2",
					"pivot": [0, -1.35, -12]
				},
				{
					"name": "GasBlock",
					"parent": "Barrel",
					"pivot": [0, -1.35, -12]
				},
				{
					"name": "octagon11",
					"parent": "GasBlock",
					"pivot": [0, -1.35, -12]
				},
				{
					"name": "octagon12",
					"parent": "GasBlock",
					"pivot": [0, -1.35, -12]
				},
				{
					"name": "octagon13",
					"parent": "GasBlock",
					"pivot": [0, -1.35, -12]
				},
				{
					"name": "octagon14",
					"parent": "Barrel",
					"pivot": [0, -1.35, -12]
				},
				{
					"name": "PullHandle",
					"parent": "body2",
					"pivot": [-8, 0.525, -1]
				},
				{
					"name": "group10",
					"parent": "PullHandle",
					"pivot": [-1.42682, 5.3375, -7.48479]
				},
				{
					"name": "handguard2",
					"parent": "body2",
					"pivot": [0, -1.35, -12]
				},
				{
					"name": "handguard_rail",
					"parent": "handguard2",
					"pivot": [0, -1.35, -12]
				},
				{
					"name": "handguard_rail2",
					"parent": "handguard_rail",
					"pivot": [0.09283, 1.01951, -19.59375]
				},
				{
					"name": "handguard_rail3",
					"parent": "handguard_rail",
					"pivot": [0.09283, 1.01951, -19.59375]
				},
				{
					"name": "handguard_rail4",
					"parent": "handguard_rail",
					"pivot": [0.09283, 1.01951, -19.59375]
				},
				{
					"name": "handguard",
					"parent": "handguard2",
					"pivot": [0, -1.35, -12]
				},
				{
					"name": "group12",
					"parent": "handguard",
					"pivot": [0, 10.34531, -13.3125]
				},
				{
					"name": "handstops",
					"parent": "hk416_a5_heavy_stock",
					"pivot": [0, -2.09404, -14.14294]
				},
				{
					"name": "silencer",
					"parent": "hk416_a5_heavy_stock",
					"pivot": [0, -1.35, -12]
				},
				{
					"name": "group13",
					"parent": "silencer",
					"pivot": [0, -3.85, -27.25]
				},
				{
					"name": "octagon15",
					"parent": "silencer",
					"pivot": [0, -1.35, -12]
				},
				{
					"name": "grip2",
					"parent": "hk416_a5_heavy_stock",
					"pivot": [-0.36601, -2.55138, -17.34375]
				},
				{
					"name": "foresightfold",
					"parent": "hk416_a5_heavy_stock",
					"pivot": [0.01831, 3.32148, -17.45705]
				},
				{
					"name": "light_stock",
					"parent": "hk416_a5_heavy_stock",
					"pivot": [0, -0.69375, 3.125]
				},
				{
					"name": "group14",
					"parent": "light_stock",
					"pivot": [0.01562, 3.85575, 4.71735]
				},
				{
					"name": "comp",
					"parent": "hk416_a5_heavy_stock",
					"pivot": [0, -1.85, -24.9375]
				},
				{
					"name": "group15",
					"parent": "comp",
					"pivot": [0, -1.85, -24.6875]
				},
				{
					"name": "defaultmuzzle",
					"parent": "hk416_a5_heavy_stock",
					"pivot": [0, -1.35, -12]
				},
				{
					"name": "brake",
					"parent": "hk416_a5_heavy_stock",
					"pivot": [0, -1.85, -24.9375]
				},
				{
					"name": "tacstock",
					"parent": "hk416_a5_heavy_stock",
					"pivot": [-0.125, -0.41894, 1.34387]
				},
				{
					"name": "clip",
					"parent": "tacstock",
					"pivot": [0, -1.05911, 2.32685]
				},
				{
					"name": "group16",
					"parent": "tacstock",
					"pivot": [0.31276, -4.65232, 7]
				},
				{
					"name": "octagon16",
					"parent": "tacstock",
					"pivot": [0, -1.35, -12]
				},
				{
					"name": "octagon17",
					"parent": "tacstock",
					"pivot": [0, -1.35, -12]
				},
				{
					"name": "heavy_stock",
					"parent": "hk416_a5_heavy_stock",
					"pivot": [-0.125, -0.41894, 1.34387],
					"cubes": [
						{
							"origin": [-0.31066, 0.4625, 0],
							"size": [0.62132, 0.4375, 7.5],
							"pivot": [0, 0.15, 7.25],
							"rotation": [0, 0, 45],
							"uv": {
								"north": {"uv": [24, 11], "uv_size": [0.5, 0.5]},
								"up": {"uv": [7, 10], "uv_size": [0.5, 7.5]},
								"down": {"uv": [8, 17.5], "uv_size": [0.5, -7.5]}
							}
						},
						{
							"origin": [-0.31066, 0.4625, 0],
							"size": [0.62132, 0.4375, 7.5],
							"uv": {
								"north": {"uv": [12, 24], "uv_size": [0.5, 0.5]},
								"up": {"uv": [9, 10], "uv_size": [0.5, 7.5]},
								"down": {"uv": [10, 17.5], "uv_size": [0.5, -7.5]}
							}
						},
						{
							"origin": [-0.75, -0.16066, 0],
							"size": [0.75, 0.62132, 7.5],
							"pivot": [0, 0.15, 7.25],
							"rotation": [0, 0, 45],
							"uv": {
								"north": {"uv": [23, 3], "uv_size": [1, 0.5]},
								"east": {"uv": [11, 4], "uv_size": [7.5, 0.5]},
								"up": {"uv": [4, 0], "uv_size": [1, 7.5]}
							}
						},
						{
							"origin": [-0.75, -0.16066, 0],
							"size": [1.5, 0.62132, 7.5],
							"uv": {
								"north": {"uv": [21, 6], "uv_size": [1.5, 0.5]},
								"east": {"uv": [11, 5], "uv_size": [7.5, 0.5]},
								"west": {"uv": [11, 6], "uv_size": [7.5, 0.5]},
								"up": {"uv": [0, 0], "uv_size": [1.5, 7.5]},
								"down": {"uv": [2, 7.5], "uv_size": [1.5, -7.5]}
							}
						},
						{
							"origin": [-0.57769, -1.08943, 0],
							"size": [0.5, 1.0625, 7.5],
							"pivot": [-0.32769, -0.52693, 7],
							"rotation": [0, 0, -22.5],
							"uv": {
								"north": {"uv": [6, 23], "uv_size": [0.5, 1]},
								"east": {"uv": [5, 0], "uv_size": [7.5, 1]},
								"south": {"uv": [23, 6], "uv_size": [0.5, 1]},
								"west": {"uv": [5, 1], "uv_size": [7.5, 1]}
							}
						},
						{
							"origin": [0.07769, -1.08943, 0],
							"size": [0.5, 1.0625, 7.5],
							"pivot": [0.32769, -0.52693, 7],
							"rotation": [0, 0, 22.5],
							"uv": {
								"north": {"uv": [7, 23], "uv_size": [0.5, 1]},
								"east": {"uv": [5, 2], "uv_size": [7.5, 1]},
								"south": {"uv": [23, 7], "uv_size": [0.5, 1]},
								"west": {"uv": [5, 3], "uv_size": [7.5, 1]}
							}
						},
						{
							"origin": [-0.3434, -1.14228, 0],
							"size": [0.6868, 0.24035, 7.5],
							"uv": {
								"north": {"uv": [24, 12], "uv_size": [0.5, 0.5]},
								"down": {"uv": [11, 14.5], "uv_size": [0.5, -7.5]}
							}
						},
						{
							"origin": [-0.3125, -2.33943, 1],
							"size": [0.625, 0.6875, 6.5],
							"uv": {
								"east": {"uv": [12, 9], "uv_size": [6.5, 0.5]},
								"west": {"uv": [12, 10], "uv_size": [6.5, 0.5]},
								"up": {"uv": [12, 11], "uv_size": [0.5, 6.5]},
								"down": {"uv": [4, 19.5], "uv_size": [0.5, -6.5]}
							}
						},
						{
							"origin": [-0.375, -1.65193, 6.6875],
							"size": [0.75, 0.6875, 0.8125],
							"uv": {
								"north": {"uv": [8, 23], "uv_size": [1, 0.5]},
								"east": {"uv": [23, 8], "uv_size": [1, 0.5]},
								"west": {"uv": [9, 23], "uv_size": [1, 0.5]}
							}
						},
						{
							"origin": [-0.375, -1.65193, 0.75],
							"size": [0.75, 0.6875, 3.875],
							"uv": {
								"east": {"uv": [16, 17], "uv_size": [4, 0.5]},
								"south": {"uv": [23, 9], "uv_size": [1, 0.5]},
								"west": {"uv": [7, 18], "uv_size": [4, 0.5]}
							}
						},
						{
							"origin": [-0.375, -2.30818, 0.8446],
							"size": [0.75, 1.4375, 0.3125],
							"pivot": [0, -1.93318, 1.00085],
							"rotation": [22.5, 0, 0],
							"uv": {
								"north": {"uv": [11, 15], "uv_size": [1, 1.5]},
								"east": {"uv": [15, 21], "uv_size": [0.5, 1.5]},
								"south": {"uv": [15, 19], "uv_size": [1, 1.5]},
								"west": {"uv": [16, 21], "uv_size": [0.5, 1.5]},
								"up": {"uv": [10, 23], "uv_size": [1, 0.5]}
							}
						},
						{
							"origin": [-0.25, -3.33943, 4.4375],
							"size": [0.5, 1, 3.0625],
							"uv": {
								"east": {"uv": [14, 11], "uv_size": [3, 1]},
								"west": {"uv": [14, 12], "uv_size": [3, 1]}
							}
						},
						{
							"origin": [-0.1875, -4.33943, 5.5],
							"size": [0.375, 1, 2],
							"uv": {
								"east": {"uv": [1, 18], "uv_size": [2, 1]},
								"west": {"uv": [11, 18], "uv_size": [2, 1]}
							}
						},
						{
							"origin": [-0.3125, -4.90193, 6],
							"size": [0.625, 0.4375, 1.5],
							"uv": {
								"down": {"uv": [21, 17.5], "uv_size": [0.5, -1.5]}
							}
						},
						{
							"origin": [-0.5, -3.93063, 0.03943],
							"size": [1, 0.1875, 6.07812],
							"pivot": [0, -4.05563, 5.41443],
							"rotation": [-45, 0, 0],
							"uv": {
								"north": {"uv": [23, 10], "uv_size": [1, 0.5]},
								"east": {"uv": [14, 13], "uv_size": [6, 0.5]},
								"west": {"uv": [14, 14], "uv_size": [6, 0.5]},
								"up": {"uv": [5, 4], "uv_size": [1, 6]},
								"down": {"uv": [6, 10], "uv_size": [1, -6]}
							}
						},
						{
							"origin": [-0.5, -3.74313, 0.22693],
							"size": [1, 0.1875, 6.07812],
							"pivot": [0, -4.05563, 5.41443],
							"rotation": [-45, 0, 0],
							"uv": {
								"north": {"uv": [11, 23], "uv_size": [1, 0.5]},
								"east": {"uv": [14, 15], "uv_size": [6, 0.5]},
								"west": {"uv": [16, 7], "uv_size": [6, 0.5]},
								"up": {"uv": [7, 4], "uv_size": [1, 6]}
							}
						},
						{
							"origin": [-0.5, -3.55563, 0.47693],
							"size": [1, 0.1875, 6.01562],
							"pivot": [0, -4.05563, 5.41443],
							"rotation": [-45, 0, 0],
							"uv": {
								"north": {"uv": [23, 11], "uv_size": [1, 0.5]},
								"east": {"uv": [16, 8], "uv_size": [6, 0.5]},
								"west": {"uv": [14, 16], "uv_size": [6, 0.5]},
								"up": {"uv": [0, 8], "uv_size": [1, 6]}
							}
						},
						{
							"origin": [-0.375, -1.27693, 4.625],
							"size": [0.75, 0.3125, 2.0625],
							"uv": {
								"east": {"uv": [20, 15], "uv_size": [2, 0.5]},
								"west": {"uv": [16, 20], "uv_size": [2, 0.5]},
								"down": {"uv": [3, 17], "uv_size": [1, -2]}
							}
						},
						{
							"origin": [-0.5, -4.46443, 6],
							"size": [1, 0.15625, 1.5],
							"uv": {
								"east": {"uv": [17, 21], "uv_size": [1.5, 0.5]},
								"south": {"uv": [12, 23], "uv_size": [1, 0.5]},
								"west": {"uv": [19, 21], "uv_size": [1.5, 0.5]}
							}
						},
						{
							"origin": [-0.41384, -4.8867, 6],
							"size": [0.22608, 0.47962, 1.5],
							"pivot": [-0.31276, -4.65232, 6.75],
							"rotation": [0, 0, -22.5],
							"uv": {
								"north": {"uv": [13, 24], "uv_size": [0.5, 0.5]},
								"east": {"uv": [21, 19], "uv_size": [1.5, 0.5]},
								"down": {"uv": [21, 22.5], "uv_size": [0.5, -1.5]}
							}
						},
						{
							"origin": [0.18776, -4.8867, 6],
							"size": [0.22608, 0.47962, 1.5],
							"pivot": [0.31276, -4.65232, 6.75],
							"rotation": [0, 0, 22.5],
							"uv": {
								"north": {"uv": [24, 13], "uv_size": [0.5, 0.5]},
								"west": {"uv": [0, 22], "uv_size": [1.5, 0.5]},
								"down": {"uv": [22, 1.5], "uv_size": [0.5, -1.5]}
							}
						},
						{
							"origin": [-0.4375, -2.40193, 0.8125],
							"size": [0.875, 0.1875, 3.1875],
							"uv": {
								"north": {"uv": [23, 13], "uv_size": [1, 0.5]},
								"east": {"uv": [19, 12], "uv_size": [3, 0.5]},
								"west": {"uv": [16, 19], "uv_size": [3, 0.5]},
								"up": {"uv": [1, 15], "uv_size": [1, 3]},
								"down": {"uv": [2, 18], "uv_size": [1, -3]}
							}
						},
						{
							"origin": [-0.33192, -1.8685, 1],
							"size": [0.125, 0.25, 6.5],
							"pivot": [-0.26942, -1.7435, 4.25],
							"rotation": [0, 0, -22.5],
							"uv": {
								"north": {"uv": [10, 25], "uv_size": [0.5, 0.5]},
								"east": {"uv": [13, 0], "uv_size": [6.5, 0.5]},
								"south": {"uv": [25, 10], "uv_size": [0.5, 0.5]},
								"west": {"uv": [13, 1], "uv_size": [6.5, 0.5]},
								"up": {"uv": [13, 11], "uv_size": [0.5, 6.5]}
							}
						},
						{
							"origin": [-0.47979, -2.49839, 4.25],
							"size": [0.125, 0.25, 3.25],
							"pivot": [-0.16729, -1.87339, 4.25],
							"rotation": [0, 0, -22.5],
							"uv": {
								"north": {"uv": [11, 25], "uv_size": [0.5, 0.5]},
								"east": {"uv": [9, 19], "uv_size": [3.5, 0.5]},
								"south": {"uv": [25, 11], "uv_size": [0.5, 0.5]},
								"west": {"uv": [19, 9], "uv_size": [3.5, 0.5]},
								"down": {"uv": [3, 20.5], "uv_size": [0.5, -3.5]}
							}
						},
						{
							"origin": [-0.70431, -3.55548, 5.25],
							"size": [0.125, 0.25, 2.25],
							"pivot": [-0.39181, -2.18048, 4.25],
							"rotation": [0, 0, -22.5],
							"uv": {
								"north": {"uv": [12, 25], "uv_size": [0.5, 0.5]},
								"east": {"uv": [5, 20], "uv_size": [2.5, 0.5]},
								"south": {"uv": [25, 12], "uv_size": [0.5, 0.5]},
								"west": {"uv": [8, 20], "uv_size": [2.5, 0.5]},
								"down": {"uv": [11, 22.5], "uv_size": [0.5, -2.5]}
							}
						},
						{
							"origin": [0.35479, -2.49839, 4.25],
							"size": [0.125, 0.25, 3.25],
							"pivot": [0.16729, -1.87339, 4.25],
							"rotation": [0, 0, 22.5],
							"uv": {
								"north": {"uv": [13, 25], "uv_size": [0.5, 0.5]},
								"east": {"uv": [19, 10], "uv_size": [3.5, 0.5]},
								"south": {"uv": [25, 13], "uv_size": [0.5, 0.5]},
								"west": {"uv": [19, 11], "uv_size": [3.5, 0.5]},
								"down": {"uv": [13, 21.5], "uv_size": [0.5, -3.5]}
							}
						},
						{
							"origin": [0.20692, -1.8685, 1],
							"size": [0.125, 0.25, 6.5],
							"pivot": [0.26942, -1.7435, 4.25],
							"rotation": [0, 0, 22.5],
							"uv": {
								"north": {"uv": [14, 25], "uv_size": [0.5, 0.5]},
								"east": {"uv": [13, 2], "uv_size": [6.5, 0.5]},
								"south": {"uv": [25, 14], "uv_size": [0.5, 0.5]},
								"west": {"uv": [13, 3], "uv_size": [6.5, 0.5]},
								"up": {"uv": [0, 14], "uv_size": [0.5, 6.5]}
							}
						},
						{
							"origin": [0.57931, -3.55548, 5.25],
							"size": [0.125, 0.25, 2.25],
							"pivot": [0.39181, -2.18048, 4.25],
							"rotation": [0, 0, 22.5],
							"uv": {
								"north": {"uv": [15, 25], "uv_size": [0.5, 0.5]},
								"east": {"uv": [20, 13], "uv_size": [2.5, 0.5]},
								"south": {"uv": [25, 15], "uv_size": [0.5, 0.5]},
								"west": {"uv": [20, 14], "uv_size": [2.5, 0.5]},
								"down": {"uv": [12, 22.5], "uv_size": [0.5, -2.5]}
							}
						},
						{
							"origin": [-0.475, -4.43389, 6],
							"size": [0.47962, 0.22609, 1.5],
							"pivot": [-0.23519, -4.32084, 6.75],
							"rotation": [0, 0, -22.5],
							"uv": {
								"north": {"uv": [16, 25], "uv_size": [0.5, 0.5]},
								"east": {"uv": [18, 22], "uv_size": [1.5, 0.5]},
								"south": {"uv": [25, 16], "uv_size": [0.5, 0.5]},
								"up": {"uv": [20, 22], "uv_size": [0.5, 1.5]}
							}
						},
						{
							"origin": [-0.00462, -4.43389, 6],
							"size": [0.47962, 0.22609, 1.5],
							"pivot": [0.23519, -4.32084, 6.75],
							"rotation": [0, 0, 22.5],
							"uv": {
								"north": {"uv": [17, 25], "uv_size": [0.5, 0.5]},
								"south": {"uv": [25, 17], "uv_size": [0.5, 0.5]},
								"west": {"uv": [22, 18], "uv_size": [1.5, 0.5]},
								"up": {"uv": [22, 20], "uv_size": [0.5, 1.5]}
							}
						},
						{
							"origin": [-0.3125, -4.55877, 2.74967],
							"size": [0.625, 0.75, 3.70313],
							"pivot": [0, -4.18377, 5.81217],
							"rotation": [-45, 0, 0],
							"uv": {
								"east": {"uv": [12, 7], "uv_size": [3.5, 1]},
								"west": {"uv": [12, 8], "uv_size": [3.5, 1]},
								"down": {"uv": [14, 22.5], "uv_size": [0.5, -3.5]}
							}
						},
						{
							"origin": [-0.25, -2.5375, 2],
							"size": [0.5, 0.75, 0.5],
							"uv": {
								"north": {"uv": [24, 9], "uv_size": [0.5, 1]},
								"east": {"uv": [10, 24], "uv_size": [0.5, 1]},
								"south": {"uv": [24, 10], "uv_size": [0.5, 1]},
								"west": {"uv": [11, 24], "uv_size": [0.5, 1]},
								"down": {"uv": [23, 25.5], "uv_size": [0.5, -0.5]}
							}
						}
					]
				},
				{
					"name": "group17",
					"parent": "heavy_stock",
					"pivot": [-0.31276, -11.65232, 7.25],
					"cubes": [
						{
							"origin": [-0.75, -0.16066, 7.5],
							"size": [0.75, 0.62132, 0.75],
							"pivot": [0, 0.15, 8.25],
							"rotation": [0, 0, 45],
							"uv": {
								"east": {"uv": [14, 23], "uv_size": [1, 0.5]},
								"south": {"uv": [23, 14], "uv_size": [1, 0.5]},
								"up": {"uv": [11, 17], "uv_size": [1, 1]}
							}
						},
						{
							"origin": [-0.31066, 0.4625, 7.5],
							"size": [0.62132, 0.4375, 0.75],
							"uv": {
								"south": {"uv": [14, 24], "uv_size": [0.5, 0.5]},
								"up": {"uv": [15, 23], "uv_size": [0.5, 1]},
								"down": {"uv": [23, 16], "uv_size": [0.5, -1]}
							}
						},
						{
							"origin": [-0.31066, 0.4625, 7.5],
							"size": [0.62132, 0.4375, 0.75],
							"pivot": [0, 0.15, 8.25],
							"rotation": [0, 0, 45],
							"uv": {
								"south": {"uv": [24, 14], "uv_size": [0.5, 0.5]},
								"up": {"uv": [16, 23], "uv_size": [0.5, 1]},
								"down": {"uv": [23, 17], "uv_size": [0.5, -1]}
							}
						},
						{
							"origin": [-0.75, -0.41066, 7.5],
							"size": [1.5, 0.87132, 0.75],
							"uv": {
								"north": {"uv": [19, 19], "uv_size": [1.5, 1]},
								"east": {"uv": [20, 16], "uv_size": [1, 1]},
								"south": {"uv": [20, 0], "uv_size": [1.5, 1]},
								"west": {"uv": [20, 17], "uv_size": [1, 1]},
								"up": {"uv": [1, 20], "uv_size": [1.5, 1]},
								"down": {"uv": [20, 2], "uv_size": [1.5, -1]}
							}
						},
						{
							"origin": [-0.6875, -1.66066, 7.5],
							"size": [1.375, 1.25, 0.625],
							"uv": {
								"north": {"uv": [5, 15], "uv_size": [1.5, 1.5]},
								"east": {"uv": [22, 2], "uv_size": [0.5, 1.5]},
								"south": {"uv": [5, 17], "uv_size": [1.5, 1.5]},
								"west": {"uv": [4, 22], "uv_size": [0.5, 1.5]},
								"down": {"uv": [22, 4.5], "uv_size": [1.5, -0.5]}
							}
						},
						{
							"origin": [-0.625, -2.91066, 7.5],
							"size": [1.25, 1.25, 0.5],
							"uv": {
								"north": {"uv": [17, 11], "uv_size": [1.5, 1.5]},
								"east": {"uv": [22, 7], "uv_size": [0.5, 1.5]},
								"south": {"uv": [14, 17], "uv_size": [1.5, 1.5]},
								"west": {"uv": [13, 22], "uv_size": [0.5, 1.5]},
								"down": {"uv": [22, 5.5], "uv_size": [1.5, -0.5]}
							}
						},
						{
							"origin": [-0.5625, -4.31691, 7.5],
							"size": [1.125, 1.40625, 0.375],
							"uv": {
								"north": {"uv": [20, 2], "uv_size": [1, 1.5]},
								"east": {"uv": [22, 15], "uv_size": [0.5, 1.5]},
								"south": {"uv": [4, 20], "uv_size": [1, 1.5]},
								"west": {"uv": [17, 22], "uv_size": [0.5, 1.5]},
								"down": {"uv": [18, 23.5], "uv_size": [1, -0.5]}
							}
						},
						{
							"origin": [-0.62552, -0.72394, 7.5],
							"size": [0.25, 0.4375, 0.625],
							"pivot": [-0.37552, -0.66144, 7.875],
							"rotation": [0, 0, -22.5],
							"uv": {
								"north": {"uv": [15, 24], "uv_size": [0.5, 0.5]},
								"east": {"uv": [24, 15], "uv_size": [0.5, 0.5]},
								"south": {"uv": [16, 24], "uv_size": [0.5, 0.5]}
							}
						},
						{
							"origin": [-0.63914, -1.59126, 7.5],
							"size": [0.25, 0.4375, 0.5],
							"pivot": [0.61086, -1.52876, 7.875],
							"rotation": [0, 0, -22.5],
							"uv": {
								"north": {"uv": [24, 16], "uv_size": [0.5, 0.5]},
								"east": {"uv": [17, 24], "uv_size": [0.5, 0.5]},
								"south": {"uv": [24, 17], "uv_size": [0.5, 0.5]}
							}
						},
						{
							"origin": [-0.6147, -2.64992, 7.5],
							"size": [0.25, 0.4375, 0.375],
							"pivot": [1.1353, -2.58742, 7.875],
							"rotation": [0, 0, -22.5],
							"uv": {
								"north": {"uv": [18, 24], "uv_size": [0.5, 0.5]},
								"east": {"uv": [24, 18], "uv_size": [0.5, 0.5]},
								"south": {"uv": [19, 24], "uv_size": [0.5, 0.5]}
							}
						},
						{
							"origin": [0.38914, -1.59126, 7.5],
							"size": [0.25, 0.4375, 0.5],
							"pivot": [-0.61086, -1.52876, 7.875],
							"rotation": [0, 0, 22.5],
							"uv": {
								"north": {"uv": [24, 19], "uv_size": [0.5, 0.5]},
								"south": {"uv": [20, 24], "uv_size": [0.5, 0.5]},
								"west": {"uv": [24, 20], "uv_size": [0.5, 0.5]}
							}
						},
						{
							"origin": [0.37552, -0.72394, 7.5],
							"size": [0.25, 0.4375, 0.625],
							"pivot": [0.37552, -0.66144, 7.875],
							"rotation": [0, 0, 22.5],
							"uv": {
								"north": {"uv": [21, 24], "uv_size": [0.5, 0.5]},
								"south": {"uv": [24, 21], "uv_size": [0.5, 0.5]},
								"west": {"uv": [22, 24], "uv_size": [0.5, 0.5]}
							}
						},
						{
							"origin": [0.3647, -2.64992, 7.5],
							"size": [0.25, 0.4375, 0.375],
							"pivot": [-1.1353, -2.58742, 7.875],
							"rotation": [0, 0, 22.5],
							"uv": {
								"north": {"uv": [24, 22], "uv_size": [0.5, 0.5]},
								"south": {"uv": [23, 24], "uv_size": [0.5, 0.5]},
								"west": {"uv": [24, 23], "uv_size": [0.5, 0.5]}
							}
						},
						{
							"origin": [-0.42188, -4.55731, 7.5251],
							"size": [0.84375, 0.37162, 0.18479],
							"pivot": [0.03125, -4.66633, 7.4626],
							"rotation": [-22.5, 0, 0],
							"uv": {
								"north": {"uv": [19, 23], "uv_size": [1, 0.5]},
								"east": {"uv": [24, 24], "uv_size": [0.5, 0.5]},
								"south": {"uv": [23, 19], "uv_size": [1, 0.5]},
								"west": {"uv": [0, 25], "uv_size": [0.5, 0.5]},
								"down": {"uv": [23, 20.5], "uv_size": [1, -0.5]}
							}
						},
						{
							"origin": [-0.5625, -3.07118, 7.17174],
							"size": [1.125, 0.375, 0.125],
							"pivot": [-0.125, -4.57118, 7.10924],
							"rotation": [-22.5, 0, 0],
							"uv": {
								"east": {"uv": [25, 0], "uv_size": [0.5, 0.5]},
								"south": {"uv": [21, 23], "uv_size": [1, 0.5]},
								"west": {"uv": [1, 25], "uv_size": [0.5, 0.5]}
							}
						},
						{
							"origin": [-0.625, -1.74506, 6.91406],
							"size": [1.25, 0.375, 0.125],
							"pivot": [-0.125, -4.24506, 6.85156],
							"rotation": [-22.5, 0, 0],
							"uv": {
								"east": {"uv": [25, 1], "uv_size": [0.5, 0.5]},
								"south": {"uv": [22, 12], "uv_size": [1.5, 0.5]},
								"west": {"uv": [2, 25], "uv_size": [0.5, 0.5]}
							}
						},
						{
							"origin": [-0.6875, -0.41894, 6.65637],
							"size": [1.375, 0.375, 0.125],
							"pivot": [-0.125, -3.91894, 6.59387],
							"rotation": [-22.5, 0, 0],
							"uv": {
								"east": {"uv": [25, 2], "uv_size": [0.5, 0.5]},
								"south": {"uv": [22, 17], "uv_size": [1.5, 0.5]},
								"west": {"uv": [3, 25], "uv_size": [0.5, 0.5]}
							}
						},
						{
							"origin": [0.18776, -4.8867, 7.5],
							"size": [0.22737, 0.63983, 0.25],
							"pivot": [0.31276, -4.65232, 7],
							"rotation": [0, 0, 22.5],
							"uv": {
								"north": {"uv": [25, 3], "uv_size": [0.5, 0.5]},
								"east": {"uv": [4, 25], "uv_size": [0.5, 0.5]},
								"south": {"uv": [25, 4], "uv_size": [0.5, 0.5]},
								"west": {"uv": [5, 25], "uv_size": [0.5, 0.5]},
								"down": {"uv": [25, 5.5], "uv_size": [0.5, -0.5]}
							}
						},
						{
							"origin": [-0.3125, -4.90193, 7.5],
							"size": [0.625, 0.4375, 0.25],
							"uv": {
								"south": {"uv": [6, 25], "uv_size": [0.5, 0.5]},
								"up": {"uv": [25, 6], "uv_size": [0.5, 0.5]},
								"down": {"uv": [7, 25.5], "uv_size": [0.5, -0.5]}
							}
						},
						{
							"origin": [-0.41513, -4.8867, 7.5],
							"size": [0.22737, 0.63983, 0.25],
							"pivot": [-0.31276, -4.65232, 7],
							"rotation": [0, 0, -22.5],
							"uv": {
								"north": {"uv": [25, 7], "uv_size": [0.5, 0.5]},
								"east": {"uv": [8, 25], "uv_size": [0.5, 0.5]},
								"south": {"uv": [25, 8], "uv_size": [0.5, 0.5]},
								"west": {"uv": [9, 25], "uv_size": [0.5, 0.5]},
								"down": {"uv": [25, 9.5], "uv_size": [0.5, -0.5]}
							}
						}
					]
				},
				{
					"name": "cheek",
					"parent": "heavy_stock",
					"pivot": [0, -1.35, -12]
				},
				{
					"name": "knob",
					"parent": "cheek",
					"pivot": [0, -1.35, -12],
					"cubes": [
						{
							"origin": [-1.25, -1.30711, 4],
							"size": [0.25, 0.41422, 1],
							"pivot": [0, -1.1, 4.5],
							"rotation": [-45, 0, 0],
							"uv": {
								"north": {"uv": [18, 25], "uv_size": [0.5, 0.5]},
								"east": {"uv": [23, 21], "uv_size": [1, 0.5]},
								"south": {"uv": [25, 18], "uv_size": [0.5, 0.5]},
								"west": {"uv": [22, 23], "uv_size": [1, 0.5]}
							}
						},
						{
							"origin": [-1.25, -1.30711, 4],
							"size": [0.25, 0.41422, 1],
							"uv": {
								"north": {"uv": [19, 25], "uv_size": [0.5, 0.5]},
								"east": {"uv": [23, 23], "uv_size": [1, 0.5]},
								"south": {"uv": [25, 19], "uv_size": [0.5, 0.5]}
							}
						},
						{
							"origin": [-1.25, -1.6, 4.29289],
							"size": [0.25, 1, 0.41422],
							"pivot": [0, -1.1, 4.5],
							"rotation": [-45, 0, 0],
							"uv": {
								"east": {"uv": [0, 24], "uv_size": [0.5, 1]},
								"west": {"uv": [24, 0], "uv_size": [0.5, 1]},
								"up": {"uv": [20, 25], "uv_size": [0.5, 0.5]},
								"down": {"uv": [25, 20.5], "uv_size": [0.5, -0.5]}
							}
						},
						{
							"origin": [-1.25, -1.6, 4.29289],
							"size": [0.25, 1, 0.41422],
							"uv": {
								"east": {"uv": [1, 24], "uv_size": [0.5, 1]},
								"up": {"uv": [21, 25], "uv_size": [0.5, 0.5]},
								"down": {"uv": [25, 21.5], "uv_size": [0.5, -0.5]}
							}
						},
						{
							"origin": [-1, -1.35, 4.25],
							"size": [2.125, 0.5, 0.5],
							"pivot": [0, -1.1, 4.5],
							"rotation": [45, 0, 0],
							"uv": {
								"north": {"uv": [18, 20], "uv_size": [2, 0.5]},
								"east": {"uv": [22, 25], "uv_size": [0.5, 0.5]},
								"south": {"uv": [20, 18], "uv_size": [2, 0.5]},
								"west": {"uv": [25, 22], "uv_size": [0.5, 0.5]},
								"up": {"uv": [20, 20], "uv_size": [2, 0.5]},
								"down": {"uv": [0, 21.5], "uv_size": [2, -0.5]}
							}
						}
					]
				},
				{
					"name": "group18",
					"parent": "cheek",
					"pivot": [-1.0625, -6.9125, 0.5],
					"cubes": [
						{
							"origin": [0.20267, 0.83306, 1.75],
							"size": [0.79549, 0.25, 4.5],
							"pivot": [0.70267, 0.95806, 4.5],
							"rotation": [0, 0, 45],
							"uv": {
								"north": {"uv": [24, 1], "uv_size": [1, 0.5]},
								"south": {"uv": [2, 24], "uv_size": [1, 0.5]},
								"up": {"uv": [4, 8], "uv_size": [1, 4.5]},
								"down": {"uv": [1, 14.5], "uv_size": [1, -4.5]}
							}
						},
						{
							"origin": [-0.4375, 1.15, 1.75],
							"size": [0.875, 0.25, 4.5],
							"uv": {
								"north": {"uv": [3, 24], "uv_size": [1, 0.5]},
								"south": {"uv": [24, 3], "uv_size": [1, 0.5]},
								"up": {"uv": [2, 10], "uv_size": [1, 4.5]},
								"down": {"uv": [3, 14.5], "uv_size": [1, -4.5]}
							}
						},
						{
							"origin": [-0.99816, 0.83306, 1.75],
							"size": [0.79549, 0.25, 4.5],
							"pivot": [-0.70267, 0.95806, 4.5],
							"rotation": [0, 0, -45],
							"uv": {
								"north": {"uv": [4, 24], "uv_size": [1, 0.5]},
								"south": {"uv": [24, 4], "uv_size": [1, 0.5]},
								"up": {"uv": [5, 10], "uv_size": [1, 4.5]},
								"down": {"uv": [6, 14.5], "uv_size": [1, -4.5]}
							}
						},
						{
							"origin": [-1, -0.9125, 3.5],
							"size": [0.25, 1.75, 2.75],
							"uv": {
								"east": {"uv": [1, 8], "uv_size": [3, 2]},
								"south": {"uv": [2, 21], "uv_size": [0.5, 2]},
								"west": {"uv": [8, 4], "uv_size": [3, 2]}
							}
						},
						{
							"origin": [0.75, -1.6625, 3.5],
							"size": [0.25, 0.75, 2],
							"uv": {
								"east": {"uv": [16, 18], "uv_size": [2, 1]},
								"west": {"uv": [18, 18], "uv_size": [2, 1]},
								"down": {"uv": [21, 4], "uv_size": [0.5, -2]}
							}
						},
						{
							"origin": [0.75, -0.9125, 3.5],
							"size": [0.25, 1.75, 2.75],
							"uv": {
								"east": {"uv": [8, 6], "uv_size": [3, 2]},
								"south": {"uv": [3, 21], "uv_size": [0.5, 2]},
								"west": {"uv": [8, 8], "uv_size": [3, 2]}
							}
						},
						{
							"origin": [-1, -1.6625, 3.5],
							"size": [0.25, 0.75, 2],
							"uv": {
								"east": {"uv": [1, 19], "uv_size": [2, 1]},
								"west": {"uv": [19, 4], "uv_size": [2, 1]},
								"down": {"uv": [21, 6], "uv_size": [0.5, -2]}
							}
						},
						{
							"origin": [-0.9999, -1.55926, 3.26861],
							"size": [0.2498, 1.81046, 0.7498],
							"pivot": [0, -1.02903, 3.64351],
							"rotation": [22.5, 0, 0],
							"uv": {
								"north": {"uv": [5, 21], "uv_size": [0.5, 2]},
								"east": {"uv": [6, 21], "uv_size": [0.5, 2]},
								"west": {"uv": [7, 21], "uv_size": [0.5, 2]}
							}
						},
						{
							"origin": [0.75, 0.0875, 1.75],
							"size": [0.25, 0.75, 1.75],
							"uv": {
								"north": {"uv": [24, 5], "uv_size": [0.5, 1]},
								"east": {"uv": [5, 19], "uv_size": [2, 1]},
								"west": {"uv": [19, 5], "uv_size": [2, 1]}
							}
						},
						{
							"origin": [0.751, -1.55836, 3.26951],
							"size": [0.248, 1.80866, 0.748],
							"pivot": [0, -1.02903, 3.64351],
							"rotation": [22.5, 0, 0],
							"uv": {
								"north": {"uv": [8, 21], "uv_size": [0.5, 2]},
								"east": {"uv": [9, 21], "uv_size": [0.5, 2]},
								"west": {"uv": [10, 21], "uv_size": [0.5, 2]}
							}
						},
						{
							"origin": [0.7501, -1.06513, 4.94204],
							"size": [0.2498, 0.7498, 1.06046],
							"pivot": [0.875, -0.69023, 5.94194],
							"rotation": [45, 0, 0],
							"uv": {
								"east": {"uv": [6, 24], "uv_size": [1, 0.5]},
								"west": {"uv": [24, 6], "uv_size": [1, 0.5]},
								"down": {"uv": [7, 25], "uv_size": [0.5, -1]}
							}
						},
						{
							"origin": [0.751, -0.14299, 1.85414],
							"size": [0.248, 0.748, 1.55866],
							"pivot": [0, 0.23101, 2.38347],
							"rotation": [-22.5, 0, 0],
							"uv": {
								"east": {"uv": [22, 22], "uv_size": [1.5, 0.5]},
								"west": {"uv": [0, 23], "uv_size": [1.5, 0.5]},
								"down": {"uv": [23, 1.5], "uv_size": [0.5, -1.5]}
							}
						},
						{
							"origin": [-0.9999, -0.14389, 1.85324],
							"size": [0.2498, 0.7498, 1.56046],
							"pivot": [0, 0.23101, 2.38347],
							"rotation": [-22.5, 0, 0],
							"uv": {
								"east": {"uv": [2, 23], "uv_size": [1.5, 0.5]},
								"west": {"uv": [23, 2], "uv_size": [1.5, 0.5]},
								"down": {"uv": [5, 24.5], "uv_size": [0.5, -1.5]}
							}
						},
						{
							"origin": [-1, -1.06523, 4.94194],
							"size": [0.25, 0.5625, 1.06066],
							"pivot": [-0.875, -0.69023, 5.94194],
							"rotation": [45, 0, 0],
							"uv": {
								"east": {"uv": [24, 7], "uv_size": [1, 0.5]},
								"west": {"uv": [8, 24], "uv_size": [1, 0.5]},
								"down": {"uv": [24, 9], "uv_size": [0.5, -1]}
							}
						},
						{
							"origin": [-1, 0.0875, 1.75],
							"size": [0.25, 0.75, 1.75],
							"uv": {
								"north": {"uv": [9, 24], "uv_size": [0.5, 1]},
								"east": {"uv": [19, 6], "uv_size": [2, 1]},
								"west": {"uv": [7, 19], "uv_size": [2, 1]}
							}
						}
					]
				},
				{
					"name": "mb",
					"parent": "hk416_a5_heavy_stock",
					"pivot": [0, -1.35, -12]
				},
				{
					"name": "magazine",
					"parent": "mb",
					"pivot": [3.0625, -5.57677, -15.98397]
				},
				{
					"name": "extdmb",
					"parent": "hk416_a5_heavy_stock",
					"pivot": [0, -1.35, -12]
				},
				{
					"name": "extend_magazine",
					"parent": "extdmb",
					"pivot": [0, -5.57677, -15.98397]
				},
				{
					"name": "556x45",
					"parent": "hk416_a5_heavy_stock",
					"pivot": [8, -9.35, -20]
				},
				{
					"name": "bolt",
					"parent": "hk416_a5_heavy_stock",
					"pivot": [0, -1.35, -12]
				},
				{
					"name": "sights",
					"parent": "hk416_a5_heavy_stock",
					"pivot": [0, -1.35, -12]
				},
				{
					"name": "rear_sight2",
					"parent": "sights",
					"pivot": [0.5, -9.35, -20]
				},
				{
					"name": "group",
					"parent": "rear_sight2",
					"pivot": [0.5, -9.35, -20.25]
				},
				{
					"name": "rearsight",
					"parent": "rear_sight2",
					"pivot": [0, -1.35, -12]
				},
				{
					"name": "octagon18",
					"parent": "rearsight",
					"pivot": [0, -1.35, -12]
				},
				{
					"name": "octagon",
					"parent": "rear_sight2",
					"pivot": [0, -1.35, -12]
				},
				{
					"name": "foresight",
					"parent": "sights",
					"pivot": [0.01831, 3.32148, -17.45705]
				}
			]
		}
	]
}