{
	"format_version": "1.12.0",
	"minecraft:geometry": [
		{
			"description": {
				"identifier": "geometry.scar_mk20 - Converted",
				"texture_width": 128,
				"texture_height": 64,
				"visible_bounds_width": 14,
				"visible_bounds_height": 9,
				"visible_bounds_offset": [0, 0.5, 0]
			},
			"bones": [
				{
					"name": "scope_body",
					"pivot": [0.625, -3.2625, 6.8761],
					"cubes": [
						{
							"origin": [0.625, -3.2625, 6.8761],
							"size": [0, 0, 0],
							"uv": {
								"east": {"uv": [0, 0], "uv_size": [0, 0]},
								"west": {"uv": [0, 0], "uv_size": [0, 0]},
								"up": {"uv": [0, 0], "uv_size": [0, 0]}
							}
						}
					]
				},
				{
					"name": "ocular_ring",
					"pivot": [0, -0.5, -3]
				},
				{
					"name": "right_part",
					"parent": "ocular_ring",
					"pivot": [0, -3.25, -3]
				},
				{
					"name": "mid2",
					"parent": "right_part",
					"pivot": [-0.85, 2, 5],
					"cubes": [
						{
							"origin": [-1.15, 1.4, -4],
							"size": [0.15, 0.3, 9],
							"uv": {
								"north": {"uv": [10, 36], "uv_size": [0.5, 0.5]},
								"east": {"uv": [0, 4], "uv_size": [9, 0.5]},
								"south": {"uv": [36, 10], "uv_size": [0.5, 0.5]},
								"west": {"uv": [0, 5], "uv_size": [9, 0.5]},
								"up": {"uv": [0, 6], "uv_size": [0.5, 9]},
								"down": {"uv": [1, 15], "uv_size": [0.5, -9]}
							}
						},
						{
							"origin": [-1.15, 0.4, -4],
							"size": [0.15, 0.45, 9],
							"uv": {
								"north": {"uv": [11, 36], "uv_size": [0.5, 0.5]},
								"east": {"uv": [2, 6], "uv_size": [9, 0.5]},
								"south": {"uv": [36, 11], "uv_size": [0.5, 0.5]},
								"west": {"uv": [2, 7], "uv_size": [9, 0.5]},
								"up": {"uv": [2, 8], "uv_size": [0.5, 9]},
								"down": {"uv": [3, 17], "uv_size": [0.5, -9]}
							}
						},
						{
							"origin": [-1.15, 0.85, -4],
							"size": [0.15, 0.55, 8.05],
							"uv": {
								"north": {"uv": [12, 36], "uv_size": [0.5, 0.5]},
								"east": {"uv": [26, 14], "uv_size": [8, 0.5]},
								"south": {"uv": [36, 12], "uv_size": [0.5, 0.5]},
								"west": {"uv": [26, 25], "uv_size": [8, 0.5]},
								"up": {"uv": [18, 26], "uv_size": [0.5, 8]},
								"down": {"uv": [26, 34], "uv_size": [0.5, -8]}
							}
						},
						{
							"origin": [-1.15, 0.85, 4.05],
							"size": [0.1, 0.55, 0.95],
							"uv": {
								"north": {"uv": [13, 36], "uv_size": [0.5, 0.5]},
								"east": {"uv": [23, 32], "uv_size": [1, 0.5]},
								"south": {"uv": [36, 13], "uv_size": [0.5, 0.5]},
								"west": {"uv": [32, 26], "uv_size": [1, 0.5]},
								"up": {"uv": [27, 32], "uv_size": [0.5, 1]},
								"down": {"uv": [32, 28], "uv_size": [0.5, -1]}
							}
						},
						{
							"origin": [-1.15, 0.4, 5],
							"size": [0.15, 0.2, 0.1],
							"uv": {
								"north": {"uv": [14, 36], "uv_size": [0.5, 0.5]},
								"east": {"uv": [36, 14], "uv_size": [0.5, 0.5]},
								"south": {"uv": [15, 36], "uv_size": [0.5, 0.5]},
								"west": {"uv": [36, 15], "uv_size": [0.5, 0.5]},
								"up": {"uv": [16, 36], "uv_size": [0.5, 0.5]},
								"down": {"uv": [36, 16.5], "uv_size": [0.5, -0.5]}
							}
						},
						{
							"origin": [-1.0848, 0.25693, -4],
							"size": [0.0848, 0.14307, 9.1],
							"uv": {
								"north": {"uv": [17, 36], "uv_size": [0.5, 0.5]},
								"east": {"uv": [4, 8], "uv_size": [9, 0.5]},
								"south": {"uv": [36, 17], "uv_size": [0.5, 0.5]},
								"west": {"uv": [9, 0], "uv_size": [9, 0.5]},
								"up": {"uv": [4, 9], "uv_size": [0.5, 9]},
								"down": {"uv": [5, 18], "uv_size": [0.5, -9]}
							}
						},
						{
							"origin": [-1.08329, 0.25, -4],
							"size": [0.08329, 0.15723, 9.1],
							"pivot": [-1.1, 0.25, 5],
							"rotation": [0, 0, -24.5],
							"uv": {
								"north": {"uv": [18, 36], "uv_size": [0.5, 0.5]},
								"east": {"uv": [9, 1], "uv_size": [9, 0.5]},
								"south": {"uv": [36, 18], "uv_size": [0.5, 0.5]},
								"west": {"uv": [9, 2], "uv_size": [9, 0.5]},
								"up": {"uv": [6, 9], "uv_size": [0.5, 9]},
								"down": {"uv": [7, 18], "uv_size": [0.5, -9]}
							}
						},
						{
							"origin": [-1.1, 1.7, -4],
							"size": [0.05, 0.3, 9],
							"uv": {
								"north": {"uv": [19, 36], "uv_size": [0.5, 0.5]},
								"east": {"uv": [9, 3], "uv_size": [9, 0.5]},
								"south": {"uv": [36, 19], "uv_size": [0.5, 0.5]},
								"west": {"uv": [9, 4], "uv_size": [9, 0.5]},
								"up": {"uv": [8, 9], "uv_size": [0.5, 9]},
								"down": {"uv": [9, 18], "uv_size": [0.5, -9]}
							}
						},
						{
							"origin": [-1.15, 1.7, -4],
							"size": [0.05, 0.15, 9],
							"uv": {
								"north": {"uv": [20, 36], "uv_size": [0.5, 0.5]},
								"east": {"uv": [9, 5], "uv_size": [9, 0.5]},
								"south": {"uv": [36, 20], "uv_size": [0.5, 0.5]},
								"west": {"uv": [10, 9], "uv_size": [9, 0.5]},
								"up": {"uv": [10, 10], "uv_size": [0.5, 9]},
								"down": {"uv": [11, 19], "uv_size": [0.5, -9]}
							}
						}
					]
				},
				{
					"name": "bone_illuminated",
					"parent": "mid2",
					"pivot": [-1.1, 0.25, 5],
					"cubes": [
						{
							"origin": [-1.12, 0.4, 5.1],
							"size": [0.0303, 0.15, 0.03],
							"uv": {
								"north": {"uv": [21, 36], "uv_size": [0.5, 0.5]},
								"east": {"uv": [36, 21], "uv_size": [0.5, 0.5]},
								"south": {"uv": [22, 36], "uv_size": [0.5, 0.5]},
								"west": {"uv": [36, 22], "uv_size": [0.5, 0.5]},
								"up": {"uv": [23, 36], "uv_size": [0.5, 0.5]},
								"down": {"uv": [36, 23.5], "uv_size": [0.5, -0.5]}
							}
						},
						{
							"origin": [-1.12421, 1.88755, 5],
							"size": [0.03329, 0.11, 0.03],
							"pivot": [-1.09345, 1.88407, 5.015],
							"rotation": [0, 0, 24.5],
							"uv": {
								"north": {"uv": [24, 36], "uv_size": [0.5, 0.5]},
								"east": {"uv": [36, 24], "uv_size": [0.5, 0.5]},
								"south": {"uv": [25, 36], "uv_size": [0.5, 0.5]},
								"west": {"uv": [36, 25], "uv_size": [0.5, 0.5]},
								"up": {"uv": [26, 36], "uv_size": [0.5, 0.5]},
								"down": {"uv": [36, 26.5], "uv_size": [0.5, -0.5]}
							}
						},
						{
							"origin": [-1.12, 1.7, 5],
							"size": [0.0303, 0.2, 0.03],
							"uv": {
								"north": {"uv": [27, 36], "uv_size": [0.5, 0.5]},
								"east": {"uv": [36, 27], "uv_size": [0.5, 0.5]},
								"south": {"uv": [28, 36], "uv_size": [0.5, 0.5]},
								"west": {"uv": [36, 28], "uv_size": [0.5, 0.5]},
								"up": {"uv": [29, 36], "uv_size": [0.5, 0.5]},
								"down": {"uv": [36, 29.5], "uv_size": [0.5, -0.5]}
							}
						},
						{
							"origin": [-1.05214, 0.29748, 5.1],
							"size": [0.03329, 0.11, 0.03],
							"pivot": [-1.06885, 0.24748, 5],
							"rotation": [0, 0, -24.5],
							"uv": {
								"north": {"uv": [30, 36], "uv_size": [0.5, 0.5]},
								"east": {"uv": [36, 30], "uv_size": [0.5, 0.5]},
								"south": {"uv": [31, 36], "uv_size": [0.5, 0.5]},
								"west": {"uv": [36, 31], "uv_size": [0.5, 0.5]},
								"up": {"uv": [32, 36], "uv_size": [0.5, 0.5]},
								"down": {"uv": [36, 32.5], "uv_size": [0.5, -0.5]}
							}
						}
					]
				},
				{
					"name": "outside2",
					"parent": "right_part",
					"pivot": [-0.85, 1.75, 12],
					"cubes": [
						{
							"origin": [-1.10339, 1.69313, -4],
							"size": [0.05339, 0.30687, 9],
							"pivot": [-1.1, 2, 5],
							"rotation": [0, 0, 17.5],
							"uv": {
								"north": {"uv": [33, 36], "uv_size": [0.5, 0.5]},
								"east": {"uv": [11, 6], "uv_size": [9, 0.5]},
								"south": {"uv": [36, 33], "uv_size": [0.5, 0.5]},
								"west": {"uv": [11, 7], "uv_size": [9, 0.5]},
								"up": {"uv": [12, 10], "uv_size": [0.5, 9]},
								"down": {"uv": [13, 19], "uv_size": [0.5, -9]}
							}
						},
						{
							"origin": [-1.19551, 0.85, -4],
							"size": [0.04551, 0.85836, 9],
							"uv": {
								"north": {"uv": [28, 32], "uv_size": [0.5, 1]},
								"east": {"uv": [0, 0], "uv_size": [9, 1]},
								"south": {"uv": [32, 28], "uv_size": [0.5, 1]},
								"west": {"uv": [0, 1], "uv_size": [9, 1]},
								"up": {"uv": [14, 10], "uv_size": [0.5, 9]},
								"down": {"uv": [0, 24], "uv_size": [0.5, -9]}
							}
						}
					]
				},
				{
					"name": "bone8",
					"parent": "outside2",
					"pivot": [-0.85, 2, 5],
					"cubes": [
						{
							"origin": [-1.19551, 0.68571, -3.04043],
							"size": [0.04551, 0.25, 0.45],
							"pivot": [-1.17275, 0.88571, -2.81543],
							"rotation": [-30, 0, 0],
							"uv": {
								"north": {"uv": [34, 36], "uv_size": [0.5, 0.5]},
								"east": {"uv": [36, 34], "uv_size": [0.5, 0.5]},
								"south": {"uv": [35, 36], "uv_size": [0.5, 0.5]},
								"west": {"uv": [36, 35], "uv_size": [0.5, 0.5]},
								"up": {"uv": [36, 36], "uv_size": [0.5, 0.5]},
								"down": {"uv": [0, 37.5], "uv_size": [0.5, -0.5]}
							}
						},
						{
							"origin": [-1.19551, 0.6, 1.71769],
							"size": [0.04551, 0.25, 0.7],
							"uv": {
								"north": {"uv": [37, 0], "uv_size": [0.5, 0.5]},
								"east": {"uv": [1, 37], "uv_size": [0.5, 0.5]},
								"south": {"uv": [37, 1], "uv_size": [0.5, 0.5]},
								"west": {"uv": [2, 37], "uv_size": [0.5, 0.5]},
								"up": {"uv": [37, 2], "uv_size": [0.5, 0.5]},
								"down": {"uv": [3, 37.5], "uv_size": [0.5, -0.5]}
							}
						},
						{
							"origin": [-1.19551, 0.6, 2.41769],
							"size": [0.04551, 0.25, 0.5],
							"pivot": [-1.19551, 0.6, 2.41769],
							"rotation": [30, 0, 0],
							"uv": {
								"north": {"uv": [37, 3], "uv_size": [0.5, 0.5]},
								"east": {"uv": [4, 37], "uv_size": [0.5, 0.5]},
								"south": {"uv": [37, 4], "uv_size": [0.5, 0.5]},
								"west": {"uv": [5, 37], "uv_size": [0.5, 0.5]},
								"up": {"uv": [37, 5], "uv_size": [0.5, 0.5]},
								"down": {"uv": [6, 37.5], "uv_size": [0.5, -0.5]}
							}
						},
						{
							"origin": [-1.19551, 0.68571, 4.35668],
							"size": [0.04551, 0.25, 0.45],
							"pivot": [-1.17275, 0.88571, 4.58168],
							"rotation": [-30, 0, 0],
							"uv": {
								"north": {"uv": [37, 6], "uv_size": [0.5, 0.5]},
								"east": {"uv": [7, 37], "uv_size": [0.5, 0.5]},
								"south": {"uv": [37, 7], "uv_size": [0.5, 0.5]},
								"west": {"uv": [8, 37], "uv_size": [0.5, 0.5]},
								"up": {"uv": [37, 8], "uv_size": [0.5, 0.5]},
								"down": {"uv": [9, 37.5], "uv_size": [0.5, -0.5]}
							}
						},
						{
							"origin": [-1.19551, 0.6, 3.89711],
							"size": [0.04551, 0.25, 0.5],
							"pivot": [-1.19551, 0.6, 3.89711],
							"rotation": [30, 0, 0],
							"uv": {
								"north": {"uv": [37, 9], "uv_size": [0.5, 0.5]},
								"east": {"uv": [10, 37], "uv_size": [0.5, 0.5]},
								"south": {"uv": [37, 10], "uv_size": [0.5, 0.5]},
								"west": {"uv": [11, 37], "uv_size": [0.5, 0.5]},
								"up": {"uv": [37, 11], "uv_size": [0.5, 0.5]},
								"down": {"uv": [12, 37.5], "uv_size": [0.5, -0.5]}
							}
						},
						{
							"origin": [-1.19551, 0.6, 3.19711],
							"size": [0.04551, 0.25, 0.7],
							"uv": {
								"north": {"uv": [37, 12], "uv_size": [0.5, 0.5]},
								"east": {"uv": [13, 37], "uv_size": [0.5, 0.5]},
								"south": {"uv": [37, 13], "uv_size": [0.5, 0.5]},
								"west": {"uv": [14, 37], "uv_size": [0.5, 0.5]},
								"up": {"uv": [37, 14], "uv_size": [0.5, 0.5]},
								"down": {"uv": [15, 37.5], "uv_size": [0.5, -0.5]}
							}
						},
						{
							"origin": [-1.19551, 0.6, 4.67654],
							"size": [0.04551, 0.25, 0.32346],
							"uv": {
								"north": {"uv": [37, 15], "uv_size": [0.5, 0.5]},
								"east": {"uv": [16, 37], "uv_size": [0.5, 0.5]},
								"south": {"uv": [37, 16], "uv_size": [0.5, 0.5]},
								"west": {"uv": [17, 37], "uv_size": [0.5, 0.5]},
								"up": {"uv": [37, 17], "uv_size": [0.5, 0.5]},
								"down": {"uv": [18, 37.5], "uv_size": [0.5, -0.5]}
							}
						},
						{
							"origin": [-1.19551, 0.68571, 2.87726],
							"size": [0.04551, 0.25, 0.45],
							"pivot": [-1.17275, 0.88571, 3.10226],
							"rotation": [-30, 0, 0],
							"uv": {
								"north": {"uv": [37, 18], "uv_size": [0.5, 0.5]},
								"east": {"uv": [19, 37], "uv_size": [0.5, 0.5]},
								"south": {"uv": [37, 19], "uv_size": [0.5, 0.5]},
								"west": {"uv": [20, 37], "uv_size": [0.5, 0.5]},
								"up": {"uv": [37, 20], "uv_size": [0.5, 0.5]},
								"down": {"uv": [21, 37.5], "uv_size": [0.5, -0.5]}
							}
						},
						{
							"origin": [-1.19551, 0.6, -1.24115],
							"size": [0.04551, 0.25, 0.7],
							"uv": {
								"north": {"uv": [37, 21], "uv_size": [0.5, 0.5]},
								"east": {"uv": [22, 37], "uv_size": [0.5, 0.5]},
								"south": {"uv": [37, 22], "uv_size": [0.5, 0.5]},
								"west": {"uv": [23, 37], "uv_size": [0.5, 0.5]},
								"up": {"uv": [37, 23], "uv_size": [0.5, 0.5]},
								"down": {"uv": [24, 37.5], "uv_size": [0.5, -0.5]}
							}
						},
						{
							"origin": [-1.19551, 0.6, -0.54115],
							"size": [0.04551, 0.25, 0.5],
							"pivot": [-1.19551, 0.6, -0.54115],
							"rotation": [30, 0, 0],
							"uv": {
								"north": {"uv": [37, 24], "uv_size": [0.5, 0.5]},
								"east": {"uv": [25, 37], "uv_size": [0.5, 0.5]},
								"south": {"uv": [37, 25], "uv_size": [0.5, 0.5]},
								"west": {"uv": [26, 37], "uv_size": [0.5, 0.5]},
								"up": {"uv": [37, 26], "uv_size": [0.5, 0.5]},
								"down": {"uv": [27, 37.5], "uv_size": [0.5, -0.5]}
							}
						},
						{
							"origin": [-1.19551, 0.68571, 1.39784],
							"size": [0.04551, 0.25, 0.45],
							"pivot": [-1.17275, 0.88571, 1.62284],
							"rotation": [-30, 0, 0],
							"uv": {
								"north": {"uv": [37, 27], "uv_size": [0.5, 0.5]},
								"east": {"uv": [28, 37], "uv_size": [0.5, 0.5]},
								"south": {"uv": [37, 28], "uv_size": [0.5, 0.5]},
								"west": {"uv": [29, 37], "uv_size": [0.5, 0.5]},
								"up": {"uv": [37, 29], "uv_size": [0.5, 0.5]},
								"down": {"uv": [30, 37.5], "uv_size": [0.5, -0.5]}
							}
						},
						{
							"origin": [-1.19551, 0.6, 0.93827],
							"size": [0.04551, 0.25, 0.5],
							"pivot": [-1.19551, 0.6, 0.93827],
							"rotation": [30, 0, 0],
							"uv": {
								"north": {"uv": [37, 30], "uv_size": [0.5, 0.5]},
								"east": {"uv": [31, 37], "uv_size": [0.5, 0.5]},
								"south": {"uv": [37, 31], "uv_size": [0.5, 0.5]},
								"west": {"uv": [32, 37], "uv_size": [0.5, 0.5]},
								"up": {"uv": [37, 32], "uv_size": [0.5, 0.5]},
								"down": {"uv": [33, 37.5], "uv_size": [0.5, -0.5]}
							}
						},
						{
							"origin": [-1.19551, 0.6, 0.23827],
							"size": [0.04551, 0.25, 0.7],
							"uv": {
								"north": {"uv": [37, 33], "uv_size": [0.5, 0.5]},
								"east": {"uv": [34, 37], "uv_size": [0.5, 0.5]},
								"south": {"uv": [37, 34], "uv_size": [0.5, 0.5]},
								"west": {"uv": [35, 37], "uv_size": [0.5, 0.5]},
								"up": {"uv": [37, 35], "uv_size": [0.5, 0.5]},
								"down": {"uv": [36, 37.5], "uv_size": [0.5, -0.5]}
							}
						},
						{
							"origin": [-1.19551, 0.68571, -0.08159],
							"size": [0.04551, 0.25, 0.45],
							"pivot": [-1.17275, 0.88571, 0.14341],
							"rotation": [-30, 0, 0],
							"uv": {
								"north": {"uv": [37, 36], "uv_size": [0.5, 0.5]},
								"east": {"uv": [37, 37], "uv_size": [0.5, 0.5]},
								"south": {"uv": [0, 38], "uv_size": [0.5, 0.5]},
								"west": {"uv": [38, 0], "uv_size": [0.5, 0.5]},
								"up": {"uv": [1, 38], "uv_size": [0.5, 0.5]},
								"down": {"uv": [38, 1.5], "uv_size": [0.5, -0.5]}
							}
						},
						{
							"origin": [-1.19551, 0.6, -2.72058],
							"size": [0.04551, 0.25, 0.7],
							"uv": {
								"north": {"uv": [2, 38], "uv_size": [0.5, 0.5]},
								"east": {"uv": [38, 2], "uv_size": [0.5, 0.5]},
								"south": {"uv": [3, 38], "uv_size": [0.5, 0.5]},
								"west": {"uv": [38, 3], "uv_size": [0.5, 0.5]},
								"up": {"uv": [4, 38], "uv_size": [0.5, 0.5]},
								"down": {"uv": [38, 4.5], "uv_size": [0.5, -0.5]}
							}
						},
						{
							"origin": [-1.19551, 0.6, -2.02058],
							"size": [0.04551, 0.25, 0.5],
							"pivot": [-1.19551, 0.6, -2.02058],
							"rotation": [30, 0, 0],
							"uv": {
								"north": {"uv": [5, 38], "uv_size": [0.5, 0.5]},
								"east": {"uv": [38, 5], "uv_size": [0.5, 0.5]},
								"south": {"uv": [6, 38], "uv_size": [0.5, 0.5]},
								"west": {"uv": [38, 6], "uv_size": [0.5, 0.5]},
								"up": {"uv": [7, 38], "uv_size": [0.5, 0.5]},
								"down": {"uv": [38, 7.5], "uv_size": [0.5, -0.5]}
							}
						},
						{
							"origin": [-1.19551, 0.68571, -1.56101],
							"size": [0.04551, 0.25, 0.45],
							"pivot": [-1.17275, 0.88571, -1.33601],
							"rotation": [-30, 0, 0],
							"uv": {
								"north": {"uv": [8, 38], "uv_size": [0.5, 0.5]},
								"east": {"uv": [38, 8], "uv_size": [0.5, 0.5]},
								"south": {"uv": [9, 38], "uv_size": [0.5, 0.5]},
								"west": {"uv": [38, 9], "uv_size": [0.5, 0.5]},
								"up": {"uv": [10, 38], "uv_size": [0.5, 0.5]},
								"down": {"uv": [38, 10.5], "uv_size": [0.5, -0.5]}
							}
						},
						{
							"origin": [-1.19551, 0.6, -3.5],
							"size": [0.04551, 0.25, 0.5],
							"pivot": [-1.19551, 0.6, -3.5],
							"rotation": [30, 0, 0],
							"uv": {
								"north": {"uv": [11, 38], "uv_size": [0.5, 0.5]},
								"east": {"uv": [38, 11], "uv_size": [0.5, 0.5]},
								"south": {"uv": [12, 38], "uv_size": [0.5, 0.5]},
								"west": {"uv": [38, 12], "uv_size": [0.5, 0.5]},
								"up": {"uv": [13, 38], "uv_size": [0.5, 0.5]},
								"down": {"uv": [38, 13.5], "uv_size": [0.5, -0.5]}
							}
						},
						{
							"origin": [-1.19551, 0.6, -4],
							"size": [0.04551, 0.25, 0.5],
							"uv": {
								"north": {"uv": [14, 38], "uv_size": [0.5, 0.5]},
								"east": {"uv": [38, 14], "uv_size": [0.5, 0.5]},
								"south": {"uv": [15, 38], "uv_size": [0.5, 0.5]},
								"west": {"uv": [38, 15], "uv_size": [0.5, 0.5]},
								"up": {"uv": [16, 38], "uv_size": [0.5, 0.5]},
								"down": {"uv": [38, 16.5], "uv_size": [0.5, -0.5]}
							}
						}
					]
				},
				{
					"name": "stripe2",
					"parent": "outside2",
					"pivot": [-0.85, 1.75, 12],
					"cubes": [
						{
							"origin": [-1.24551, 0.85, -3.15],
							"size": [0.04551, 0.75, 0.1],
							"uv": {
								"north": {"uv": [29, 32], "uv_size": [0.5, 1]},
								"east": {"uv": [32, 29], "uv_size": [0.5, 1]},
								"south": {"uv": [30, 32], "uv_size": [0.5, 1]},
								"west": {"uv": [32, 30], "uv_size": [0.5, 1]},
								"up": {"uv": [17, 38], "uv_size": [0.5, 0.5]},
								"down": {"uv": [38, 17.5], "uv_size": [0.5, -0.5]}
							}
						},
						{
							"origin": [-1.24551, 0.85, -1.65],
							"size": [0.04551, 0.75, 0.1],
							"uv": {
								"north": {"uv": [31, 32], "uv_size": [0.5, 1]},
								"east": {"uv": [32, 31], "uv_size": [0.5, 1]},
								"south": {"uv": [32, 32], "uv_size": [0.5, 1]},
								"west": {"uv": [0, 33], "uv_size": [0.5, 1]},
								"up": {"uv": [18, 38], "uv_size": [0.5, 0.5]},
								"down": {"uv": [38, 18.5], "uv_size": [0.5, -0.5]}
							}
						},
						{
							"origin": [-1.24551, 0.85, 1.25],
							"size": [0.04551, 0.75, 0.1],
							"uv": {
								"north": {"uv": [1, 33], "uv_size": [0.5, 1]},
								"east": {"uv": [33, 6], "uv_size": [0.5, 1]},
								"south": {"uv": [33, 7], "uv_size": [0.5, 1]},
								"west": {"uv": [33, 8], "uv_size": [0.5, 1]},
								"up": {"uv": [19, 38], "uv_size": [0.5, 0.5]},
								"down": {"uv": [38, 19.5], "uv_size": [0.5, -0.5]}
							}
						},
						{
							"origin": [-1.24551, 0.85, 4.2],
							"size": [0.04551, 0.75, 0.1],
							"uv": {
								"north": {"uv": [33, 10], "uv_size": [0.5, 1]},
								"east": {"uv": [14, 33], "uv_size": [0.5, 1]},
								"south": {"uv": [15, 33], "uv_size": [0.5, 1]},
								"west": {"uv": [33, 15], "uv_size": [0.5, 1]},
								"up": {"uv": [20, 38], "uv_size": [0.5, 0.5]},
								"down": {"uv": [38, 20.5], "uv_size": [0.5, -0.5]}
							}
						},
						{
							"origin": [-1.24551, 0.85, 2.75],
							"size": [0.04551, 0.75, 0.1],
							"uv": {
								"north": {"uv": [16, 33], "uv_size": [0.5, 1]},
								"east": {"uv": [33, 16], "uv_size": [0.5, 1]},
								"south": {"uv": [17, 33], "uv_size": [0.5, 1]},
								"west": {"uv": [19, 33], "uv_size": [0.5, 1]},
								"up": {"uv": [21, 38], "uv_size": [0.5, 0.5]},
								"down": {"uv": [38, 21.5], "uv_size": [0.5, -0.5]}
							}
						},
						{
							"origin": [-1.24551, 0.85, -0.2],
							"size": [0.04551, 0.75, 0.1],
							"uv": {
								"north": {"uv": [20, 33], "uv_size": [0.5, 1]},
								"east": {"uv": [33, 20], "uv_size": [0.5, 1]},
								"south": {"uv": [21, 33], "uv_size": [0.5, 1]},
								"west": {"uv": [33, 21], "uv_size": [0.5, 1]},
								"up": {"uv": [22, 38], "uv_size": [0.5, 0.5]},
								"down": {"uv": [38, 22.5], "uv_size": [0.5, -0.5]}
							}
						}
					]
				},
				{
					"name": "inside_of_the_scope2",
					"parent": "right_part",
					"pivot": [-0.97503, 1.54457, 0.5],
					"rotation": [0, -180, 0]
				},
				{
					"name": "stripe_inside2",
					"parent": "inside_of_the_scope2",
					"pivot": [-0.75, 0.55, 5]
				},
				{
					"name": "point_right_illuminated",
					"parent": "stripe_inside2",
					"pivot": [-0.75, 1.2, 8.7],
					"cubes": [
						{
							"origin": [-1.05, 1.4, -2.8],
							"size": [0.05, 0.05, 0.05],
							"uv": {
								"north": {"uv": [23, 38], "uv_size": [0.5, 0.5]},
								"east": {"uv": [38, 23], "uv_size": [0.5, 0.5]},
								"south": {"uv": [24, 38], "uv_size": [0.5, 0.5]},
								"west": {"uv": [38, 24], "uv_size": [0.5, 0.5]},
								"up": {"uv": [25, 38], "uv_size": [0.5, 0.5]},
								"down": {"uv": [38, 25.5], "uv_size": [0.5, -0.5]}
							}
						},
						{
							"origin": [-1.05, 1.4, -2.1],
							"size": [0.05, 0.05, 0.05],
							"uv": {
								"north": {"uv": [26, 38], "uv_size": [0.5, 0.5]},
								"east": {"uv": [38, 26], "uv_size": [0.5, 0.5]},
								"south": {"uv": [27, 38], "uv_size": [0.5, 0.5]},
								"west": {"uv": [38, 27], "uv_size": [0.5, 0.5]},
								"up": {"uv": [28, 38], "uv_size": [0.5, 0.5]},
								"down": {"uv": [38, 28.5], "uv_size": [0.5, -0.5]}
							}
						},
						{
							"origin": [-1.05, 1.4, -1.4],
							"size": [0.05, 0.05, 0.05],
							"uv": {
								"north": {"uv": [29, 38], "uv_size": [0.5, 0.5]},
								"east": {"uv": [38, 29], "uv_size": [0.5, 0.5]},
								"south": {"uv": [30, 38], "uv_size": [0.5, 0.5]},
								"west": {"uv": [38, 30], "uv_size": [0.5, 0.5]},
								"up": {"uv": [31, 38], "uv_size": [0.5, 0.5]},
								"down": {"uv": [38, 31.5], "uv_size": [0.5, -0.5]}
							}
						},
						{
							"origin": [-1.05, 1.4, 0],
							"size": [0.05, 0.05, 0.05],
							"uv": {
								"north": {"uv": [32, 38], "uv_size": [0.5, 0.5]},
								"east": {"uv": [38, 32], "uv_size": [0.5, 0.5]},
								"south": {"uv": [33, 38], "uv_size": [0.5, 0.5]},
								"west": {"uv": [38, 33], "uv_size": [0.5, 0.5]},
								"up": {"uv": [34, 38], "uv_size": [0.5, 0.5]},
								"down": {"uv": [38, 34.5], "uv_size": [0.5, -0.5]}
							}
						},
						{
							"origin": [-1.05, 1.4, -0.7],
							"size": [0.05, 0.05, 0.05],
							"uv": {
								"north": {"uv": [35, 38], "uv_size": [0.5, 0.5]},
								"east": {"uv": [38, 35], "uv_size": [0.5, 0.5]},
								"south": {"uv": [36, 38], "uv_size": [0.5, 0.5]},
								"west": {"uv": [38, 36], "uv_size": [0.5, 0.5]},
								"up": {"uv": [37, 38], "uv_size": [0.5, 0.5]},
								"down": {"uv": [38, 37.5], "uv_size": [0.5, -0.5]}
							}
						},
						{
							"origin": [-1.05, 1.4, 0.7],
							"size": [0.05, 0.05, 0.05],
							"uv": {
								"north": {"uv": [38, 38], "uv_size": [0.5, 0.5]},
								"east": {"uv": [0, 39], "uv_size": [0.5, 0.5]},
								"south": {"uv": [39, 0], "uv_size": [0.5, 0.5]},
								"west": {"uv": [1, 39], "uv_size": [0.5, 0.5]},
								"up": {"uv": [39, 1], "uv_size": [0.5, 0.5]},
								"down": {"uv": [2, 39.5], "uv_size": [0.5, -0.5]}
							}
						},
						{
							"origin": [-1.05, 0.75, 0.7],
							"size": [0.05, 0.05, 0.05],
							"uv": {
								"north": {"uv": [39, 2], "uv_size": [0.5, 0.5]},
								"east": {"uv": [3, 39], "uv_size": [0.5, 0.5]},
								"south": {"uv": [39, 3], "uv_size": [0.5, 0.5]},
								"west": {"uv": [4, 39], "uv_size": [0.5, 0.5]},
								"up": {"uv": [39, 4], "uv_size": [0.5, 0.5]},
								"down": {"uv": [5, 39.5], "uv_size": [0.5, -0.5]}
							}
						},
						{
							"origin": [-1.05, 0.75, 0],
							"size": [0.05, 0.05, 0.05],
							"uv": {
								"north": {"uv": [39, 5], "uv_size": [0.5, 0.5]},
								"east": {"uv": [6, 39], "uv_size": [0.5, 0.5]},
								"south": {"uv": [39, 6], "uv_size": [0.5, 0.5]},
								"west": {"uv": [7, 39], "uv_size": [0.5, 0.5]},
								"up": {"uv": [39, 7], "uv_size": [0.5, 0.5]},
								"down": {"uv": [8, 39.5], "uv_size": [0.5, -0.5]}
							}
						},
						{
							"origin": [-1.05, 0.75, -0.7],
							"size": [0.05, 0.05, 0.05],
							"uv": {
								"north": {"uv": [39, 8], "uv_size": [0.5, 0.5]},
								"east": {"uv": [9, 39], "uv_size": [0.5, 0.5]},
								"south": {"uv": [39, 9], "uv_size": [0.5, 0.5]},
								"west": {"uv": [10, 39], "uv_size": [0.5, 0.5]},
								"up": {"uv": [39, 10], "uv_size": [0.5, 0.5]},
								"down": {"uv": [11, 39.5], "uv_size": [0.5, -0.5]}
							}
						},
						{
							"origin": [-1.05, 0.75, -1.4],
							"size": [0.05, 0.05, 0.05],
							"uv": {
								"north": {"uv": [39, 11], "uv_size": [0.5, 0.5]},
								"east": {"uv": [12, 39], "uv_size": [0.5, 0.5]},
								"south": {"uv": [39, 12], "uv_size": [0.5, 0.5]},
								"west": {"uv": [13, 39], "uv_size": [0.5, 0.5]},
								"up": {"uv": [39, 13], "uv_size": [0.5, 0.5]},
								"down": {"uv": [14, 39.5], "uv_size": [0.5, -0.5]}
							}
						},
						{
							"origin": [-1.05, 0.75, -2.1],
							"size": [0.05, 0.05, 0.05],
							"uv": {
								"north": {"uv": [39, 14], "uv_size": [0.5, 0.5]},
								"east": {"uv": [15, 39], "uv_size": [0.5, 0.5]},
								"south": {"uv": [39, 15], "uv_size": [0.5, 0.5]},
								"west": {"uv": [16, 39], "uv_size": [0.5, 0.5]},
								"up": {"uv": [39, 16], "uv_size": [0.5, 0.5]},
								"down": {"uv": [17, 39.5], "uv_size": [0.5, -0.5]}
							}
						},
						{
							"origin": [-1.05, 0.75, -2.8],
							"size": [0.05, 0.05, 0.05],
							"uv": {
								"north": {"uv": [39, 17], "uv_size": [0.5, 0.5]},
								"east": {"uv": [18, 39], "uv_size": [0.5, 0.5]},
								"south": {"uv": [39, 18], "uv_size": [0.5, 0.5]},
								"west": {"uv": [19, 39], "uv_size": [0.5, 0.5]},
								"up": {"uv": [39, 19], "uv_size": [0.5, 0.5]},
								"down": {"uv": [20, 39.5], "uv_size": [0.5, -0.5]}
							}
						}
					]
				},
				{
					"name": "stripe_main_right",
					"parent": "stripe_inside2",
					"pivot": [-1.025, 1.1, 1.075],
					"cubes": [
						{
							"origin": [-1.05, 0.85, -2.8],
							"size": [0.05, 0.5, 0.05],
							"uv": {
								"north": {"uv": [39, 20], "uv_size": [0.5, 0.5]},
								"east": {"uv": [21, 39], "uv_size": [0.5, 0.5]},
								"south": {"uv": [39, 21], "uv_size": [0.5, 0.5]},
								"west": {"uv": [22, 39], "uv_size": [0.5, 0.5]},
								"up": {"uv": [39, 22], "uv_size": [0.5, 0.5]},
								"down": {"uv": [23, 39.5], "uv_size": [0.5, -0.5]}
							}
						},
						{
							"origin": [-1.05, 0.85, -2.1],
							"size": [0.05, 0.5, 0.05],
							"uv": {
								"north": {"uv": [39, 23], "uv_size": [0.5, 0.5]},
								"east": {"uv": [24, 39], "uv_size": [0.5, 0.5]},
								"south": {"uv": [39, 24], "uv_size": [0.5, 0.5]},
								"west": {"uv": [25, 39], "uv_size": [0.5, 0.5]},
								"up": {"uv": [39, 25], "uv_size": [0.5, 0.5]},
								"down": {"uv": [26, 39.5], "uv_size": [0.5, -0.5]}
							}
						},
						{
							"origin": [-1.05, 0.75, -2.45],
							"size": [0.05, 0.7, 0.05],
							"pivot": [-1.025, 1.1, -2.425],
							"rotation": [45, 0, 0],
							"uv": {
								"north": {"uv": [39, 26], "uv_size": [0.5, 0.5]},
								"east": {"uv": [27, 39], "uv_size": [0.5, 0.5]},
								"south": {"uv": [39, 27], "uv_size": [0.5, 0.5]},
								"west": {"uv": [28, 39], "uv_size": [0.5, 0.5]},
								"up": {"uv": [39, 28], "uv_size": [0.5, 0.5]},
								"down": {"uv": [29, 39.5], "uv_size": [0.5, -0.5]}
							}
						},
						{
							"origin": [-1.05, 0.75, -1.75],
							"size": [0.05, 0.7, 0.05],
							"pivot": [-1.025, 1.1, -1.725],
							"rotation": [-45, 0, 0],
							"uv": {
								"north": {"uv": [39, 29], "uv_size": [0.5, 0.5]},
								"east": {"uv": [30, 39], "uv_size": [0.5, 0.5]},
								"south": {"uv": [39, 30], "uv_size": [0.5, 0.5]},
								"west": {"uv": [31, 39], "uv_size": [0.5, 0.5]},
								"up": {"uv": [39, 31], "uv_size": [0.5, 0.5]},
								"down": {"uv": [32, 39.5], "uv_size": [0.5, -0.5]}
							}
						},
						{
							"origin": [-1.05, 0.85, -0.7],
							"size": [0.05, 0.5, 0.05],
							"uv": {
								"north": {"uv": [39, 32], "uv_size": [0.5, 0.5]},
								"east": {"uv": [33, 39], "uv_size": [0.5, 0.5]},
								"south": {"uv": [39, 33], "uv_size": [0.5, 0.5]},
								"west": {"uv": [34, 39], "uv_size": [0.5, 0.5]},
								"up": {"uv": [39, 34], "uv_size": [0.5, 0.5]},
								"down": {"uv": [35, 39.5], "uv_size": [0.5, -0.5]}
							}
						},
						{
							"origin": [-1.05, 0.75, -1.05],
							"size": [0.05, 0.7, 0.05],
							"pivot": [-1.025, 1.1, -1.025],
							"rotation": [45, 0, 0],
							"uv": {
								"north": {"uv": [39, 35], "uv_size": [0.5, 0.5]},
								"east": {"uv": [36, 39], "uv_size": [0.5, 0.5]},
								"south": {"uv": [39, 36], "uv_size": [0.5, 0.5]},
								"west": {"uv": [37, 39], "uv_size": [0.5, 0.5]},
								"up": {"uv": [39, 37], "uv_size": [0.5, 0.5]},
								"down": {"uv": [38, 39.5], "uv_size": [0.5, -0.5]}
							}
						},
						{
							"origin": [-1.05, 0.85, -1.4],
							"size": [0.05, 0.5, 0.05],
							"uv": {
								"north": {"uv": [39, 38], "uv_size": [0.5, 0.5]},
								"east": {"uv": [39, 39], "uv_size": [0.5, 0.5]},
								"south": {"uv": [0, 40], "uv_size": [0.5, 0.5]},
								"west": {"uv": [40, 0], "uv_size": [0.5, 0.5]},
								"up": {"uv": [1, 40], "uv_size": [0.5, 0.5]},
								"down": {"uv": [40, 1.5], "uv_size": [0.5, -0.5]}
							}
						},
						{
							"origin": [-1.05, 0.75, -0.35],
							"size": [0.05, 0.7, 0.05],
							"pivot": [-1.025, 1.1, -0.325],
							"rotation": [-45, 0, 0],
							"uv": {
								"north": {"uv": [2, 40], "uv_size": [0.5, 0.5]},
								"east": {"uv": [40, 2], "uv_size": [0.5, 0.5]},
								"south": {"uv": [3, 40], "uv_size": [0.5, 0.5]},
								"west": {"uv": [40, 3], "uv_size": [0.5, 0.5]},
								"up": {"uv": [4, 40], "uv_size": [0.5, 0.5]},
								"down": {"uv": [40, 4.5], "uv_size": [0.5, -0.5]}
							}
						},
						{
							"origin": [-1.05, 0.85, 0.7],
							"size": [0.05, 0.5, 0.05],
							"uv": {
								"north": {"uv": [5, 40], "uv_size": [0.5, 0.5]},
								"east": {"uv": [40, 5], "uv_size": [0.5, 0.5]},
								"south": {"uv": [6, 40], "uv_size": [0.5, 0.5]},
								"west": {"uv": [40, 6], "uv_size": [0.5, 0.5]},
								"up": {"uv": [7, 40], "uv_size": [0.5, 0.5]},
								"down": {"uv": [40, 7.5], "uv_size": [0.5, -0.5]}
							}
						},
						{
							"origin": [-1.05, 0.35, 1.4],
							"size": [0.2, 1.05, 3.55],
							"uv": {
								"north": {"uv": [22, 33], "uv_size": [0.5, 1]},
								"east": {"uv": [27, 15], "uv_size": [3.5, 1]},
								"south": {"uv": [33, 22], "uv_size": [0.5, 1]},
								"west": {"uv": [27, 16], "uv_size": [3.5, 1]},
								"up": {"uv": [14, 28], "uv_size": [0.5, 3.5]},
								"down": {"uv": [27, 31.5], "uv_size": [0.5, -3.5]}
							}
						},
						{
							"origin": [-1.05, 0.75, 0.35],
							"size": [0.05, 0.7, 0.05],
							"pivot": [-1.025, 1.1, 0.375],
							"rotation": [45, 0, 0],
							"uv": {
								"north": {"uv": [8, 40], "uv_size": [0.5, 0.5]},
								"east": {"uv": [40, 8], "uv_size": [0.5, 0.5]},
								"south": {"uv": [9, 40], "uv_size": [0.5, 0.5]},
								"west": {"uv": [40, 9], "uv_size": [0.5, 0.5]},
								"up": {"uv": [10, 40], "uv_size": [0.5, 0.5]},
								"down": {"uv": [40, 10.5], "uv_size": [0.5, -0.5]}
							}
						},
						{
							"origin": [-1.05, 0.85, 0],
							"size": [0.05, 0.5, 0.05],
							"uv": {
								"north": {"uv": [11, 40], "uv_size": [0.5, 0.5]},
								"east": {"uv": [40, 11], "uv_size": [0.5, 0.5]},
								"south": {"uv": [12, 40], "uv_size": [0.5, 0.5]},
								"west": {"uv": [40, 12], "uv_size": [0.5, 0.5]},
								"up": {"uv": [13, 40], "uv_size": [0.5, 0.5]},
								"down": {"uv": [40, 13.5], "uv_size": [0.5, -0.5]}
							}
						},
						{
							"origin": [-1.05, 0.75, 1.05],
							"size": [0.05, 0.7, 0.05],
							"pivot": [-1.025, 1.1, 1.075],
							"rotation": [-45, 0, 0],
							"uv": {
								"north": {"uv": [14, 40], "uv_size": [0.5, 0.5]},
								"east": {"uv": [40, 14], "uv_size": [0.5, 0.5]},
								"south": {"uv": [15, 40], "uv_size": [0.5, 0.5]},
								"west": {"uv": [40, 15], "uv_size": [0.5, 0.5]},
								"up": {"uv": [16, 40], "uv_size": [0.5, 0.5]},
								"down": {"uv": [40, 16.5], "uv_size": [0.5, -0.5]}
							}
						}
					]
				},
				{
					"name": "bone9",
					"parent": "inside_of_the_scope2",
					"pivot": [-0.95, 1.7, 5],
					"cubes": [
						{
							"origin": [-0.94268, 0.8, -3.1],
							"size": [0.04268, 0.6, 0.13839],
							"pivot": [-0.925, 1.1, -3.05],
							"rotation": [0, -45, 0],
							"uv": {
								"north": {"uv": [17, 40], "uv_size": [0.5, 0.5]},
								"east": {"uv": [40, 17], "uv_size": [0.5, 0.5]},
								"south": {"uv": [18, 40], "uv_size": [0.5, 0.5]},
								"west": {"uv": [40, 18], "uv_size": [0.5, 0.5]},
								"up": {"uv": [19, 40], "uv_size": [0.5, 0.5]},
								"down": {"uv": [40, 19.5], "uv_size": [0.5, -0.5]}
							}
						},
						{
							"origin": [-0.94268, 0.55, -3.7],
							"size": [0.04268, 0.95, 0.13839],
							"pivot": [-0.925, 0.85, -3.65],
							"rotation": [-90, 0, 45],
							"uv": {
								"north": {"uv": [23, 33], "uv_size": [0.5, 1]},
								"east": {"uv": [33, 23], "uv_size": [0.5, 1]},
								"south": {"uv": [33, 24], "uv_size": [0.5, 1]},
								"west": {"uv": [33, 26], "uv_size": [0.5, 1]},
								"up": {"uv": [20, 40], "uv_size": [0.5, 0.5]},
								"down": {"uv": [40, 20.5], "uv_size": [0.5, -0.5]}
							}
						},
						{
							"origin": [-1.03229, 1.4, -3.95],
							"size": [0.08229, 0.11018, 8.95],
							"uv": {
								"north": {"uv": [21, 40], "uv_size": [0.5, 0.5]},
								"east": {"uv": [13, 8], "uv_size": [9, 0.5]},
								"south": {"uv": [40, 21], "uv_size": [0.5, 0.5]},
								"west": {"uv": [15, 10], "uv_size": [9, 0.5]},
								"up": {"uv": [1, 15], "uv_size": [0.5, 9]},
								"down": {"uv": [15, 20], "uv_size": [0.5, -9]}
							}
						},
						{
							"origin": [-0.95339, 1.49313, -3.95],
							"size": [0.10339, 0.20687, 8.95],
							"pivot": [-0.95, 1.7, 5],
							"rotation": [0, 0, 22.5],
							"uv": {
								"north": {"uv": [22, 40], "uv_size": [0.5, 0.5]},
								"east": {"uv": [16, 11], "uv_size": [9, 0.5]},
								"south": {"uv": [40, 22], "uv_size": [0.5, 0.5]},
								"west": {"uv": [16, 12], "uv_size": [9, 0.5]},
								"up": {"uv": [16, 13], "uv_size": [0.5, 9]},
								"down": {"uv": [2, 26], "uv_size": [0.5, -9]}
							}
						},
						{
							"origin": [-0.95, 1.5, -3.95],
							"size": [0.05, 0.5, 8.95],
							"uv": {
								"north": {"uv": [23, 40], "uv_size": [0.5, 0.5]},
								"east": {"uv": [17, 13], "uv_size": [9, 0.5]},
								"south": {"uv": [40, 23], "uv_size": [0.5, 0.5]},
								"west": {"uv": [17, 14], "uv_size": [9, 0.5]},
								"up": {"uv": [3, 17], "uv_size": [0.5, 9]},
								"down": {"uv": [17, 24], "uv_size": [0.5, -9]}
							}
						},
						{
							"origin": [-1, 0.7, -3.95],
							"size": [0.05, 0.1, 8.95],
							"uv": {
								"north": {"uv": [24, 40], "uv_size": [0.5, 0.5]},
								"east": {"uv": [18, 0], "uv_size": [9, 0.5]},
								"south": {"uv": [40, 24], "uv_size": [0.5, 0.5]},
								"west": {"uv": [18, 1], "uv_size": [9, 0.5]},
								"up": {"uv": [4, 18], "uv_size": [0.5, 9]},
								"down": {"uv": [5, 27], "uv_size": [0.5, -9]}
							}
						},
						{
							"origin": [-1, 0.8, -3],
							"size": [0.05, 0.6, 8],
							"uv": {
								"north": {"uv": [25, 40], "uv_size": [0.5, 0.5]},
								"east": {"uv": [27, 0], "uv_size": [8, 0.5]},
								"south": {"uv": [40, 25], "uv_size": [0.5, 0.5]},
								"west": {"uv": [27, 1], "uv_size": [8, 0.5]},
								"up": {"uv": [4, 27], "uv_size": [0.5, 8]},
								"down": {"uv": [5, 35], "uv_size": [0.5, -8]}
							}
						}
					]
				},
				{
					"name": "bone10",
					"parent": "inside_of_the_scope2",
					"pivot": [-0.97503, 1.54457, 0.5],
					"cubes": [
						{
							"origin": [-1, 0.3, -3.95],
							"size": [0.05, 0.35, 5.3],
							"uv": {
								"north": {"uv": [26, 40], "uv_size": [0.5, 0.5]},
								"east": {"uv": [28, 9], "uv_size": [5.5, 0.5]},
								"south": {"uv": [40, 26], "uv_size": [0.5, 0.5]},
								"west": {"uv": [28, 17], "uv_size": [5.5, 0.5]},
								"up": {"uv": [10, 28], "uv_size": [0.5, 5.5]},
								"down": {"uv": [11, 33.5], "uv_size": [0.5, -5.5]}
							}
						}
					]
				},
				{
					"name": "bone",
					"parent": "bone10",
					"pivot": [-2.875, 0.40693, -2.7],
					"cubes": [
						{
							"origin": [-1.05, 0.35693, -3.75],
							"size": [0.05, 0.1, 0.1],
							"pivot": [-1.025, 0.40693, -3.7],
							"rotation": [-45, 0, 0],
							"uv": {
								"north": {"uv": [17, 36], "uv_size": [0.5, 0.5]},
								"east": {"uv": [4, 8], "uv_size": [9, 0.5]},
								"south": {"uv": [36, 17], "uv_size": [0.5, 0.5]},
								"west": {"uv": [9, 0], "uv_size": [9, 0.5]},
								"up": {"uv": [4, 9], "uv_size": [0.5, 9]},
								"down": {"uv": [5, 18], "uv_size": [0.5, -9]}
							}
						},
						{
							"origin": [-1.05, 0.50693, -3.25],
							"size": [0.05, 0.1, 0.1],
							"pivot": [-1.025, 0.55693, -3.2],
							"rotation": [-45, 0, 0],
							"uv": {
								"north": {"uv": [17, 36], "uv_size": [0.5, 0.5]},
								"east": {"uv": [4, 8], "uv_size": [9, 0.5]},
								"south": {"uv": [36, 17], "uv_size": [0.5, 0.5]},
								"west": {"uv": [9, 0], "uv_size": [9, 0.5]},
								"up": {"uv": [4, 9], "uv_size": [0.5, 9]},
								"down": {"uv": [5, 18], "uv_size": [0.5, -9]}
							}
						},
						{
							"origin": [-1.05, 0.35693, -2.75],
							"size": [0.05, 0.1, 0.1],
							"pivot": [-1.025, 0.40693, -2.7],
							"rotation": [-45, 0, 0],
							"uv": {
								"north": {"uv": [17, 36], "uv_size": [0.5, 0.5]},
								"east": {"uv": [4, 8], "uv_size": [9, 0.5]},
								"south": {"uv": [36, 17], "uv_size": [0.5, 0.5]},
								"west": {"uv": [9, 0], "uv_size": [9, 0.5]},
								"up": {"uv": [4, 9], "uv_size": [0.5, 9]},
								"down": {"uv": [5, 18], "uv_size": [0.5, -9]}
							}
						},
						{
							"origin": [-2.9, 0.35693, -3.75],
							"size": [0.05, 0.1, 0.1],
							"pivot": [-2.875, 0.40693, -3.7],
							"rotation": [-45, 0, 0],
							"uv": {
								"north": {"uv": [27, 40], "uv_size": [0.5, 0.5]},
								"east": {"uv": [40, 27], "uv_size": [0.5, 0.5]},
								"south": {"uv": [28, 40], "uv_size": [0.5, 0.5]},
								"west": {"uv": [40, 28], "uv_size": [0.5, 0.5]},
								"up": {"uv": [29, 40], "uv_size": [0.5, 0.5]},
								"down": {"uv": [40, 29.5], "uv_size": [0.5, -0.5]}
							}
						},
						{
							"origin": [-2.9, 0.50693, -3.25],
							"size": [0.05, 0.1, 0.1],
							"pivot": [-2.875, 0.55693, -3.2],
							"rotation": [-45, 0, 0],
							"uv": {
								"north": {"uv": [27, 40], "uv_size": [0.5, 0.5]},
								"east": {"uv": [40, 27], "uv_size": [0.5, 0.5]},
								"south": {"uv": [28, 40], "uv_size": [0.5, 0.5]},
								"west": {"uv": [40, 28], "uv_size": [0.5, 0.5]},
								"up": {"uv": [29, 40], "uv_size": [0.5, 0.5]},
								"down": {"uv": [40, 29.5], "uv_size": [0.5, -0.5]}
							}
						},
						{
							"origin": [-2.9, 0.35693, -2.75],
							"size": [0.05, 0.1, 0.1],
							"pivot": [-2.875, 0.40693, -2.7],
							"rotation": [-45, 0, 0],
							"uv": {
								"north": {"uv": [27, 40], "uv_size": [0.5, 0.5]},
								"east": {"uv": [40, 27], "uv_size": [0.5, 0.5]},
								"south": {"uv": [28, 40], "uv_size": [0.5, 0.5]},
								"west": {"uv": [40, 28], "uv_size": [0.5, 0.5]},
								"up": {"uv": [29, 40], "uv_size": [0.5, 0.5]},
								"down": {"uv": [40, 29.5], "uv_size": [0.5, -0.5]}
							}
						}
					]
				},
				{
					"name": "left_part",
					"parent": "ocular_ring",
					"pivot": [0, -3.25, -3]
				},
				{
					"name": "mid",
					"parent": "left_part",
					"pivot": [0.85, 2, 5],
					"cubes": [
						{
							"origin": [1, 1.4, -4],
							"size": [0.15, 0.3, 9],
							"uv": {
								"north": {"uv": [30, 40], "uv_size": [0.5, 0.5]},
								"east": {"uv": [18, 2], "uv_size": [9, 0.5]},
								"south": {"uv": [40, 30], "uv_size": [0.5, 0.5]},
								"west": {"uv": [18, 3], "uv_size": [9, 0.5]},
								"up": {"uv": [6, 18], "uv_size": [0.5, 9]},
								"down": {"uv": [7, 27], "uv_size": [0.5, -9]}
							}
						},
						{
							"origin": [1, 0.4, -4],
							"size": [0.15, 0.45, 9],
							"uv": {
								"north": {"uv": [31, 40], "uv_size": [0.5, 0.5]},
								"east": {"uv": [18, 4], "uv_size": [9, 0.5]},
								"south": {"uv": [40, 31], "uv_size": [0.5, 0.5]},
								"west": {"uv": [18, 5], "uv_size": [9, 0.5]},
								"up": {"uv": [8, 18], "uv_size": [0.5, 9]},
								"down": {"uv": [9, 27], "uv_size": [0.5, -9]}
							}
						},
						{
							"origin": [1, 0.85, -4],
							"size": [0.15, 0.55, 8.05],
							"uv": {
								"north": {"uv": [32, 40], "uv_size": [0.5, 0.5]},
								"east": {"uv": [27, 2], "uv_size": [8, 0.5]},
								"south": {"uv": [40, 32], "uv_size": [0.5, 0.5]},
								"west": {"uv": [27, 3], "uv_size": [8, 0.5]},
								"up": {"uv": [6, 27], "uv_size": [0.5, 8]},
								"down": {"uv": [7, 35], "uv_size": [0.5, -8]}
							}
						},
						{
							"origin": [1.05, 0.85, 4.05],
							"size": [0.1, 0.55, 0.95],
							"uv": {
								"north": {"uv": [33, 40], "uv_size": [0.5, 0.5]},
								"east": {"uv": [27, 33], "uv_size": [1, 0.5]},
								"south": {"uv": [40, 33], "uv_size": [0.5, 0.5]},
								"west": {"uv": [33, 27], "uv_size": [1, 0.5]},
								"up": {"uv": [28, 33], "uv_size": [0.5, 1]},
								"down": {"uv": [33, 29], "uv_size": [0.5, -1]}
							}
						},
						{
							"origin": [1, 0.4, 5],
							"size": [0.15, 0.2, 0.1],
							"uv": {
								"north": {"uv": [34, 40], "uv_size": [0.5, 0.5]},
								"east": {"uv": [40, 34], "uv_size": [0.5, 0.5]},
								"south": {"uv": [35, 40], "uv_size": [0.5, 0.5]},
								"west": {"uv": [40, 35], "uv_size": [0.5, 0.5]},
								"up": {"uv": [36, 40], "uv_size": [0.5, 0.5]},
								"down": {"uv": [40, 36.5], "uv_size": [0.5, -0.5]}
							}
						},
						{
							"origin": [1, 0.25693, -4],
							"size": [0.0848, 0.14307, 9.1],
							"uv": {
								"north": {"uv": [37, 40], "uv_size": [0.5, 0.5]},
								"east": {"uv": [18, 15], "uv_size": [9, 0.5]},
								"south": {"uv": [40, 37], "uv_size": [0.5, 0.5]},
								"west": {"uv": [18, 16], "uv_size": [9, 0.5]},
								"up": {"uv": [18, 17], "uv_size": [0.5, 9]},
								"down": {"uv": [10, 28], "uv_size": [0.5, -9]}
							}
						},
						{
							"origin": [1, 0.25, -4],
							"size": [0.08329, 0.15723, 9.1],
							"pivot": [1.1, 0.25, 5],
							"rotation": [0, 0, 24.5],
							"uv": {
								"north": {"uv": [38, 40], "uv_size": [0.5, 0.5]},
								"east": {"uv": [19, 9], "uv_size": [9, 0.5]},
								"south": {"uv": [40, 38], "uv_size": [0.5, 0.5]},
								"west": {"uv": [19, 17], "uv_size": [9, 0.5]},
								"up": {"uv": [11, 19], "uv_size": [0.5, 9]},
								"down": {"uv": [12, 28], "uv_size": [0.5, -9]}
							}
						},
						{
							"origin": [1.05, 1.7, -4],
							"size": [0.05, 0.3, 9],
							"uv": {
								"north": {"uv": [39, 40], "uv_size": [0.5, 0.5]},
								"east": {"uv": [19, 18], "uv_size": [9, 0.5]},
								"south": {"uv": [40, 39], "uv_size": [0.5, 0.5]},
								"west": {"uv": [19, 19], "uv_size": [9, 0.5]},
								"up": {"uv": [13, 19], "uv_size": [0.5, 9]},
								"down": {"uv": [14, 28], "uv_size": [0.5, -9]}
							}
						},
						{
							"origin": [1.1, 1.7, -4],
							"size": [0.05, 0.15, 9],
							"uv": {
								"north": {"uv": [40, 40], "uv_size": [0.5, 0.5]},
								"east": {"uv": [20, 6], "uv_size": [9, 0.5]},
								"south": {"uv": [0, 41], "uv_size": [0.5, 0.5]},
								"west": {"uv": [20, 7], "uv_size": [9, 0.5]},
								"up": {"uv": [15, 20], "uv_size": [0.5, 9]},
								"down": {"uv": [19, 29], "uv_size": [0.5, -9]}
							}
						}
					]
				},
				{
					"name": "bone2_illuminated",
					"parent": "mid",
					"pivot": [1.1, 0.25, 5],
					"cubes": [
						{
							"origin": [1.0897, 0.4, 5.1],
							"size": [0.0303, 0.15, 0.03],
							"uv": {
								"north": {"uv": [41, 0], "uv_size": [0.5, 0.5]},
								"east": {"uv": [1, 41], "uv_size": [0.5, 0.5]},
								"south": {"uv": [41, 1], "uv_size": [0.5, 0.5]},
								"west": {"uv": [2, 41], "uv_size": [0.5, 0.5]},
								"up": {"uv": [41, 2], "uv_size": [0.5, 0.5]},
								"down": {"uv": [3, 41.5], "uv_size": [0.5, -0.5]}
							}
						},
						{
							"origin": [1.09092, 1.88755, 5],
							"size": [0.03329, 0.11, 0.03],
							"pivot": [1.09345, 1.88407, 5.015],
							"rotation": [0, 0, -24.5],
							"uv": {
								"north": {"uv": [41, 3], "uv_size": [0.5, 0.5]},
								"east": {"uv": [4, 41], "uv_size": [0.5, 0.5]},
								"south": {"uv": [41, 4], "uv_size": [0.5, 0.5]},
								"west": {"uv": [5, 41], "uv_size": [0.5, 0.5]},
								"up": {"uv": [41, 5], "uv_size": [0.5, 0.5]},
								"down": {"uv": [6, 41.5], "uv_size": [0.5, -0.5]}
							}
						},
						{
							"origin": [1.0897, 1.7, 5],
							"size": [0.0303, 0.2, 0.03],
							"uv": {
								"north": {"uv": [41, 6], "uv_size": [0.5, 0.5]},
								"east": {"uv": [7, 41], "uv_size": [0.5, 0.5]},
								"south": {"uv": [41, 7], "uv_size": [0.5, 0.5]},
								"west": {"uv": [8, 41], "uv_size": [0.5, 0.5]},
								"up": {"uv": [41, 8], "uv_size": [0.5, 0.5]},
								"down": {"uv": [9, 41.5], "uv_size": [0.5, -0.5]}
							}
						},
						{
							"origin": [1.01885, 0.29748, 5.1],
							"size": [0.03329, 0.11, 0.03],
							"pivot": [1.06885, 0.24748, 5],
							"rotation": [0, 0, 24.5],
							"uv": {
								"north": {"uv": [41, 9], "uv_size": [0.5, 0.5]},
								"east": {"uv": [10, 41], "uv_size": [0.5, 0.5]},
								"south": {"uv": [41, 10], "uv_size": [0.5, 0.5]},
								"west": {"uv": [11, 41], "uv_size": [0.5, 0.5]},
								"up": {"uv": [41, 11], "uv_size": [0.5, 0.5]},
								"down": {"uv": [12, 41.5], "uv_size": [0.5, -0.5]}
							}
						}
					]
				},
				{
					"name": "outside",
					"parent": "left_part",
					"pivot": [0.85, 1.75, 12],
					"cubes": [
						{
							"origin": [1.05, 1.69313, -4],
							"size": [0.05339, 0.30687, 9],
							"pivot": [1.1, 2, 5],
							"rotation": [0, 0, -17.5],
							"uv": {
								"north": {"uv": [41, 12], "uv_size": [0.5, 0.5]},
								"east": {"uv": [20, 20], "uv_size": [9, 0.5]},
								"south": {"uv": [13, 41], "uv_size": [0.5, 0.5]},
								"west": {"uv": [20, 21], "uv_size": [9, 0.5]},
								"up": {"uv": [16, 22], "uv_size": [0.5, 9]},
								"down": {"uv": [20, 31], "uv_size": [0.5, -9]}
							}
						},
						{
							"origin": [1.15, 0.85, -4],
							"size": [0.04551, 0.85836, 9],
							"uv": {
								"north": {"uv": [29, 33], "uv_size": [0.5, 1]},
								"east": {"uv": [0, 2], "uv_size": [9, 1]},
								"south": {"uv": [33, 29], "uv_size": [0.5, 1]},
								"west": {"uv": [0, 3], "uv_size": [9, 1]},
								"up": {"uv": [21, 22], "uv_size": [0.5, 9]},
								"down": {"uv": [22, 31], "uv_size": [0.5, -9]}
							}
						}
					]
				},
				{
					"name": "bone2",
					"parent": "outside",
					"pivot": [0.85, 2, 5],
					"cubes": [
						{
							"origin": [1.15, 0.68571, -3.04043],
							"size": [0.04551, 0.25, 0.45],
							"pivot": [1.17275, 0.88571, -2.81543],
							"rotation": [-30, 0, 0],
							"uv": {
								"north": {"uv": [41, 13], "uv_size": [0.5, 0.5]},
								"east": {"uv": [14, 41], "uv_size": [0.5, 0.5]},
								"south": {"uv": [41, 14], "uv_size": [0.5, 0.5]},
								"west": {"uv": [15, 41], "uv_size": [0.5, 0.5]},
								"up": {"uv": [41, 15], "uv_size": [0.5, 0.5]},
								"down": {"uv": [16, 41.5], "uv_size": [0.5, -0.5]}
							}
						},
						{
							"origin": [1.15, 0.6, 1.71769],
							"size": [0.04551, 0.25, 0.7],
							"uv": {
								"north": {"uv": [41, 16], "uv_size": [0.5, 0.5]},
								"east": {"uv": [17, 41], "uv_size": [0.5, 0.5]},
								"south": {"uv": [41, 17], "uv_size": [0.5, 0.5]},
								"west": {"uv": [18, 41], "uv_size": [0.5, 0.5]},
								"up": {"uv": [41, 18], "uv_size": [0.5, 0.5]},
								"down": {"uv": [19, 41.5], "uv_size": [0.5, -0.5]}
							}
						},
						{
							"origin": [1.15, 0.6, 2.41769],
							"size": [0.04551, 0.25, 0.5],
							"pivot": [1.19551, 0.6, 2.41769],
							"rotation": [30, 0, 0],
							"uv": {
								"north": {"uv": [41, 19], "uv_size": [0.5, 0.5]},
								"east": {"uv": [20, 41], "uv_size": [0.5, 0.5]},
								"south": {"uv": [41, 20], "uv_size": [0.5, 0.5]},
								"west": {"uv": [21, 41], "uv_size": [0.5, 0.5]},
								"up": {"uv": [41, 21], "uv_size": [0.5, 0.5]},
								"down": {"uv": [22, 41.5], "uv_size": [0.5, -0.5]}
							}
						},
						{
							"origin": [1.15, 0.68571, 4.35668],
							"size": [0.04551, 0.25, 0.45],
							"pivot": [1.17275, 0.88571, 4.58168],
							"rotation": [-30, 0, 0],
							"uv": {
								"north": {"uv": [41, 22], "uv_size": [0.5, 0.5]},
								"east": {"uv": [23, 41], "uv_size": [0.5, 0.5]},
								"south": {"uv": [41, 23], "uv_size": [0.5, 0.5]},
								"west": {"uv": [24, 41], "uv_size": [0.5, 0.5]},
								"up": {"uv": [41, 24], "uv_size": [0.5, 0.5]},
								"down": {"uv": [25, 41.5], "uv_size": [0.5, -0.5]}
							}
						},
						{
							"origin": [1.15, 0.6, 3.89711],
							"size": [0.04551, 0.25, 0.5],
							"pivot": [1.19551, 0.6, 3.89711],
							"rotation": [30, 0, 0],
							"uv": {
								"north": {"uv": [41, 25], "uv_size": [0.5, 0.5]},
								"east": {"uv": [26, 41], "uv_size": [0.5, 0.5]},
								"south": {"uv": [41, 26], "uv_size": [0.5, 0.5]},
								"west": {"uv": [27, 41], "uv_size": [0.5, 0.5]},
								"up": {"uv": [41, 27], "uv_size": [0.5, 0.5]},
								"down": {"uv": [28, 41.5], "uv_size": [0.5, -0.5]}
							}
						},
						{
							"origin": [1.15, 0.6, 3.19711],
							"size": [0.04551, 0.25, 0.7],
							"uv": {
								"north": {"uv": [41, 28], "uv_size": [0.5, 0.5]},
								"east": {"uv": [29, 41], "uv_size": [0.5, 0.5]},
								"south": {"uv": [41, 29], "uv_size": [0.5, 0.5]},
								"west": {"uv": [30, 41], "uv_size": [0.5, 0.5]},
								"up": {"uv": [41, 30], "uv_size": [0.5, 0.5]},
								"down": {"uv": [31, 41.5], "uv_size": [0.5, -0.5]}
							}
						},
						{
							"origin": [1.15, 0.6, 4.67654],
							"size": [0.04551, 0.25, 0.32346],
							"uv": {
								"north": {"uv": [41, 31], "uv_size": [0.5, 0.5]},
								"east": {"uv": [32, 41], "uv_size": [0.5, 0.5]},
								"south": {"uv": [41, 32], "uv_size": [0.5, 0.5]},
								"west": {"uv": [33, 41], "uv_size": [0.5, 0.5]},
								"up": {"uv": [41, 33], "uv_size": [0.5, 0.5]},
								"down": {"uv": [34, 41.5], "uv_size": [0.5, -0.5]}
							}
						},
						{
							"origin": [1.15, 0.68571, 2.87726],
							"size": [0.04551, 0.25, 0.45],
							"pivot": [1.17275, 0.88571, 3.10226],
							"rotation": [-30, 0, 0],
							"uv": {
								"north": {"uv": [41, 34], "uv_size": [0.5, 0.5]},
								"east": {"uv": [35, 41], "uv_size": [0.5, 0.5]},
								"south": {"uv": [41, 35], "uv_size": [0.5, 0.5]},
								"west": {"uv": [36, 41], "uv_size": [0.5, 0.5]},
								"up": {"uv": [41, 36], "uv_size": [0.5, 0.5]},
								"down": {"uv": [37, 41.5], "uv_size": [0.5, -0.5]}
							}
						},
						{
							"origin": [1.15, 0.6, -1.24115],
							"size": [0.04551, 0.25, 0.7],
							"uv": {
								"north": {"uv": [41, 37], "uv_size": [0.5, 0.5]},
								"east": {"uv": [38, 41], "uv_size": [0.5, 0.5]},
								"south": {"uv": [41, 38], "uv_size": [0.5, 0.5]},
								"west": {"uv": [39, 41], "uv_size": [0.5, 0.5]},
								"up": {"uv": [41, 39], "uv_size": [0.5, 0.5]},
								"down": {"uv": [40, 41.5], "uv_size": [0.5, -0.5]}
							}
						},
						{
							"origin": [1.15, 0.6, -0.54115],
							"size": [0.04551, 0.25, 0.5],
							"pivot": [1.19551, 0.6, -0.54115],
							"rotation": [30, 0, 0],
							"uv": {
								"north": {"uv": [41, 40], "uv_size": [0.5, 0.5]},
								"east": {"uv": [41, 41], "uv_size": [0.5, 0.5]},
								"south": {"uv": [0, 42], "uv_size": [0.5, 0.5]},
								"west": {"uv": [42, 0], "uv_size": [0.5, 0.5]},
								"up": {"uv": [1, 42], "uv_size": [0.5, 0.5]},
								"down": {"uv": [42, 1.5], "uv_size": [0.5, -0.5]}
							}
						},
						{
							"origin": [1.15, 0.68571, 1.39784],
							"size": [0.04551, 0.25, 0.45],
							"pivot": [1.17275, 0.88571, 1.62284],
							"rotation": [-30, 0, 0],
							"uv": {
								"north": {"uv": [2, 42], "uv_size": [0.5, 0.5]},
								"east": {"uv": [42, 2], "uv_size": [0.5, 0.5]},
								"south": {"uv": [3, 42], "uv_size": [0.5, 0.5]},
								"west": {"uv": [42, 3], "uv_size": [0.5, 0.5]},
								"up": {"uv": [4, 42], "uv_size": [0.5, 0.5]},
								"down": {"uv": [42, 4.5], "uv_size": [0.5, -0.5]}
							}
						},
						{
							"origin": [1.15, 0.6, 0.93827],
							"size": [0.04551, 0.25, 0.5],
							"pivot": [1.19551, 0.6, 0.93827],
							"rotation": [30, 0, 0],
							"uv": {
								"north": {"uv": [5, 42], "uv_size": [0.5, 0.5]},
								"east": {"uv": [42, 5], "uv_size": [0.5, 0.5]},
								"south": {"uv": [6, 42], "uv_size": [0.5, 0.5]},
								"west": {"uv": [42, 6], "uv_size": [0.5, 0.5]},
								"up": {"uv": [7, 42], "uv_size": [0.5, 0.5]},
								"down": {"uv": [42, 7.5], "uv_size": [0.5, -0.5]}
							}
						},
						{
							"origin": [1.15, 0.6, 0.23827],
							"size": [0.04551, 0.25, 0.7],
							"uv": {
								"north": {"uv": [8, 42], "uv_size": [0.5, 0.5]},
								"east": {"uv": [42, 8], "uv_size": [0.5, 0.5]},
								"south": {"uv": [9, 42], "uv_size": [0.5, 0.5]},
								"west": {"uv": [42, 9], "uv_size": [0.5, 0.5]},
								"up": {"uv": [10, 42], "uv_size": [0.5, 0.5]},
								"down": {"uv": [42, 10.5], "uv_size": [0.5, -0.5]}
							}
						},
						{
							"origin": [1.15, 0.68571, -0.08159],
							"size": [0.04551, 0.25, 0.45],
							"pivot": [1.17275, 0.88571, 0.14341],
							"rotation": [-30, 0, 0],
							"uv": {
								"north": {"uv": [11, 42], "uv_size": [0.5, 0.5]},
								"east": {"uv": [42, 11], "uv_size": [0.5, 0.5]},
								"south": {"uv": [12, 42], "uv_size": [0.5, 0.5]},
								"west": {"uv": [42, 12], "uv_size": [0.5, 0.5]},
								"up": {"uv": [13, 42], "uv_size": [0.5, 0.5]},
								"down": {"uv": [42, 13.5], "uv_size": [0.5, -0.5]}
							}
						},
						{
							"origin": [1.15, 0.6, -2.72058],
							"size": [0.04551, 0.25, 0.7],
							"uv": {
								"north": {"uv": [14, 42], "uv_size": [0.5, 0.5]},
								"east": {"uv": [42, 14], "uv_size": [0.5, 0.5]},
								"south": {"uv": [15, 42], "uv_size": [0.5, 0.5]},
								"west": {"uv": [42, 15], "uv_size": [0.5, 0.5]},
								"up": {"uv": [16, 42], "uv_size": [0.5, 0.5]},
								"down": {"uv": [42, 16.5], "uv_size": [0.5, -0.5]}
							}
						},
						{
							"origin": [1.15, 0.6, -2.02058],
							"size": [0.04551, 0.25, 0.5],
							"pivot": [1.19551, 0.6, -2.02058],
							"rotation": [30, 0, 0],
							"uv": {
								"north": {"uv": [17, 42], "uv_size": [0.5, 0.5]},
								"east": {"uv": [42, 17], "uv_size": [0.5, 0.5]},
								"south": {"uv": [18, 42], "uv_size": [0.5, 0.5]},
								"west": {"uv": [42, 18], "uv_size": [0.5, 0.5]},
								"up": {"uv": [19, 42], "uv_size": [0.5, 0.5]},
								"down": {"uv": [42, 19.5], "uv_size": [0.5, -0.5]}
							}
						},
						{
							"origin": [1.15, 0.68571, -1.56101],
							"size": [0.04551, 0.25, 0.45],
							"pivot": [1.17275, 0.88571, -1.33601],
							"rotation": [-30, 0, 0],
							"uv": {
								"north": {"uv": [20, 42], "uv_size": [0.5, 0.5]},
								"east": {"uv": [42, 20], "uv_size": [0.5, 0.5]},
								"south": {"uv": [21, 42], "uv_size": [0.5, 0.5]},
								"west": {"uv": [42, 21], "uv_size": [0.5, 0.5]},
								"up": {"uv": [22, 42], "uv_size": [0.5, 0.5]},
								"down": {"uv": [42, 22.5], "uv_size": [0.5, -0.5]}
							}
						},
						{
							"origin": [1.15, 0.6, -3.5],
							"size": [0.04551, 0.25, 0.5],
							"pivot": [1.19551, 0.6, -3.5],
							"rotation": [30, 0, 0],
							"uv": {
								"north": {"uv": [23, 42], "uv_size": [0.5, 0.5]},
								"east": {"uv": [42, 23], "uv_size": [0.5, 0.5]},
								"south": {"uv": [24, 42], "uv_size": [0.5, 0.5]},
								"west": {"uv": [42, 24], "uv_size": [0.5, 0.5]},
								"up": {"uv": [25, 42], "uv_size": [0.5, 0.5]},
								"down": {"uv": [42, 25.5], "uv_size": [0.5, -0.5]}
							}
						},
						{
							"origin": [1.15, 0.6, -4],
							"size": [0.04551, 0.25, 0.5],
							"uv": {
								"north": {"uv": [26, 42], "uv_size": [0.5, 0.5]},
								"east": {"uv": [42, 26], "uv_size": [0.5, 0.5]},
								"south": {"uv": [27, 42], "uv_size": [0.5, 0.5]},
								"west": {"uv": [42, 27], "uv_size": [0.5, 0.5]},
								"up": {"uv": [28, 42], "uv_size": [0.5, 0.5]},
								"down": {"uv": [42, 28.5], "uv_size": [0.5, -0.5]}
							}
						}
					]
				},
				{
					"name": "stripe",
					"parent": "outside",
					"pivot": [0.85, 1.75, 12],
					"cubes": [
						{
							"origin": [1.2, 0.85, -3.15],
							"size": [0.04551, 0.75, 0.1],
							"uv": {
								"north": {"uv": [30, 33], "uv_size": [0.5, 1]},
								"east": {"uv": [33, 30], "uv_size": [0.5, 1]},
								"south": {"uv": [31, 33], "uv_size": [0.5, 1]},
								"west": {"uv": [33, 31], "uv_size": [0.5, 1]},
								"up": {"uv": [29, 42], "uv_size": [0.5, 0.5]},
								"down": {"uv": [42, 29.5], "uv_size": [0.5, -0.5]}
							}
						},
						{
							"origin": [1.2, 0.85, -1.65],
							"size": [0.04551, 0.75, 0.1],
							"uv": {
								"north": {"uv": [32, 33], "uv_size": [0.5, 1]},
								"east": {"uv": [33, 32], "uv_size": [0.5, 1]},
								"south": {"uv": [33, 33], "uv_size": [0.5, 1]},
								"west": {"uv": [0, 34], "uv_size": [0.5, 1]},
								"up": {"uv": [30, 42], "uv_size": [0.5, 0.5]},
								"down": {"uv": [42, 30.5], "uv_size": [0.5, -0.5]}
							}
						},
						{
							"origin": [1.2, 0.85, 1.25],
							"size": [0.04551, 0.75, 0.1],
							"uv": {
								"north": {"uv": [1, 34], "uv_size": [0.5, 1]},
								"east": {"uv": [34, 6], "uv_size": [0.5, 1]},
								"south": {"uv": [34, 7], "uv_size": [0.5, 1]},
								"west": {"uv": [34, 8], "uv_size": [0.5, 1]},
								"up": {"uv": [31, 42], "uv_size": [0.5, 0.5]},
								"down": {"uv": [42, 31.5], "uv_size": [0.5, -0.5]}
							}
						},
						{
							"origin": [1.2, 0.85, 4.2],
							"size": [0.04551, 0.75, 0.1],
							"uv": {
								"north": {"uv": [34, 9], "uv_size": [0.5, 1]},
								"east": {"uv": [10, 34], "uv_size": [0.5, 1]},
								"south": {"uv": [34, 10], "uv_size": [0.5, 1]},
								"west": {"uv": [11, 34], "uv_size": [0.5, 1]},
								"up": {"uv": [32, 42], "uv_size": [0.5, 0.5]},
								"down": {"uv": [42, 32.5], "uv_size": [0.5, -0.5]}
							}
						},
						{
							"origin": [1.2, 0.85, 2.75],
							"size": [0.04551, 0.75, 0.1],
							"uv": {
								"north": {"uv": [34, 11], "uv_size": [0.5, 1]},
								"east": {"uv": [12, 34], "uv_size": [0.5, 1]},
								"south": {"uv": [34, 12], "uv_size": [0.5, 1]},
								"west": {"uv": [13, 34], "uv_size": [0.5, 1]},
								"up": {"uv": [33, 42], "uv_size": [0.5, 0.5]},
								"down": {"uv": [42, 33.5], "uv_size": [0.5, -0.5]}
							}
						},
						{
							"origin": [1.2, 0.85, -0.2],
							"size": [0.04551, 0.75, 0.1],
							"uv": {
								"north": {"uv": [14, 34], "uv_size": [0.5, 1]},
								"east": {"uv": [34, 14], "uv_size": [0.5, 1]},
								"south": {"uv": [15, 34], "uv_size": [0.5, 1]},
								"west": {"uv": [34, 15], "uv_size": [0.5, 1]},
								"up": {"uv": [34, 42], "uv_size": [0.5, 0.5]},
								"down": {"uv": [42, 34.5], "uv_size": [0.5, -0.5]}
							}
						}
					]
				},
				{
					"name": "inside_of_the_scope",
					"parent": "left_part",
					"pivot": [0.97503, 1.54457, 0.5],
					"rotation": [0, 180, 0]
				},
				{
					"name": "stripe_inside",
					"parent": "inside_of_the_scope",
					"pivot": [0.75, 0.55, 5]
				},
				{
					"name": "bone4_illuminated",
					"parent": "stripe_inside",
					"pivot": [0.75, 1.2, 8.7],
					"cubes": [
						{
							"origin": [1, 1.4, -2.8],
							"size": [0.05, 0.05, 0.05],
							"uv": {
								"north": {"uv": [35, 42], "uv_size": [0.5, 0.5]},
								"east": {"uv": [42, 35], "uv_size": [0.5, 0.5]},
								"south": {"uv": [36, 42], "uv_size": [0.5, 0.5]},
								"west": {"uv": [42, 36], "uv_size": [0.5, 0.5]},
								"up": {"uv": [37, 42], "uv_size": [0.5, 0.5]},
								"down": {"uv": [42, 37.5], "uv_size": [0.5, -0.5]}
							}
						},
						{
							"origin": [1, 1.4, -2.1],
							"size": [0.05, 0.05, 0.05],
							"uv": {
								"north": {"uv": [38, 42], "uv_size": [0.5, 0.5]},
								"east": {"uv": [42, 38], "uv_size": [0.5, 0.5]},
								"south": {"uv": [39, 42], "uv_size": [0.5, 0.5]},
								"west": {"uv": [42, 39], "uv_size": [0.5, 0.5]},
								"up": {"uv": [40, 42], "uv_size": [0.5, 0.5]},
								"down": {"uv": [42, 40.5], "uv_size": [0.5, -0.5]}
							}
						},
						{
							"origin": [1, 1.4, -1.4],
							"size": [0.05, 0.05, 0.05],
							"uv": {
								"north": {"uv": [41, 42], "uv_size": [0.5, 0.5]},
								"east": {"uv": [42, 41], "uv_size": [0.5, 0.5]},
								"south": {"uv": [42, 42], "uv_size": [0.5, 0.5]},
								"west": {"uv": [0, 43], "uv_size": [0.5, 0.5]},
								"up": {"uv": [43, 0], "uv_size": [0.5, 0.5]},
								"down": {"uv": [1, 43.5], "uv_size": [0.5, -0.5]}
							}
						},
						{
							"origin": [1, 1.4, 0],
							"size": [0.05, 0.05, 0.05],
							"uv": {
								"north": {"uv": [43, 1], "uv_size": [0.5, 0.5]},
								"east": {"uv": [2, 43], "uv_size": [0.5, 0.5]},
								"south": {"uv": [43, 2], "uv_size": [0.5, 0.5]},
								"west": {"uv": [3, 43], "uv_size": [0.5, 0.5]},
								"up": {"uv": [43, 3], "uv_size": [0.5, 0.5]},
								"down": {"uv": [4, 43.5], "uv_size": [0.5, -0.5]}
							}
						},
						{
							"origin": [1, 1.4, -0.7],
							"size": [0.05, 0.05, 0.05],
							"uv": {
								"north": {"uv": [43, 4], "uv_size": [0.5, 0.5]},
								"east": {"uv": [5, 43], "uv_size": [0.5, 0.5]},
								"south": {"uv": [43, 5], "uv_size": [0.5, 0.5]},
								"west": {"uv": [6, 43], "uv_size": [0.5, 0.5]},
								"up": {"uv": [43, 6], "uv_size": [0.5, 0.5]},
								"down": {"uv": [7, 43.5], "uv_size": [0.5, -0.5]}
							}
						},
						{
							"origin": [1, 1.4, 0.7],
							"size": [0.05, 0.05, 0.05],
							"uv": {
								"north": {"uv": [43, 7], "uv_size": [0.5, 0.5]},
								"east": {"uv": [8, 43], "uv_size": [0.5, 0.5]},
								"south": {"uv": [43, 8], "uv_size": [0.5, 0.5]},
								"west": {"uv": [9, 43], "uv_size": [0.5, 0.5]},
								"up": {"uv": [43, 9], "uv_size": [0.5, 0.5]},
								"down": {"uv": [10, 43.5], "uv_size": [0.5, -0.5]}
							}
						},
						{
							"origin": [1, 0.75, 0.7],
							"size": [0.05, 0.05, 0.05],
							"uv": {
								"north": {"uv": [43, 10], "uv_size": [0.5, 0.5]},
								"east": {"uv": [11, 43], "uv_size": [0.5, 0.5]},
								"south": {"uv": [43, 11], "uv_size": [0.5, 0.5]},
								"west": {"uv": [12, 43], "uv_size": [0.5, 0.5]},
								"up": {"uv": [43, 12], "uv_size": [0.5, 0.5]},
								"down": {"uv": [13, 43.5], "uv_size": [0.5, -0.5]}
							}
						},
						{
							"origin": [1, 0.75, 0],
							"size": [0.05, 0.05, 0.05],
							"uv": {
								"north": {"uv": [43, 13], "uv_size": [0.5, 0.5]},
								"east": {"uv": [14, 43], "uv_size": [0.5, 0.5]},
								"south": {"uv": [43, 14], "uv_size": [0.5, 0.5]},
								"west": {"uv": [15, 43], "uv_size": [0.5, 0.5]},
								"up": {"uv": [43, 15], "uv_size": [0.5, 0.5]},
								"down": {"uv": [16, 43.5], "uv_size": [0.5, -0.5]}
							}
						},
						{
							"origin": [1, 0.75, -0.7],
							"size": [0.05, 0.05, 0.05],
							"uv": {
								"north": {"uv": [43, 16], "uv_size": [0.5, 0.5]},
								"east": {"uv": [17, 43], "uv_size": [0.5, 0.5]},
								"south": {"uv": [43, 17], "uv_size": [0.5, 0.5]},
								"west": {"uv": [18, 43], "uv_size": [0.5, 0.5]},
								"up": {"uv": [43, 18], "uv_size": [0.5, 0.5]},
								"down": {"uv": [19, 43.5], "uv_size": [0.5, -0.5]}
							}
						},
						{
							"origin": [1, 0.75, -1.4],
							"size": [0.05, 0.05, 0.05],
							"uv": {
								"north": {"uv": [43, 19], "uv_size": [0.5, 0.5]},
								"east": {"uv": [20, 43], "uv_size": [0.5, 0.5]},
								"south": {"uv": [43, 20], "uv_size": [0.5, 0.5]},
								"west": {"uv": [21, 43], "uv_size": [0.5, 0.5]},
								"up": {"uv": [43, 21], "uv_size": [0.5, 0.5]},
								"down": {"uv": [22, 43.5], "uv_size": [0.5, -0.5]}
							}
						},
						{
							"origin": [1, 0.75, -2.1],
							"size": [0.05, 0.05, 0.05],
							"uv": {
								"north": {"uv": [43, 22], "uv_size": [0.5, 0.5]},
								"east": {"uv": [23, 43], "uv_size": [0.5, 0.5]},
								"south": {"uv": [43, 23], "uv_size": [0.5, 0.5]},
								"west": {"uv": [24, 43], "uv_size": [0.5, 0.5]},
								"up": {"uv": [43, 24], "uv_size": [0.5, 0.5]},
								"down": {"uv": [25, 43.5], "uv_size": [0.5, -0.5]}
							}
						},
						{
							"origin": [1, 0.75, -2.8],
							"size": [0.05, 0.05, 0.05],
							"uv": {
								"north": {"uv": [43, 25], "uv_size": [0.5, 0.5]},
								"east": {"uv": [26, 43], "uv_size": [0.5, 0.5]},
								"south": {"uv": [43, 26], "uv_size": [0.5, 0.5]},
								"west": {"uv": [27, 43], "uv_size": [0.5, 0.5]},
								"up": {"uv": [43, 27], "uv_size": [0.5, 0.5]},
								"down": {"uv": [28, 43.5], "uv_size": [0.5, -0.5]}
							}
						},
						{
							"origin": [1.6875, 0.35712, 3.65],
							"size": [0.5, 0.21875, 0.0625],
							"pivot": [1.9375, 0.5915, 3.68125],
							"rotation": [0, 180, 0],
							"uv": {
								"south": {"uv": [0, 55], "uv_size": [23, 9]}
							}
						}
					]
				},
				{
					"name": "bone11",
					"parent": "bone4_illuminated",
					"pivot": [2, 1.13837, -0.225]
				},
				{
					"name": "stripe_main_left",
					"parent": "stripe_inside",
					"pivot": [1.025, 1.1, 1.075],
					"cubes": [
						{
							"origin": [1, 0.85, -2.8],
							"size": [0.05, 0.5, 0.05],
							"uv": {
								"north": {"uv": [43, 28], "uv_size": [0.5, 0.5]},
								"east": {"uv": [29, 43], "uv_size": [0.5, 0.5]},
								"south": {"uv": [43, 29], "uv_size": [0.5, 0.5]},
								"west": {"uv": [30, 43], "uv_size": [0.5, 0.5]},
								"up": {"uv": [43, 30], "uv_size": [0.5, 0.5]},
								"down": {"uv": [31, 43.5], "uv_size": [0.5, -0.5]}
							}
						},
						{
							"origin": [1, 0.85, -2.1],
							"size": [0.05, 0.5, 0.05],
							"uv": {
								"north": {"uv": [43, 31], "uv_size": [0.5, 0.5]},
								"east": {"uv": [32, 43], "uv_size": [0.5, 0.5]},
								"south": {"uv": [43, 32], "uv_size": [0.5, 0.5]},
								"west": {"uv": [33, 43], "uv_size": [0.5, 0.5]},
								"up": {"uv": [43, 33], "uv_size": [0.5, 0.5]},
								"down": {"uv": [34, 43.5], "uv_size": [0.5, -0.5]}
							}
						},
						{
							"origin": [1, 0.75, -2.45],
							"size": [0.05, 0.7, 0.05],
							"pivot": [1.025, 1.1, -2.425],
							"rotation": [45, 0, 0],
							"uv": {
								"north": {"uv": [43, 34], "uv_size": [0.5, 0.5]},
								"east": {"uv": [35, 43], "uv_size": [0.5, 0.5]},
								"south": {"uv": [43, 35], "uv_size": [0.5, 0.5]},
								"west": {"uv": [36, 43], "uv_size": [0.5, 0.5]},
								"up": {"uv": [43, 36], "uv_size": [0.5, 0.5]},
								"down": {"uv": [37, 43.5], "uv_size": [0.5, -0.5]}
							}
						},
						{
							"origin": [1, 0.75, -1.75],
							"size": [0.05, 0.7, 0.05],
							"pivot": [1.025, 1.1, -1.725],
							"rotation": [-45, 0, 0],
							"uv": {
								"north": {"uv": [43, 37], "uv_size": [0.5, 0.5]},
								"east": {"uv": [38, 43], "uv_size": [0.5, 0.5]},
								"south": {"uv": [43, 38], "uv_size": [0.5, 0.5]},
								"west": {"uv": [39, 43], "uv_size": [0.5, 0.5]},
								"up": {"uv": [43, 39], "uv_size": [0.5, 0.5]},
								"down": {"uv": [40, 43.5], "uv_size": [0.5, -0.5]}
							}
						},
						{
							"origin": [1, 0.85, -0.7],
							"size": [0.05, 0.5, 0.05],
							"uv": {
								"north": {"uv": [43, 40], "uv_size": [0.5, 0.5]},
								"east": {"uv": [41, 43], "uv_size": [0.5, 0.5]},
								"south": {"uv": [43, 41], "uv_size": [0.5, 0.5]},
								"west": {"uv": [42, 43], "uv_size": [0.5, 0.5]},
								"up": {"uv": [43, 42], "uv_size": [0.5, 0.5]},
								"down": {"uv": [43, 43.5], "uv_size": [0.5, -0.5]}
							}
						},
						{
							"origin": [1, 0.75, -1.05],
							"size": [0.05, 0.7, 0.05],
							"pivot": [1.025, 1.1, -1.025],
							"rotation": [45, 0, 0],
							"uv": {
								"north": {"uv": [0, 44], "uv_size": [0.5, 0.5]},
								"east": {"uv": [44, 0], "uv_size": [0.5, 0.5]},
								"south": {"uv": [1, 44], "uv_size": [0.5, 0.5]},
								"west": {"uv": [44, 1], "uv_size": [0.5, 0.5]},
								"up": {"uv": [2, 44], "uv_size": [0.5, 0.5]},
								"down": {"uv": [44, 2.5], "uv_size": [0.5, -0.5]}
							}
						},
						{
							"origin": [1, 0.85, -1.4],
							"size": [0.05, 0.5, 0.05],
							"uv": {
								"north": {"uv": [3, 44], "uv_size": [0.5, 0.5]},
								"east": {"uv": [44, 3], "uv_size": [0.5, 0.5]},
								"south": {"uv": [4, 44], "uv_size": [0.5, 0.5]},
								"west": {"uv": [44, 4], "uv_size": [0.5, 0.5]},
								"up": {"uv": [5, 44], "uv_size": [0.5, 0.5]},
								"down": {"uv": [44, 5.5], "uv_size": [0.5, -0.5]}
							}
						},
						{
							"origin": [1, 0.75, -0.35],
							"size": [0.05, 0.7, 0.05],
							"pivot": [1.025, 1.1, -0.325],
							"rotation": [-45, 0, 0],
							"uv": {
								"north": {"uv": [6, 44], "uv_size": [0.5, 0.5]},
								"east": {"uv": [44, 6], "uv_size": [0.5, 0.5]},
								"south": {"uv": [7, 44], "uv_size": [0.5, 0.5]},
								"west": {"uv": [44, 7], "uv_size": [0.5, 0.5]},
								"up": {"uv": [8, 44], "uv_size": [0.5, 0.5]},
								"down": {"uv": [44, 8.5], "uv_size": [0.5, -0.5]}
							}
						},
						{
							"origin": [1, 0.85, 0.7],
							"size": [0.05, 0.5, 0.05],
							"uv": {
								"north": {"uv": [9, 44], "uv_size": [0.5, 0.5]},
								"east": {"uv": [44, 9], "uv_size": [0.5, 0.5]},
								"south": {"uv": [10, 44], "uv_size": [0.5, 0.5]},
								"west": {"uv": [44, 10], "uv_size": [0.5, 0.5]},
								"up": {"uv": [11, 44], "uv_size": [0.5, 0.5]},
								"down": {"uv": [44, 11.5], "uv_size": [0.5, -0.5]}
							}
						},
						{
							"origin": [0.85, 0.35, 1.4],
							"size": [0.2, 1.05, 3.55],
							"uv": {
								"north": {"uv": [16, 34], "uv_size": [0.5, 1]},
								"east": {"uv": [27, 26], "uv_size": [3.5, 1]},
								"south": {"uv": [34, 16], "uv_size": [0.5, 1]},
								"west": {"uv": [27, 27], "uv_size": [3.5, 1]},
								"up": {"uv": [28, 28], "uv_size": [0.5, 3.5]},
								"down": {"uv": [15, 32.5], "uv_size": [0.5, -3.5]}
							}
						},
						{
							"origin": [1, 0.75, 0.35],
							"size": [0.05, 0.7, 0.05],
							"pivot": [1.025, 1.1, 0.375],
							"rotation": [45, 0, 0],
							"uv": {
								"north": {"uv": [12, 44], "uv_size": [0.5, 0.5]},
								"east": {"uv": [44, 12], "uv_size": [0.5, 0.5]},
								"south": {"uv": [13, 44], "uv_size": [0.5, 0.5]},
								"west": {"uv": [44, 13], "uv_size": [0.5, 0.5]},
								"up": {"uv": [14, 44], "uv_size": [0.5, 0.5]},
								"down": {"uv": [44, 14.5], "uv_size": [0.5, -0.5]}
							}
						},
						{
							"origin": [1, 0.85, 0],
							"size": [0.05, 0.5, 0.05],
							"uv": {
								"north": {"uv": [15, 44], "uv_size": [0.5, 0.5]},
								"east": {"uv": [44, 15], "uv_size": [0.5, 0.5]},
								"south": {"uv": [16, 44], "uv_size": [0.5, 0.5]},
								"west": {"uv": [44, 16], "uv_size": [0.5, 0.5]},
								"up": {"uv": [17, 44], "uv_size": [0.5, 0.5]},
								"down": {"uv": [44, 17.5], "uv_size": [0.5, -0.5]}
							}
						},
						{
							"origin": [1, 0.75, 1.05],
							"size": [0.05, 0.7, 0.05],
							"pivot": [1.025, 1.1, 1.075],
							"rotation": [-45, 0, 0],
							"uv": {
								"north": {"uv": [18, 44], "uv_size": [0.5, 0.5]},
								"east": {"uv": [44, 18], "uv_size": [0.5, 0.5]},
								"south": {"uv": [19, 44], "uv_size": [0.5, 0.5]},
								"west": {"uv": [44, 19], "uv_size": [0.5, 0.5]},
								"up": {"uv": [20, 44], "uv_size": [0.5, 0.5]},
								"down": {"uv": [44, 20.5], "uv_size": [0.5, -0.5]}
							}
						}
					]
				},
				{
					"name": "bone3",
					"parent": "inside_of_the_scope",
					"pivot": [0.95, 1.7, 5],
					"cubes": [
						{
							"origin": [0.9, 0.8, -3.1],
							"size": [0.04268, 0.6, 0.13839],
							"pivot": [0.925, 1.1, -3.05],
							"rotation": [0, 45, 0],
							"uv": {
								"north": {"uv": [21, 44], "uv_size": [0.5, 0.5]},
								"east": {"uv": [44, 21], "uv_size": [0.5, 0.5]},
								"south": {"uv": [22, 44], "uv_size": [0.5, 0.5]},
								"west": {"uv": [44, 22], "uv_size": [0.5, 0.5]},
								"up": {"uv": [23, 44], "uv_size": [0.5, 0.5]},
								"down": {"uv": [44, 23.5], "uv_size": [0.5, -0.5]}
							}
						},
						{
							"origin": [0.9, 0.55, -3.7],
							"size": [0.04268, 0.95, 0.13839],
							"pivot": [0.925, 0.85, -3.65],
							"rotation": [-90, 0, -45],
							"uv": {
								"north": {"uv": [17, 34], "uv_size": [0.5, 1]},
								"east": {"uv": [34, 17], "uv_size": [0.5, 1]},
								"south": {"uv": [18, 34], "uv_size": [0.5, 1]},
								"west": {"uv": [34, 18], "uv_size": [0.5, 1]},
								"up": {"uv": [24, 44], "uv_size": [0.5, 0.5]},
								"down": {"uv": [44, 24.5], "uv_size": [0.5, -0.5]}
							}
						},
						{
							"origin": [0.95, 1.4, -3.95],
							"size": [0.08229, 0.11018, 8.95],
							"uv": {
								"north": {"uv": [25, 44], "uv_size": [0.5, 0.5]},
								"east": {"uv": [22, 8], "uv_size": [9, 0.5]},
								"south": {"uv": [44, 25], "uv_size": [0.5, 0.5]},
								"west": {"uv": [23, 22], "uv_size": [9, 0.5]},
								"up": {"uv": [23, 23], "uv_size": [0.5, 9]},
								"down": {"uv": [0, 33], "uv_size": [0.5, -9]}
							}
						},
						{
							"origin": [0.85, 1.49313, -3.95],
							"size": [0.10339, 0.20687, 8.95],
							"pivot": [0.95, 1.7, 5],
							"rotation": [0, 0, -22.5],
							"uv": {
								"north": {"uv": [26, 44], "uv_size": [0.5, 0.5]},
								"east": {"uv": [24, 10], "uv_size": [9, 0.5]},
								"south": {"uv": [44, 26], "uv_size": [0.5, 0.5]},
								"west": {"uv": [24, 23], "uv_size": [9, 0.5]},
								"up": {"uv": [1, 24], "uv_size": [0.5, 9]},
								"down": {"uv": [17, 33], "uv_size": [0.5, -9]}
							}
						},
						{
							"origin": [0.9, 1.5, -3.95],
							"size": [0.05, 0.5, 8.95],
							"uv": {
								"north": {"uv": [27, 44], "uv_size": [0.5, 0.5]},
								"east": {"uv": [24, 24], "uv_size": [9, 0.5]},
								"south": {"uv": [44, 27], "uv_size": [0.5, 0.5]},
								"west": {"uv": [25, 11], "uv_size": [9, 0.5]},
								"up": {"uv": [24, 25], "uv_size": [0.5, 9]},
								"down": {"uv": [25, 34], "uv_size": [0.5, -9]}
							}
						},
						{
							"origin": [0.95, 0.7, -3.95],
							"size": [0.05, 0.1, 8.95],
							"uv": {
								"north": {"uv": [28, 44], "uv_size": [0.5, 0.5]},
								"east": {"uv": [25, 12], "uv_size": [9, 0.5]},
								"south": {"uv": [44, 28], "uv_size": [0.5, 0.5]},
								"west": {"uv": [26, 13], "uv_size": [9, 0.5]},
								"up": {"uv": [2, 26], "uv_size": [0.5, 9]},
								"down": {"uv": [3, 35], "uv_size": [0.5, -9]}
							}
						},
						{
							"origin": [0.95, 0.8, -3],
							"size": [0.05, 0.6, 8],
							"uv": {
								"north": {"uv": [29, 44], "uv_size": [0.5, 0.5]},
								"east": {"uv": [27, 4], "uv_size": [8, 0.5]},
								"south": {"uv": [44, 29], "uv_size": [0.5, 0.5]},
								"west": {"uv": [27, 5], "uv_size": [8, 0.5]},
								"up": {"uv": [8, 27], "uv_size": [0.5, 8]},
								"down": {"uv": [9, 35], "uv_size": [0.5, -8]}
							}
						}
					]
				},
				{
					"name": "bone7",
					"parent": "inside_of_the_scope",
					"pivot": [0.97503, 1.54457, 0.5],
					"cubes": [
						{
							"origin": [0.95, 0.3, -3.95],
							"size": [0.05, 0.35, 5.3],
							"uv": {
								"north": {"uv": [30, 44], "uv_size": [0.5, 0.5]},
								"east": {"uv": [28, 18], "uv_size": [5.5, 0.5]},
								"south": {"uv": [44, 30], "uv_size": [0.5, 0.5]},
								"west": {"uv": [28, 19], "uv_size": [5.5, 0.5]},
								"up": {"uv": [12, 28], "uv_size": [0.5, 5.5]},
								"down": {"uv": [13, 33.5], "uv_size": [0.5, -5.5]}
							}
						}
					]
				},
				{
					"name": "mount",
					"parent": "ocular_ring",
					"pivot": [0.97503, 1.29457, -4]
				},
				{
					"name": "bone31",
					"parent": "mount",
					"pivot": [0.96213, 0.83536, -1.325],
					"cubes": [
						{
							"origin": [0.83713, 0.31036, -1.35],
							"size": [0.2, 0.35, 0.55],
							"pivot": [0.96213, 0.48536, -1.075],
							"rotation": [0, 0, 45],
							"uv": {
								"north": {"uv": [19, 34], "uv_size": [0.5, 0.5]},
								"east": {"uv": [34, 19], "uv_size": [0.5, 0.5]},
								"south": {"uv": [20, 34], "uv_size": [0.5, 0.5]},
								"west": {"uv": [34, 20], "uv_size": [0.5, 0.5]},
								"up": {"uv": [21, 34], "uv_size": [0.5, 0.5]},
								"down": {"uv": [34, 21.5], "uv_size": [0.5, -0.5]}
							}
						},
						{
							"origin": [0.75, 0.45, -1.35],
							"size": [0.25, 0.35, 0.55],
							"uv": {
								"north": {"uv": [22, 34], "uv_size": [0.5, 0.5]},
								"east": {"uv": [34, 22], "uv_size": [0.5, 0.5]},
								"south": {"uv": [23, 34], "uv_size": [0.5, 0.5]},
								"west": {"uv": [34, 23], "uv_size": [0.5, 0.5]},
								"up": {"uv": [24, 34], "uv_size": [0.5, 0.5]},
								"down": {"uv": [34, 24.5], "uv_size": [0.5, -0.5]}
							}
						},
						{
							"origin": [0.83713, 0.66036, -1.35],
							"size": [0.2, 0.35, 0.55],
							"pivot": [0.96213, 0.83536, -1.075],
							"rotation": [0, 0, 45],
							"uv": {
								"north": {"uv": [25, 34], "uv_size": [0.5, 0.5]},
								"east": {"uv": [34, 25], "uv_size": [0.5, 0.5]},
								"south": {"uv": [26, 34], "uv_size": [0.5, 0.5]},
								"west": {"uv": [34, 26], "uv_size": [0.5, 0.5]},
								"up": {"uv": [27, 34], "uv_size": [0.5, 0.5]},
								"down": {"uv": [34, 27.5], "uv_size": [0.5, -0.5]}
							}
						}
					]
				},
				{
					"name": "bone6",
					"parent": "mount",
					"pivot": [-0.96213, 0.83536, -1.325],
					"cubes": [
						{
							"origin": [-1.03713, 0.31036, -1.35],
							"size": [0.2, 0.35, 0.55],
							"pivot": [-0.96213, 0.48536, -1.075],
							"rotation": [0, 0, -45],
							"uv": {
								"north": {"uv": [28, 34], "uv_size": [0.5, 0.5]},
								"east": {"uv": [34, 28], "uv_size": [0.5, 0.5]},
								"south": {"uv": [29, 34], "uv_size": [0.5, 0.5]},
								"west": {"uv": [34, 29], "uv_size": [0.5, 0.5]},
								"up": {"uv": [30, 34], "uv_size": [0.5, 0.5]},
								"down": {"uv": [34, 30.5], "uv_size": [0.5, -0.5]}
							}
						},
						{
							"origin": [-1, 0.45, -1.35],
							"size": [0.25, 0.35, 0.55],
							"uv": {
								"north": {"uv": [31, 34], "uv_size": [0.5, 0.5]},
								"east": {"uv": [34, 31], "uv_size": [0.5, 0.5]},
								"south": {"uv": [32, 34], "uv_size": [0.5, 0.5]},
								"west": {"uv": [34, 32], "uv_size": [0.5, 0.5]},
								"up": {"uv": [33, 34], "uv_size": [0.5, 0.5]},
								"down": {"uv": [34, 33.5], "uv_size": [0.5, -0.5]}
							}
						},
						{
							"origin": [-1.03713, 0.66036, -1.35],
							"size": [0.2, 0.35, 0.55],
							"pivot": [-0.96213, 0.83536, -1.075],
							"rotation": [0, 0, -45],
							"uv": {
								"north": {"uv": [34, 34], "uv_size": [0.5, 0.5]},
								"east": {"uv": [0, 35], "uv_size": [0.5, 0.5]},
								"south": {"uv": [35, 0], "uv_size": [0.5, 0.5]},
								"west": {"uv": [1, 35], "uv_size": [0.5, 0.5]},
								"up": {"uv": [35, 1], "uv_size": [0.5, 0.5]},
								"down": {"uv": [2, 35.5], "uv_size": [0.5, -0.5]}
							}
						}
					]
				},
				{
					"name": "bone5",
					"parent": "mount",
					"pivot": [-0.97503, 1.29457, -4.6],
					"cubes": [
						{
							"origin": [-1, 0.15, -2],
							"size": [0.25, 0.65, 0.6],
							"uv": {
								"north": {"uv": [35, 2], "uv_size": [0.5, 0.5]},
								"east": {"uv": [3, 35], "uv_size": [0.5, 0.5]},
								"south": {"uv": [35, 3], "uv_size": [0.5, 0.5]},
								"west": {"uv": [4, 35], "uv_size": [0.5, 0.5]},
								"up": {"uv": [35, 4], "uv_size": [0.5, 0.5]},
								"down": {"uv": [5, 35.5], "uv_size": [0.5, -0.5]}
							}
						},
						{
							"origin": [-1.05, -0.05, -1.5],
							"size": [0.3, 0.6, 0.1],
							"pivot": [-0.825, 0.575, -1.575],
							"rotation": [0, 0, -22.5],
							"uv": {
								"north": {"uv": [35, 5], "uv_size": [0.5, 0.5]},
								"east": {"uv": [6, 35], "uv_size": [0.5, 0.5]},
								"south": {"uv": [35, 6], "uv_size": [0.5, 0.5]},
								"west": {"uv": [7, 35], "uv_size": [0.5, 0.5]},
								"up": {"uv": [35, 7], "uv_size": [0.5, 0.5]},
								"down": {"uv": [8, 35.5], "uv_size": [0.5, -0.5]}
							}
						},
						{
							"origin": [-1.05, -0.05, -2],
							"size": [0.3, 0.6, 0.1],
							"pivot": [-0.825, 0.575, -2.075],
							"rotation": [0, 0, -22.5],
							"uv": {
								"north": {"uv": [35, 8], "uv_size": [0.5, 0.5]},
								"east": {"uv": [9, 35], "uv_size": [0.5, 0.5]},
								"south": {"uv": [35, 9], "uv_size": [0.5, 0.5]},
								"west": {"uv": [10, 35], "uv_size": [0.5, 0.5]},
								"up": {"uv": [35, 10], "uv_size": [0.5, 0.5]},
								"down": {"uv": [11, 35.5], "uv_size": [0.5, -0.5]}
							}
						},
						{
							"origin": [-0.8, -0.15, -2],
							"size": [0.35, 0.4, 0.6],
							"uv": {
								"north": {"uv": [35, 11], "uv_size": [0.5, 0.5]},
								"east": {"uv": [12, 35], "uv_size": [0.5, 0.5]},
								"south": {"uv": [35, 12], "uv_size": [0.5, 0.5]},
								"west": {"uv": [13, 35], "uv_size": [0.5, 0.5]},
								"up": {"uv": [35, 13], "uv_size": [0.5, 0.5]},
								"down": {"uv": [14, 35.5], "uv_size": [0.5, -0.5]}
							}
						},
						{
							"origin": [-0.8, -0.05, -2.15],
							"size": [0.3, 0.2, 0.85],
							"pivot": [-0.65, 0.05, -1.825],
							"rotation": [0, 0, 45],
							"uv": {
								"north": {"uv": [35, 14], "uv_size": [0.5, 0.5]},
								"east": {"uv": [31, 21], "uv_size": [1, 0.5]},
								"south": {"uv": [15, 35], "uv_size": [0.5, 0.5]},
								"west": {"uv": [22, 31], "uv_size": [1, 0.5]},
								"up": {"uv": [31, 26], "uv_size": [0.5, 1]},
								"down": {"uv": [31, 28], "uv_size": [0.5, -1]}
							}
						},
						{
							"origin": [-0.75, -0.1, -2.15],
							"size": [0.2, 0.3, 0.85],
							"pivot": [-0.65, 0.05, -1.825],
							"rotation": [0, 0, 45],
							"uv": {
								"north": {"uv": [35, 15], "uv_size": [0.5, 0.5]},
								"east": {"uv": [31, 28], "uv_size": [1, 0.5]},
								"south": {"uv": [16, 35], "uv_size": [0.5, 0.5]},
								"west": {"uv": [31, 29], "uv_size": [1, 0.5]},
								"up": {"uv": [30, 31], "uv_size": [0.5, 1]},
								"down": {"uv": [31, 32], "uv_size": [0.5, -1]}
							}
						},
						{
							"origin": [-1.03713, 0.66036, -2],
							"size": [0.2, 0.35, 0.6],
							"pivot": [-0.96213, 0.83536, -1.925],
							"rotation": [0, 0, -45],
							"uv": {
								"north": {"uv": [35, 16], "uv_size": [0.5, 0.5]},
								"east": {"uv": [17, 35], "uv_size": [0.5, 0.5]},
								"south": {"uv": [35, 17], "uv_size": [0.5, 0.5]},
								"west": {"uv": [18, 35], "uv_size": [0.5, 0.5]},
								"up": {"uv": [35, 18], "uv_size": [0.5, 0.5]},
								"down": {"uv": [19, 35.5], "uv_size": [0.5, -0.5]}
							}
						}
					]
				},
				{
					"name": "bone32",
					"parent": "mount",
					"pivot": [0.97503, 1.29457, -4.6],
					"cubes": [
						{
							"origin": [0.75, 0.15, -2],
							"size": [0.25, 0.65, 0.6],
							"uv": {
								"north": {"uv": [35, 19], "uv_size": [0.5, 0.5]},
								"east": {"uv": [20, 35], "uv_size": [0.5, 0.5]},
								"south": {"uv": [35, 20], "uv_size": [0.5, 0.5]},
								"west": {"uv": [21, 35], "uv_size": [0.5, 0.5]},
								"up": {"uv": [35, 21], "uv_size": [0.5, 0.5]},
								"down": {"uv": [22, 35.5], "uv_size": [0.5, -0.5]}
							}
						},
						{
							"origin": [0.75, -0.05, -1.5],
							"size": [0.3, 0.6, 0.1],
							"pivot": [0.825, 0.575, -1.575],
							"rotation": [0, 0, 22.5],
							"uv": {
								"north": {"uv": [35, 22], "uv_size": [0.5, 0.5]},
								"east": {"uv": [23, 35], "uv_size": [0.5, 0.5]},
								"south": {"uv": [35, 23], "uv_size": [0.5, 0.5]},
								"west": {"uv": [24, 35], "uv_size": [0.5, 0.5]},
								"up": {"uv": [35, 24], "uv_size": [0.5, 0.5]},
								"down": {"uv": [25, 35.5], "uv_size": [0.5, -0.5]}
							}
						},
						{
							"origin": [0.75, -0.05, -2],
							"size": [0.3, 0.6, 0.1],
							"pivot": [0.825, 0.575, -2.075],
							"rotation": [0, 0, 22.5],
							"uv": {
								"north": {"uv": [35, 25], "uv_size": [0.5, 0.5]},
								"east": {"uv": [26, 35], "uv_size": [0.5, 0.5]},
								"south": {"uv": [35, 26], "uv_size": [0.5, 0.5]},
								"west": {"uv": [27, 35], "uv_size": [0.5, 0.5]},
								"up": {"uv": [35, 27], "uv_size": [0.5, 0.5]},
								"down": {"uv": [28, 35.5], "uv_size": [0.5, -0.5]}
							}
						},
						{
							"origin": [0.45, -0.15, -2],
							"size": [0.35, 0.4, 0.6],
							"uv": {
								"north": {"uv": [35, 28], "uv_size": [0.5, 0.5]},
								"east": {"uv": [29, 35], "uv_size": [0.5, 0.5]},
								"south": {"uv": [35, 29], "uv_size": [0.5, 0.5]},
								"west": {"uv": [30, 35], "uv_size": [0.5, 0.5]},
								"up": {"uv": [35, 30], "uv_size": [0.5, 0.5]},
								"down": {"uv": [31, 35.5], "uv_size": [0.5, -0.5]}
							}
						},
						{
							"origin": [0.5, -0.05, -2.15],
							"size": [0.3, 0.2, 0.85],
							"pivot": [0.65, 0.05, -1.825],
							"rotation": [0, 0, -45],
							"uv": {
								"north": {"uv": [35, 31], "uv_size": [0.5, 0.5]},
								"east": {"uv": [32, 7], "uv_size": [1, 0.5]},
								"south": {"uv": [32, 35], "uv_size": [0.5, 0.5]},
								"west": {"uv": [32, 8], "uv_size": [1, 0.5]},
								"up": {"uv": [14, 32], "uv_size": [0.5, 1]},
								"down": {"uv": [32, 16], "uv_size": [0.5, -1]}
							}
						},
						{
							"origin": [0.55, -0.1, -2.15],
							"size": [0.2, 0.3, 0.85],
							"pivot": [0.65, 0.05, -1.825],
							"rotation": [0, 0, -45],
							"uv": {
								"north": {"uv": [35, 32], "uv_size": [0.5, 0.5]},
								"east": {"uv": [32, 16], "uv_size": [1, 0.5]},
								"south": {"uv": [33, 35], "uv_size": [0.5, 0.5]},
								"west": {"uv": [19, 32], "uv_size": [1, 0.5]},
								"up": {"uv": [20, 32], "uv_size": [0.5, 1]},
								"down": {"uv": [32, 22], "uv_size": [0.5, -1]}
							}
						},
						{
							"origin": [0.83713, 0.66036, -2],
							"size": [0.2, 0.35, 0.6],
							"pivot": [0.96213, 0.83536, -1.925],
							"rotation": [0, 0, 45],
							"uv": {
								"north": {"uv": [35, 33], "uv_size": [0.5, 0.5]},
								"east": {"uv": [34, 35], "uv_size": [0.5, 0.5]},
								"south": {"uv": [35, 34], "uv_size": [0.5, 0.5]},
								"west": {"uv": [35, 35], "uv_size": [0.5, 0.5]},
								"up": {"uv": [0, 36], "uv_size": [0.5, 0.5]},
								"down": {"uv": [36, 0.5], "uv_size": [0.5, -0.5]}
							}
						}
					]
				},
				{
					"name": "bone4",
					"parent": "mount",
					"pivot": [0.97503, 1.29457, -4],
					"cubes": [
						{
							"origin": [-0.5, -0.25, -2.5],
							"size": [1, 0.35, 1.6],
							"uv": {
								"north": {"uv": [22, 32], "uv_size": [1, 0.5]},
								"east": {"uv": [29, 20], "uv_size": [1.5, 0.5]},
								"south": {"uv": [32, 22], "uv_size": [1, 0.5]},
								"west": {"uv": [29, 21], "uv_size": [1.5, 0.5]},
								"up": {"uv": [29, 6], "uv_size": [1, 1.5]},
								"down": {"uv": [19, 30.5], "uv_size": [1, -1.5]}
							}
						},
						{
							"origin": [-0.25, 0.1, -2.5],
							"size": [0.5, 0.1, 1.6],
							"uv": {
								"north": {"uv": [1, 36], "uv_size": [0.5, 0.5]},
								"east": {"uv": [29, 28], "uv_size": [1.5, 0.5]},
								"south": {"uv": [36, 1], "uv_size": [0.5, 0.5]},
								"west": {"uv": [29, 29], "uv_size": [1.5, 0.5]},
								"up": {"uv": [30, 6], "uv_size": [0.5, 1.5]},
								"down": {"uv": [29, 31.5], "uv_size": [0.5, -1.5]}
							}
						},
						{
							"origin": [0, -0.25, -2],
							"size": [0.54012, 0.30305, 0.6],
							"pivot": [0, -0.075, -1.7],
							"rotation": [0, 0, -22.5],
							"uv": {
								"north": {"uv": [2, 36], "uv_size": [0.5, 0.5]},
								"east": {"uv": [36, 2], "uv_size": [0.5, 0.5]},
								"south": {"uv": [3, 36], "uv_size": [0.5, 0.5]},
								"west": {"uv": [36, 3], "uv_size": [0.5, 0.5]},
								"up": {"uv": [4, 36], "uv_size": [0.5, 0.5]},
								"down": {"uv": [36, 4.5], "uv_size": [0.5, -0.5]}
							}
						},
						{
							"origin": [-0.52184, -0.15811, -2],
							"size": [0.44012, 0.30305, 0.6],
							"pivot": [-0.22184, 0.01689, -1.7],
							"rotation": [0, 0, 22.5],
							"uv": {
								"north": {"uv": [5, 36], "uv_size": [0.5, 0.5]},
								"east": {"uv": [36, 5], "uv_size": [0.5, 0.5]},
								"south": {"uv": [6, 36], "uv_size": [0.5, 0.5]},
								"west": {"uv": [36, 6], "uv_size": [0.5, 0.5]},
								"up": {"uv": [7, 36], "uv_size": [0.5, 0.5]},
								"down": {"uv": [36, 7.5], "uv_size": [0.5, -0.5]}
							}
						},
						{
							"origin": [0.01982, -0.3557, -2.5],
							"size": [0.19012, 0.30305, 1.6],
							"pivot": [0.43988, -0.20417, -1.2],
							"rotation": [0, 0, 45],
							"uv": {
								"north": {"uv": [8, 36], "uv_size": [0.5, 0.5]},
								"east": {"uv": [30, 30], "uv_size": [1.5, 0.5]},
								"south": {"uv": [36, 8], "uv_size": [0.5, 0.5]},
								"west": {"uv": [31, 6], "uv_size": [1.5, 0.5]},
								"up": {"uv": [31, 7], "uv_size": [0.5, 1.5]},
								"down": {"uv": [31, 16.5], "uv_size": [0.5, -1.5]}
							}
						},
						{
							"origin": [-0.38499, -0.12589, -2.5],
							"size": [0.19012, 0.30305, 1.6],
							"pivot": [-0.28993, 0.02564, -1.7],
							"rotation": [0, 0, 45],
							"uv": {
								"north": {"uv": [9, 36], "uv_size": [0.5, 0.5]},
								"east": {"uv": [19, 31], "uv_size": [1.5, 0.5]},
								"south": {"uv": [36, 9], "uv_size": [0.5, 0.5]},
								"west": {"uv": [31, 20], "uv_size": [1.5, 0.5]},
								"up": {"uv": [16, 31], "uv_size": [0.5, 1.5]},
								"down": {"uv": [21, 32.5], "uv_size": [0.5, -1.5]}
							}
						}
					]
				},
				{
					"name": "ocular",
					"pivot": [0, 1.13837, 0.025],
					"cubes": [
						{
							"origin": [-1, 0.16962, -1.35],
							"size": [2, 1.82813, 0.0625],
							"uv": {
								"south": {"uv": [43, 44], "uv_size": [2, 2]}
							}
						}
					]
				},
				{
					"name": "scope_view",
					"pivot": [0, 1.14375, 8.175]
				},
				{
					"name": "division",
					"pivot": [0.10625, 6.55, -44.825],
					"cubes": [
						{
							"origin": [-26.1875, -24.375, -119],
							"size": [52.375, 52.375, 0.25],
							"uv": {
								"south": {"uv": [45.5, 47], "uv_size": [2, 2]}
							}
						},
						{
							"origin": [-93.01875, -61.475, -119],
							"size": [66.85, 125.125, 0.25],
							"uv": {
								"south": {"uv": [128, 0], "uv_size": [1, 1]}
							}
						},
						{
							"origin": [25.85625, -61.15, -119],
							"size": [67.475, 124.7, 0.25],
							"uv": {
								"south": {"uv": [128, 0], "uv_size": [1, 1]}
							}
						},
						{
							"origin": [-27.04375, 27.25, -119],
							"size": [54.075, 36, 0.25],
							"uv": {
								"south": {"uv": [128, 0], "uv_size": [1, 1]}
							}
						},
						{
							"origin": [-27.04375, -61.0625, -119],
							"size": [54.075, 36.7375, 0.25],
							"uv": {
								"south": {"uv": [128, 0], "uv_size": [1, 1]}
							}
						}
					]
				},
				{
					"name": "division_illuminated",
					"parent": "division",
					"pivot": [0.3875, 7.05, -31],
					"cubes": [
						{
							"origin": [-8.5, -7.5, -119],
							"size": [17, 17, 0.25],
							"uv": {
								"south": {"uv": [64, 0], "uv_size": [64, 64]}
							}
						}
					]
				}
			]
		}
	]
}