{
	"format_version": "1.12.0",
	"minecraft:geometry": [
		{
			"description": {
				"identifier": "geometry.hhs2_cr",
				"texture_width": 256,
				"texture_height": 128,
				"visible_bounds_width": 13,
				"visible_bounds_height": 9,
				"visible_bounds_offset": [0, 0.5, 0]
			},
			"bones": [
				{
					"name": "scope_body",
					"pivot": [0, 0.75, 0]
				},
				{
					"name": "eotech_exps3",
					"parent": "scope_body",
					"pivot": [0, 0.75, 0],
					"cubes": [
						{
							"origin": [1.5, 1.1125, -3.9375],
							"size": [0.01562, 0.4375, 1.0625],
							"uv": {
								"north": {"uv": [31, 25], "uv_size": [0.5, 0.5]},
								"south": {"uv": [26, 31], "uv_size": [0.5, 0.5]},
								"west": {"uv": [27, 18], "uv_size": [1, 0.5]},
								"up": {"uv": [19, 27], "uv_size": [0.5, 1]},
								"down": {"uv": [27, 20], "uv_size": [0.5, -1]}
							}
						}
					]
				},
				{
					"name": "button",
					"parent": "eotech_exps3",
					"pivot": [1.5, 0.4375, 1.5625]
				},
				{
					"name": "group3",
					"parent": "button",
					"pivot": [1.5, 0.4375, 1.5625],
					"cubes": [
						{
							"origin": [1.4375, 0.425, -2.6875],
							"size": [0.125, 0.375, 0.5625],
							"uv": {
								"north": {"uv": [17, 30], "uv_size": [0.5, 0.5]},
								"south": {"uv": [30, 17], "uv_size": [0.5, 0.5]},
								"west": {"uv": [18, 30], "uv_size": [0.5, 0.5]},
								"up": {"uv": [30, 18], "uv_size": [0.5, 0.5]},
								"down": {"uv": [19, 30.5], "uv_size": [0.5, -0.5]}
							}
						},
						{
							"origin": [1.4375, 0.425, -3.375],
							"size": [0.125, 0.375, 0.5625],
							"uv": {
								"north": {"uv": [30, 19], "uv_size": [0.5, 0.5]},
								"south": {"uv": [20, 30], "uv_size": [0.5, 0.5]},
								"west": {"uv": [30, 20], "uv_size": [0.5, 0.5]},
								"up": {"uv": [21, 30], "uv_size": [0.5, 0.5]},
								"down": {"uv": [30, 21.5], "uv_size": [0.5, -0.5]}
							}
						},
						{
							"origin": [1.4375, 1.1125, -2.625],
							"size": [0.125, 0.375, 0.375],
							"pivot": [1.5, 1.3, -2.4375],
							"rotation": [-45, 0, 0],
							"uv": {
								"north": {"uv": [22, 30], "uv_size": [0.5, 0.5]},
								"east": {"uv": [30, 22], "uv_size": [0.5, 0.5]},
								"south": {"uv": [23, 30], "uv_size": [0.5, 0.5]},
								"west": {"uv": [30, 23], "uv_size": [0.5, 0.5]},
								"up": {"uv": [24, 30], "uv_size": [0.5, 0.5]},
								"down": {"uv": [30, 24.5], "uv_size": [0.5, -0.5]}
							}
						}
					]
				},
				{
					"name": "screw2",
					"parent": "eotech_exps3",
					"pivot": [1.0625, -0.375, -1.375],
					"cubes": [
						{
							"origin": [-1.34375, 0.55, -2.70711],
							"size": [0.71875, 0.25, 0.25],
							"pivot": [-0.84375, 0.3, -2.95711],
							"rotation": [-45, 0, 0],
							"uv": {
								"north": {"uv": [29, 30], "uv_size": [0.5, 0.5]},
								"east": {"uv": [30, 29], "uv_size": [0.5, 0.5]},
								"south": {"uv": [30, 30], "uv_size": [0.5, 0.5]},
								"west": {"uv": [0, 31], "uv_size": [0.5, 0.5]},
								"up": {"uv": [31, 0], "uv_size": [0.5, 0.5]},
								"down": {"uv": [1, 31.5], "uv_size": [0.5, -0.5]}
							}
						},
						{
							"origin": [0.5625, 0.7375, -4.0625],
							"size": [0.96875, 0.25, 0.25],
							"pivot": [1.0625, 0.4875, -4.3125],
							"rotation": [-45, 0, 0],
							"uv": {
								"north": {"uv": [6, 27], "uv_size": [1, 0.5]},
								"east": {"uv": [31, 1], "uv_size": [0.5, 0.5]},
								"south": {"uv": [27, 6], "uv_size": [1, 0.5]},
								"west": {"uv": [2, 31], "uv_size": [0.5, 0.5]},
								"up": {"uv": [7, 27], "uv_size": [1, 0.5]},
								"down": {"uv": [27, 7.5], "uv_size": [1, -0.5]}
							}
						},
						{
							"origin": [0.5625, 0.7375, -5.125],
							"size": [0.96875, 0.25, 0.25],
							"pivot": [1.0625, 0.4875, -5.375],
							"rotation": [-45, 0, 0],
							"uv": {
								"north": {"uv": [8, 27], "uv_size": [1, 0.5]},
								"east": {"uv": [31, 2], "uv_size": [0.5, 0.5]},
								"south": {"uv": [27, 8], "uv_size": [1, 0.5]},
								"west": {"uv": [3, 31], "uv_size": [0.5, 0.5]},
								"up": {"uv": [9, 27], "uv_size": [1, 0.5]},
								"down": {"uv": [27, 10.5], "uv_size": [1, -0.5]}
							}
						}
					]
				},
				{
					"name": "group4",
					"parent": "screw2",
					"pivot": [0.65625, -0.625, 1.59283],
					"cubes": [
						{
							"origin": [0.4694, 1.4569, -3.04779],
							"size": [0.1875, 0.1875, 0.95312],
							"pivot": [0.1875, 1.175, -2.56342],
							"rotation": [0, 0, 45],
							"uv": {
								"north": {"uv": [25, 30], "uv_size": [0.5, 0.5]},
								"east": {"uv": [26, 15], "uv_size": [1, 0.5]},
								"south": {"uv": [30, 25], "uv_size": [0.5, 0.5]},
								"west": {"uv": [26, 17], "uv_size": [1, 0.5]},
								"up": {"uv": [18, 26], "uv_size": [0.5, 1]},
								"down": {"uv": [26, 19], "uv_size": [0.5, -1]}
							}
						},
						{
							"origin": [-0.6569, 0.7056, -3.04779],
							"size": [0.1875, 0.1875, 0.95312],
							"pivot": [-0.1875, 1.175, -2.56342],
							"rotation": [0, 0, 45],
							"uv": {
								"north": {"uv": [26, 30], "uv_size": [0.5, 0.5]},
								"east": {"uv": [19, 26], "uv_size": [1, 0.5]},
								"south": {"uv": [30, 26], "uv_size": [0.5, 0.5]},
								"west": {"uv": [26, 19], "uv_size": [1, 0.5]},
								"up": {"uv": [20, 26], "uv_size": [0.5, 1]},
								"down": {"uv": [21, 27], "uv_size": [0.5, -1]}
							}
						},
						{
							"origin": [-0.75, 0.09688, -2.92279],
							"size": [0.1875, 0.28125, 1.03125],
							"uv": {
								"east": {"uv": [26, 22], "uv_size": [1, 0.5]},
								"south": {"uv": [27, 30], "uv_size": [0.5, 0.5]},
								"west": {"uv": [23, 26], "uv_size": [1, 0.5]},
								"up": {"uv": [26, 23], "uv_size": [0.5, 1]},
								"down": {"uv": [24, 27], "uv_size": [0.5, -1]}
							}
						},
						{
							"origin": [-0.79688, 0.14375, -2.92279],
							"size": [0.28125, 0.1875, 1.03125],
							"uv": {
								"east": {"uv": [26, 24], "uv_size": [1, 0.5]},
								"south": {"uv": [30, 27], "uv_size": [0.5, 0.5]},
								"west": {"uv": [25, 26], "uv_size": [1, 0.5]},
								"up": {"uv": [26, 26], "uv_size": [0.5, 1]},
								"down": {"uv": [0, 28], "uv_size": [0.5, -1]}
							}
						},
						{
							"origin": [0.5625, 0.09688, -2.92279],
							"size": [0.1875, 0.28125, 1.03125],
							"uv": {
								"east": {"uv": [27, 0], "uv_size": [1, 0.5]},
								"south": {"uv": [28, 30], "uv_size": [0.5, 0.5]},
								"west": {"uv": [1, 27], "uv_size": [1, 0.5]},
								"up": {"uv": [27, 1], "uv_size": [0.5, 1]},
								"down": {"uv": [3, 28], "uv_size": [0.5, -1]}
							}
						},
						{
							"origin": [0.51562, 0.14375, -2.92279],
							"size": [0.28125, 0.1875, 1.03125],
							"uv": {
								"east": {"uv": [27, 3], "uv_size": [1, 0.5]},
								"south": {"uv": [30, 28], "uv_size": [0.5, 0.5]},
								"west": {"uv": [4, 27], "uv_size": [1, 0.5]},
								"up": {"uv": [27, 4], "uv_size": [0.5, 1]},
								"down": {"uv": [5, 28], "uv_size": [0.5, -1]}
							}
						}
					]
				},
				{
					"name": "octagon2",
					"parent": "screw2",
					"pivot": [0, 0.75, 0],
					"cubes": [
						{
							"origin": [-1.1875, 1.19645, -3.375],
							"size": [0.125, 0.2071, 0.5],
							"pivot": [-0.75, 1.3, -3.125],
							"rotation": [-45, 0, 0],
							"uv": {
								"north": {"uv": [31, 3], "uv_size": [0.5, 0.5]},
								"east": {"uv": [4, 31], "uv_size": [0.5, 0.5]},
								"south": {"uv": [31, 4], "uv_size": [0.5, 0.5]},
								"west": {"uv": [5, 31], "uv_size": [0.5, 0.5]}
							}
						},
						{
							"origin": [-1.1875, 1.19645, -3.375],
							"size": [0.125, 0.2071, 0.5],
							"uv": {
								"north": {"uv": [31, 9], "uv_size": [0.5, 0.5]},
								"east": {"uv": [10, 31], "uv_size": [0.5, 0.5]},
								"south": {"uv": [31, 10], "uv_size": [0.5, 0.5]}
							}
						},
						{
							"origin": [-1.1875, 1.05, -3.22855],
							"size": [0.125, 0.5, 0.2071],
							"pivot": [-0.75, 1.3, -3.125],
							"rotation": [-45, 0, 0],
							"uv": {
								"east": {"uv": [11, 31], "uv_size": [0.5, 0.5]},
								"west": {"uv": [31, 11], "uv_size": [0.5, 0.5]},
								"up": {"uv": [12, 31], "uv_size": [0.5, 0.5]},
								"down": {"uv": [31, 12.5], "uv_size": [0.5, -0.5]}
							}
						},
						{
							"origin": [-1.1875, 1.05, -3.22855],
							"size": [0.125, 0.5, 0.2071],
							"uv": {
								"east": {"uv": [13, 31], "uv_size": [0.5, 0.5]},
								"up": {"uv": [31, 13], "uv_size": [0.5, 0.5]},
								"down": {"uv": [14, 31.5], "uv_size": [0.5, -0.5]}
							}
						}
					]
				},
				{
					"name": "octagon3",
					"parent": "octagon2",
					"pivot": [0, 0.75, 0],
					"cubes": [
						{
							"origin": [-1.0875, 1.07788, -3.6807],
							"size": [0.025, 0.41924, 1.1364],
							"pivot": [-0.6875, 1.2875, -3.1125],
							"rotation": [-45, 0, 0],
							"uv": {
								"north": {"uv": [31, 5], "uv_size": [0.5, 0.5]},
								"east": {"uv": [11, 27], "uv_size": [1, 0.5]},
								"south": {"uv": [6, 31], "uv_size": [0.5, 0.5]},
								"west": {"uv": [27, 11], "uv_size": [1, 0.5]}
							}
						},
						{
							"origin": [-1.0875, 1.03395, -3.6625],
							"size": [0.025, 0.5071, 1.1],
							"uv": {
								"north": {"uv": [31, 6], "uv_size": [0.5, 0.5]},
								"east": {"uv": [12, 27], "uv_size": [1, 0.5]},
								"south": {"uv": [7, 31], "uv_size": [0.5, 0.5]}
							}
						},
						{
							"origin": [-1.0875, 0.7193, -3.32212],
							"size": [0.025, 1.1364, 0.41924],
							"pivot": [-0.6875, 1.2875, -3.1125],
							"rotation": [-45, 0, 0],
							"uv": {
								"east": {"uv": [27, 13], "uv_size": [0.5, 1]},
								"west": {"uv": [14, 27], "uv_size": [0.5, 1]},
								"up": {"uv": [31, 7], "uv_size": [0.5, 0.5]},
								"down": {"uv": [8, 31.5], "uv_size": [0.5, -0.5]}
							}
						},
						{
							"origin": [-1.0875, 0.7375, -3.36605],
							"size": [0.025, 1.1, 0.5071],
							"uv": {
								"east": {"uv": [27, 14], "uv_size": [0.5, 1]},
								"up": {"uv": [31, 8], "uv_size": [0.5, 0.5]},
								"down": {"uv": [9, 31.5], "uv_size": [0.5, -0.5]}
							}
						}
					]
				},
				{
					"name": "octagon4",
					"parent": "screw2",
					"pivot": [0, 0.75, 0],
					"cubes": [
						{
							"origin": [-1.1875, 0.88395, -4.8125],
							"size": [0.125, 0.2071, 0.5],
							"pivot": [-0.6875, 0.9875, -4.5625],
							"rotation": [-45, 0, 0],
							"uv": {
								"north": {"uv": [31, 14], "uv_size": [0.5, 0.5]},
								"east": {"uv": [15, 31], "uv_size": [0.5, 0.5]},
								"south": {"uv": [31, 15], "uv_size": [0.5, 0.5]},
								"west": {"uv": [16, 31], "uv_size": [0.5, 0.5]}
							}
						},
						{
							"origin": [-1.1875, 0.88395, -4.8125],
							"size": [0.125, 0.2071, 0.5],
							"uv": {
								"north": {"uv": [31, 16], "uv_size": [0.5, 0.5]},
								"east": {"uv": [17, 31], "uv_size": [0.5, 0.5]},
								"south": {"uv": [31, 17], "uv_size": [0.5, 0.5]}
							}
						},
						{
							"origin": [-1.1875, 0.7375, -4.66605],
							"size": [0.125, 0.5, 0.2071],
							"pivot": [-0.6875, 0.9875, -4.5625],
							"rotation": [-45, 0, 0],
							"uv": {
								"east": {"uv": [18, 31], "uv_size": [0.5, 0.5]},
								"west": {"uv": [31, 18], "uv_size": [0.5, 0.5]},
								"up": {"uv": [19, 31], "uv_size": [0.5, 0.5]},
								"down": {"uv": [31, 19.5], "uv_size": [0.5, -0.5]}
							}
						},
						{
							"origin": [-1.1875, 0.7375, -4.66605],
							"size": [0.125, 0.5, 0.2071],
							"uv": {
								"east": {"uv": [20, 31], "uv_size": [0.5, 0.5]},
								"up": {"uv": [31, 20], "uv_size": [0.5, 0.5]},
								"down": {"uv": [21, 31.5], "uv_size": [0.5, -0.5]}
							}
						}
					]
				},
				{
					"name": "octagon5",
					"parent": "octagon4",
					"pivot": [0, 0.75, 0],
					"cubes": [
						{
							"origin": [-1.0875, 0.77788, -5.1307],
							"size": [0.025, 0.41924, 1.1364],
							"pivot": [-0.6875, 0.9875, -4.5625],
							"rotation": [-45, 0, 0],
							"uv": {
								"north": {"uv": [31, 21], "uv_size": [0.5, 0.5]},
								"east": {"uv": [15, 27], "uv_size": [1, 0.5]},
								"south": {"uv": [22, 31], "uv_size": [0.5, 0.5]},
								"west": {"uv": [27, 15], "uv_size": [1, 0.5]}
							}
						},
						{
							"origin": [-1.0875, 0.73395, -5.1125],
							"size": [0.025, 0.5071, 1.1],
							"uv": {
								"north": {"uv": [31, 22], "uv_size": [0.5, 0.5]},
								"east": {"uv": [16, 27], "uv_size": [1, 0.5]},
								"south": {"uv": [23, 31], "uv_size": [0.5, 0.5]}
							}
						},
						{
							"origin": [-1.0875, 0.4193, -4.77212],
							"size": [0.025, 1.1364, 0.41924],
							"pivot": [-0.6875, 0.9875, -4.5625],
							"rotation": [-45, 0, 0],
							"uv": {
								"east": {"uv": [27, 16], "uv_size": [0.5, 1]},
								"west": {"uv": [27, 17], "uv_size": [0.5, 1]},
								"up": {"uv": [31, 23], "uv_size": [0.5, 0.5]},
								"down": {"uv": [24, 31.5], "uv_size": [0.5, -0.5]}
							}
						},
						{
							"origin": [-1.0875, 0.4375, -4.81605],
							"size": [0.025, 1.1, 0.5071],
							"uv": {
								"east": {"uv": [18, 27], "uv_size": [0.5, 1]},
								"up": {"uv": [31, 24], "uv_size": [0.5, 0.5]},
								"down": {"uv": [25, 31.5], "uv_size": [0.5, -0.5]}
							}
						}
					]
				},
				{
					"name": "shell",
					"parent": "eotech_exps3",
					"pivot": [0, 0.75, 0]
				},
				{
					"name": "group5",
					"parent": "shell",
					"pivot": [0, 1.38258, 1.32636],
					"cubes": [
						{
							"origin": [1.375, 0.05, -3.3125],
							"size": [0.125, 1.625, 1.3125],
							"uv": {
								"east": {"uv": [13, 15], "uv_size": [1.5, 1.5]},
								"south": {"uv": [14, 23], "uv_size": [0.5, 1.5]},
								"west": {"uv": [15, 15], "uv_size": [1.5, 1.5]},
								"down": {"uv": [22, 24.5], "uv_size": [0.5, -1.5]}
							}
						},
						{
							"origin": [1.1875, 1.8, -4.5],
							"size": [0.125, 0.8125, 1.875],
							"uv": {
								"north": {"uv": [20, 27], "uv_size": [0.5, 1]},
								"east": {"uv": [13, 17], "uv_size": [2, 1]},
								"south": {"uv": [27, 20], "uv_size": [0.5, 1]},
								"west": {"uv": [17, 13], "uv_size": [2, 1]}
							}
						},
						{
							"origin": [1.375, 0.2375, -5.1875],
							"size": [0.125, 1.125, 1.875],
							"uv": {
								"north": {"uv": [21, 27], "uv_size": [0.5, 1]},
								"east": {"uv": [15, 17], "uv_size": [2, 1]},
								"west": {"uv": [17, 15], "uv_size": [2, 1]},
								"down": {"uv": [2, 24], "uv_size": [0.5, -2]}
							}
						},
						{
							"origin": [-0.71875, 3.01875, -4.5],
							"size": [1.44024, 0.12557, 1.875],
							"uv": {
								"north": {"uv": [23, 19], "uv_size": [1.5, 0.5]},
								"east": {"uv": [5, 22], "uv_size": [2, 0.5]},
								"south": {"uv": [23, 23], "uv_size": [1.5, 0.5]},
								"up": {"uv": [8, 9], "uv_size": [1.5, 2]},
								"down": {"uv": [0, 12], "uv_size": [1.5, -2]}
							}
						},
						{
							"origin": [1.375, 1.3625, -4.875],
							"size": [0.125, 0.3125, 1.5625],
							"uv": {
								"east": {"uv": [24, 0], "uv_size": [1.5, 0.5]},
								"west": {"uv": [24, 1], "uv_size": [1.5, 0.5]},
								"up": {"uv": [2, 24], "uv_size": [0.5, 1.5]}
							}
						},
						{
							"origin": [1.1875, 1.7375, -4.75],
							"size": [0.125, 0.125, 2.75],
							"uv": {
								"north": {"uv": [31, 26], "uv_size": [0.5, 0.5]},
								"east": {"uv": [19, 2], "uv_size": [3, 0.5]},
								"south": {"uv": [27, 31], "uv_size": [0.5, 0.5]},
								"up": {"uv": [19, 15], "uv_size": [0.5, 3]},
								"down": {"uv": [18, 22], "uv_size": [0.5, -3]}
							}
						},
						{
							"origin": [1.28282, 1.58504, -4.75],
							"size": [0.125, 0.26517, 2.75],
							"pivot": [1.34532, 1.74129, -3.75],
							"rotation": [0, 0, -45],
							"uv": {
								"north": {"uv": [31, 27], "uv_size": [0.5, 0.5]},
								"east": {"uv": [19, 3], "uv_size": [3, 0.5]},
								"south": {"uv": [28, 31], "uv_size": [0.5, 0.5]},
								"west": {"uv": [19, 13], "uv_size": [3, 0.5]}
							}
						},
						{
							"origin": [1.1875, 1.70625, -4.6875],
							"size": [0.125, 0.65625, 0.25],
							"pivot": [-0.0625, 1.925, -4.34375],
							"rotation": [-22.5, 0, 0],
							"uv": {
								"north": {"uv": [31, 28], "uv_size": [0.5, 0.5]},
								"east": {"uv": [29, 31], "uv_size": [0.5, 0.5]},
								"west": {"uv": [31, 29], "uv_size": [0.5, 0.5]}
							}
						},
						{
							"origin": [0.65343, 2.92718, -4.5],
							"size": [0.48438, 0.125, 1.875],
							"pivot": [0.91906, 2.92718, -3.5625],
							"rotation": [0, 0, 22.5],
							"uv": {
								"north": {"uv": [30, 31], "uv_size": [0.5, 0.5]},
								"south": {"uv": [31, 30], "uv_size": [0.5, 0.5]},
								"up": {"uv": [8, 22], "uv_size": [0.5, 2]},
								"down": {"uv": [9, 24], "uv_size": [0.5, -2]}
							}
						},
						{
							"origin": [1.375, 1.00044, -5.00092],
							"size": [0.125, 0.44195, 0.25],
							"pivot": [0.125, 1.40669, -4.65717],
							"rotation": [-45, 0, 0],
							"uv": {
								"north": {"uv": [31, 31], "uv_size": [0.5, 0.5]},
								"east": {"uv": [0, 32], "uv_size": [0.5, 0.5]},
								"west": {"uv": [32, 0], "uv_size": [0.5, 0.5]}
							}
						},
						{
							"origin": [1.1133, 2.54801, -4.5],
							"size": [0.125, 0.375, 1.875],
							"pivot": [1.1133, 2.76676, -3.5625],
							"rotation": [0, 0, -22.5],
							"uv": {
								"north": {"uv": [1, 32], "uv_size": [0.5, 0.5]},
								"east": {"uv": [22, 9], "uv_size": [2, 0.5]},
								"south": {"uv": [32, 1], "uv_size": [0.5, 0.5]},
								"west": {"uv": [22, 10], "uv_size": [2, 0.5]}
							}
						},
						{
							"origin": [1.1875, 1.78643, -2.51202],
							"size": [0.125, 0.14062, 0.5],
							"pivot": [1.25, 1.86455, -2.16827],
							"rotation": [-22.5, 0, 0],
							"uv": {
								"east": {"uv": [2, 32], "uv_size": [0.5, 0.5]},
								"south": {"uv": [32, 2], "uv_size": [0.5, 0.5]},
								"west": {"uv": [3, 32], "uv_size": [0.5, 0.5]},
								"up": {"uv": [32, 3], "uv_size": [0.5, 0.5]},
								"down": {"uv": [4, 32.5], "uv_size": [0.5, -0.5]}
							}
						},
						{
							"origin": [-1.2383, 2.54801, -4.5],
							"size": [0.125, 0.375, 1.875],
							"pivot": [-1.1133, 2.76676, -3.5625],
							"rotation": [0, 0, 22.5],
							"uv": {
								"north": {"uv": [32, 4], "uv_size": [0.5, 0.5]},
								"east": {"uv": [22, 11], "uv_size": [2, 0.5]},
								"south": {"uv": [5, 32], "uv_size": [0.5, 0.5]},
								"west": {"uv": [22, 12], "uv_size": [2, 0.5]}
							}
						},
						{
							"origin": [-1.13781, 2.92718, -4.5],
							"size": [0.48438, 0.125, 1.875],
							"pivot": [-0.91906, 2.92718, -3.5625],
							"rotation": [0, 0, -22.5],
							"uv": {
								"north": {"uv": [32, 5], "uv_size": [0.5, 0.5]},
								"south": {"uv": [6, 32], "uv_size": [0.5, 0.5]},
								"west": {"uv": [13, 22], "uv_size": [2, 0.5]},
								"up": {"uv": [22, 13], "uv_size": [0.5, 2]},
								"down": {"uv": [15, 24], "uv_size": [0.5, -2]}
							}
						},
						{
							"origin": [1.1875, 1.74508, -2.73614],
							"size": [0.125, 0.75, 0.3125],
							"pivot": [-0.0625, 1.99508, -2.67364],
							"rotation": [22.5, 0, 0],
							"uv": {
								"east": {"uv": [27, 21], "uv_size": [0.5, 1]},
								"south": {"uv": [22, 27], "uv_size": [0.5, 1]},
								"west": {"uv": [27, 22], "uv_size": [0.5, 1]}
							}
						},
						{
							"origin": [1.375, 0.16014, -3.6787],
							"size": [0.125, 0.1875, 0.5],
							"pivot": [1.4375, 0.44139, -3.52245],
							"rotation": [-22.5, 0, 0],
							"uv": {
								"east": {"uv": [32, 6], "uv_size": [0.5, 0.5]},
								"west": {"uv": [7, 32], "uv_size": [0.5, 0.5]},
								"down": {"uv": [32, 7.5], "uv_size": [0.5, -0.5]}
							}
						}
					]
				},
				{
					"name": "group6",
					"parent": "shell",
					"pivot": [-0.8125, 0.03661, -0.65089],
					"cubes": [
						{
							"origin": [-1.3125, 0.05, -2.625],
							"size": [0.125, 1.8125, 0.625],
							"uv": {
								"north": {"uv": [16, 22], "uv_size": [0.5, 2]},
								"east": {"uv": [17, 22], "uv_size": [0.5, 2]},
								"south": {"uv": [18, 22], "uv_size": [0.5, 2]},
								"west": {"uv": [22, 18], "uv_size": [0.5, 2]},
								"down": {"uv": [8, 32.5], "uv_size": [0.5, -0.5]}
							}
						},
						{
							"origin": [-1.3125, 0.425, -5.1875],
							"size": [0.125, 0.9375, 0.125],
							"uv": {
								"north": {"uv": [23, 27], "uv_size": [0.5, 1]},
								"east": {"uv": [27, 23], "uv_size": [0.5, 1]},
								"south": {"uv": [24, 27], "uv_size": [0.5, 1]},
								"west": {"uv": [27, 24], "uv_size": [0.5, 1]}
							}
						},
						{
							"origin": [-1.3125, 1.55, -4.6875],
							"size": [0.125, 0.8125, 0.6875],
							"pivot": [0.0625, 1.925, -4.34375],
							"rotation": [-22.5, 0, 0],
							"uv": {
								"north": {"uv": [25, 27], "uv_size": [0.5, 1]},
								"east": {"uv": [27, 25], "uv_size": [0.5, 1]},
								"west": {"uv": [26, 27], "uv_size": [0.5, 1]},
								"down": {"uv": [32, 8.5], "uv_size": [0.5, -0.5]}
							}
						},
						{
							"origin": [-1.3125, 1.00044, -5.00092],
							"size": [0.125, 0.625, 0.125],
							"pivot": [0.0625, 1.40669, -4.65717],
							"rotation": [-45, 0, 0],
							"uv": {
								"north": {"uv": [9, 32], "uv_size": [0.5, 0.5]},
								"east": {"uv": [32, 9], "uv_size": [0.5, 0.5]},
								"west": {"uv": [10, 32], "uv_size": [0.5, 0.5]},
								"up": {"uv": [32, 10], "uv_size": [0.5, 0.5]}
							}
						},
						{
							"origin": [-1.3125, 1.74508, -2.73614],
							"size": [0.125, 0.75, 0.3125],
							"pivot": [0.0625, 1.99508, -2.67364],
							"rotation": [22.5, 0, 0],
							"uv": {
								"east": {"uv": [27, 26], "uv_size": [0.5, 1]},
								"south": {"uv": [27, 27], "uv_size": [0.5, 1]},
								"west": {"uv": [0, 28], "uv_size": [0.5, 1]}
							}
						},
						{
							"origin": [-1.3125, 1.73955, -2.51202],
							"size": [0.125, 0.1875, 0.5],
							"pivot": [-1.25, 1.86455, -2.16827],
							"rotation": [-22.5, 0, 0],
							"uv": {
								"east": {"uv": [11, 32], "uv_size": [0.5, 0.5]},
								"west": {"uv": [32, 11], "uv_size": [0.5, 0.5]},
								"up": {"uv": [12, 32], "uv_size": [0.5, 0.5]}
							}
						},
						{
							"origin": [-1.3125, 1.04112, -2.625],
							"size": [0.125, 0.51776, 0.25],
							"pivot": [-0.8125, 1.3, -3.125],
							"rotation": [-45, 0, 0],
							"uv": {
								"north": {"uv": [32, 12], "uv_size": [0.5, 0.5]},
								"east": {"uv": [13, 32], "uv_size": [0.5, 0.5]},
								"west": {"uv": [32, 13], "uv_size": [0.5, 0.5]}
							}
						},
						{
							"origin": [-1.3125, 0.55, -3.38388],
							"size": [0.125, 0.25, 0.51776],
							"pivot": [-0.8125, 1.3, -3.125],
							"rotation": [-45, 0, 0],
							"uv": {
								"east": {"uv": [14, 32], "uv_size": [0.5, 0.5]},
								"west": {"uv": [32, 14], "uv_size": [0.5, 0.5]},
								"up": {"uv": [15, 32], "uv_size": [0.5, 0.5]}
							}
						},
						{
							"origin": [-1.3125, 1.8, -3.38388],
							"size": [0.125, 0.25, 0.51776],
							"pivot": [-0.8125, 1.3, -3.125],
							"rotation": [-45, 0, 0],
							"uv": {
								"east": {"uv": [32, 15], "uv_size": [0.5, 0.5]},
								"west": {"uv": [16, 32], "uv_size": [0.5, 0.5]},
								"down": {"uv": [32, 16.5], "uv_size": [0.5, -0.5]}
							}
						},
						{
							"origin": [-1.3125, 0.72862, -5.1875],
							"size": [0.125, 0.58026, 0.125],
							"pivot": [-0.8125, 0.9875, -4.5625],
							"rotation": [-45, 0, 0],
							"uv": {
								"east": {"uv": [17, 32], "uv_size": [0.5, 0.5]},
								"south": {"uv": [32, 17], "uv_size": [0.5, 0.5]},
								"west": {"uv": [18, 32], "uv_size": [0.5, 0.5]},
								"up": {"uv": [32, 18], "uv_size": [0.5, 0.5]}
							}
						},
						{
							"origin": [-1.3125, 0.72862, -4.0625],
							"size": [0.125, 0.51776, 0.25],
							"pivot": [-0.8125, 0.9875, -4.5625],
							"rotation": [-45, 0, 0],
							"uv": {
								"north": {"uv": [19, 32], "uv_size": [0.5, 0.5]},
								"east": {"uv": [32, 19], "uv_size": [0.5, 0.5]},
								"south": {"uv": [20, 32], "uv_size": [0.5, 0.5]},
								"west": {"uv": [32, 20], "uv_size": [0.5, 0.5]}
							}
						},
						{
							"origin": [-1.3125, 0.72862, -4.0625],
							"size": [0.125, 0.83026, 0.4375],
							"uv": {
								"north": {"uv": [28, 0], "uv_size": [0.5, 1]},
								"east": {"uv": [1, 28], "uv_size": [0.5, 1]},
								"south": {"uv": [28, 1], "uv_size": [0.5, 1]},
								"west": {"uv": [2, 28], "uv_size": [0.5, 1]}
							}
						},
						{
							"origin": [-1.3125, 0.3625, -4.82138],
							"size": [0.125, 0.125, 0.51776],
							"pivot": [-0.8125, 0.9875, -4.5625],
							"rotation": [-45, 0, 0],
							"uv": {
								"east": {"uv": [21, 32], "uv_size": [0.5, 0.5]},
								"west": {"uv": [32, 21], "uv_size": [0.5, 0.5]},
								"up": {"uv": [22, 32], "uv_size": [0.5, 0.5]}
							}
						},
						{
							"origin": [-1.3125, 1.4875, -4.82138],
							"size": [0.125, 0.99632, 0.55438],
							"pivot": [-0.8125, 0.9875, -4.5625],
							"rotation": [-45, 0, 0],
							"uv": {
								"east": {"uv": [28, 2], "uv_size": [0.5, 1]},
								"south": {"uv": [3, 28], "uv_size": [0.5, 1]},
								"west": {"uv": [28, 3], "uv_size": [0.5, 1]},
								"down": {"uv": [32, 22.5], "uv_size": [0.5, -0.5]}
							}
						},
						{
							"origin": [-1.3125, 1.4875, -4.82138],
							"size": [0.125, 0.1875, 0.51776],
							"uv": {
								"east": {"uv": [23, 32], "uv_size": [0.5, 0.5]},
								"west": {"uv": [32, 23], "uv_size": [0.5, 0.5]},
								"up": {"uv": [24, 32], "uv_size": [0.5, 0.5]},
								"down": {"uv": [32, 24.5], "uv_size": [0.5, -0.5]}
							}
						},
						{
							"origin": [-1.3125, 0.05, -3.3125],
							"size": [0.125, 0.75, 0.6875],
							"uv": {
								"east": {"uv": [4, 28], "uv_size": [0.5, 1]},
								"west": {"uv": [28, 4], "uv_size": [0.5, 1]},
								"up": {"uv": [25, 32], "uv_size": [0.5, 0.5]},
								"down": {"uv": [32, 25.5], "uv_size": [0.5, -0.5]}
							}
						},
						{
							"origin": [-1.3125, 0.2375, -4],
							"size": [0.125, 0.5625, 0.6875],
							"uv": {
								"north": {"uv": [26, 32], "uv_size": [0.5, 0.5]},
								"east": {"uv": [32, 26], "uv_size": [0.5, 0.5]},
								"west": {"uv": [27, 32], "uv_size": [0.5, 0.5]},
								"up": {"uv": [32, 27], "uv_size": [0.5, 0.5]},
								"down": {"uv": [28, 32.5], "uv_size": [0.5, -0.5]}
							}
						},
						{
							"origin": [-1.3125, 0.16014, -3.6787],
							"size": [0.125, 0.1875, 0.5],
							"pivot": [-1.25, 0.44139, -3.52245],
							"rotation": [-22.5, 0, 0],
							"uv": {
								"east": {"uv": [32, 28], "uv_size": [0.5, 0.5]},
								"west": {"uv": [29, 32], "uv_size": [0.5, 0.5]},
								"down": {"uv": [32, 29.5], "uv_size": [0.5, -0.5]}
							}
						},
						{
							"origin": [-1.3125, 0.2375, -5.1875],
							"size": [0.125, 0.25, 1.1875],
							"uv": {
								"north": {"uv": [30, 32], "uv_size": [0.5, 0.5]},
								"east": {"uv": [5, 28], "uv_size": [1, 0.5]},
								"west": {"uv": [28, 5], "uv_size": [1, 0.5]},
								"up": {"uv": [6, 28], "uv_size": [0.5, 1]},
								"down": {"uv": [28, 7], "uv_size": [0.5, -1]}
							}
						},
						{
							"origin": [-1.3125, 0.27411, -4.78477],
							"size": [0.125, 0.125, 0.26777],
							"pivot": [-0.8125, 0.89911, -4.65089],
							"rotation": [-45, 0, 0],
							"uv": {
								"east": {"uv": [32, 30], "uv_size": [0.5, 0.5]},
								"west": {"uv": [31, 32], "uv_size": [0.5, 0.5]}
							}
						},
						{
							"origin": [-1.3125, 1.8, -4.5],
							"size": [0.125, 0.8125, 1.875],
							"uv": {
								"north": {"uv": [7, 28], "uv_size": [0.5, 1]},
								"east": {"uv": [17, 16], "uv_size": [2, 1]},
								"south": {"uv": [28, 7], "uv_size": [0.5, 1]},
								"west": {"uv": [17, 17], "uv_size": [2, 1]},
								"down": {"uv": [19, 24], "uv_size": [0.5, -2]}
							}
						}
					]
				},
				{
					"name": "group7",
					"parent": "eotech_exps3",
					"pivot": [1.17388, -0.84375, -1.25938],
					"cubes": [
						{
							"origin": [-0.375, -0.075, -4.875],
							"size": [1.4375, 0.375, 2.625],
							"uv": {
								"north": {"uv": [3, 24], "uv_size": [1.5, 0.5]},
								"south": {"uv": [5, 24], "uv_size": [1.5, 0.5]},
								"west": {"uv": [21, 17], "uv_size": [2.5, 0.5]},
								"down": {"uv": [9, 2.5], "uv_size": [1.5, -2.5]}
							}
						},
						{
							"origin": [0.375, -0.2625, -4.875],
							"size": [0.5, 0.1875, 2.625],
							"uv": {
								"east": {"uv": [21, 21], "uv_size": [2.5, 0.5]},
								"south": {"uv": [32, 31], "uv_size": [0.5, 0.5]},
								"down": {"uv": [0, 24.5], "uv_size": [0.5, -2.5]}
							}
						},
						{
							"origin": [-1.12565, -0.11318, -3.1875],
							"size": [0.26516, 0.1875, 0.9375],
							"pivot": [-1.11049, -0.01943, -3.8125],
							"rotation": [0, 0, 45],
							"uv": {
								"north": {"uv": [32, 32], "uv_size": [0.5, 0.5]},
								"south": {"uv": [0, 33], "uv_size": [0.5, 0.5]},
								"down": {"uv": [8, 29], "uv_size": [0.5, -1]}
							}
						},
						{
							"origin": [-0.375, -0.075, -5.4375],
							"size": [0.75, 0.375, 0.5625],
							"uv": {
								"north": {"uv": [28, 8], "uv_size": [1, 0.5]},
								"down": {"uv": [9, 28.5], "uv_size": [1, -0.5]}
							}
						},
						{
							"origin": [-1, -0.2625, -3.1875],
							"size": [0.625, 0.1875, 0.9375],
							"uv": {
								"north": {"uv": [33, 0], "uv_size": [0.5, 0.5]},
								"south": {"uv": [1, 33], "uv_size": [0.5, 0.5]},
								"west": {"uv": [28, 9], "uv_size": [1, 0.5]},
								"down": {"uv": [10, 29], "uv_size": [0.5, -1]}
							}
						},
						{
							"origin": [0.73549, -0.11318, -4.875],
							"size": [0.26516, 0.1875, 2.625],
							"pivot": [0.98549, -0.01943, -3.8125],
							"rotation": [0, 0, -45],
							"uv": {
								"north": {"uv": [33, 1], "uv_size": [0.5, 0.5]},
								"south": {"uv": [2, 33], "uv_size": [0.5, 0.5]},
								"down": {"uv": [22, 2.5], "uv_size": [0.5, -2.5]}
							}
						},
						{
							"origin": [-1.1875, -0.075, -3.1875],
							"size": [0.8125, 0.375, 0.9375],
							"uv": {
								"north": {"uv": [28, 10], "uv_size": [1, 0.5]},
								"east": {"uv": [11, 28], "uv_size": [1, 0.5]},
								"south": {"uv": [28, 11], "uv_size": [1, 0.5]},
								"up": {"uv": [4, 3], "uv_size": [1, 1]}
							}
						},
						{
							"origin": [-0.875, -0.325, -5.4375],
							"size": [0.5, 0.625, 2.25],
							"uv": {
								"north": {"uv": [33, 2], "uv_size": [0.5, 0.5]},
								"south": {"uv": [3, 33], "uv_size": [0.5, 0.5]},
								"west": {"uv": [22, 3], "uv_size": [2.5, 0.5]},
								"down": {"uv": [1, 24.5], "uv_size": [0.5, -2.5]}
							}
						},
						{
							"origin": [-1.0625, -0.325, -5.25],
							"size": [0.1875, 0.625, 1.875],
							"uv": {
								"east": {"uv": [22, 15], "uv_size": [2, 0.5]},
								"down": {"uv": [20, 24], "uv_size": [0.5, -2]}
							}
						},
						{
							"origin": [-0.73641, -0.325, -5.30243],
							"size": [0.1875, 0.625, 0.26517],
							"pivot": [-0.64266, -0.0125, -5.53726],
							"rotation": [0, -45, 0],
							"uv": {
								"east": {"uv": [33, 3], "uv_size": [0.5, 0.5]},
								"up": {"uv": [4, 33], "uv_size": [0.5, 0.5]},
								"down": {"uv": [33, 4.5], "uv_size": [0.5, -0.5]}
							}
						},
						{
							"origin": [-0.99621, -0.325, -3.48012],
							"size": [0.1875, 0.625, 0.26516],
							"pivot": [-0.90246, -0.0125, -3.34754],
							"rotation": [0, 45, 0],
							"uv": {
								"east": {"uv": [5, 33], "uv_size": [0.5, 0.5]},
								"up": {"uv": [33, 5], "uv_size": [0.5, 0.5]},
								"down": {"uv": [6, 33.5], "uv_size": [0.5, -0.5]}
							}
						},
						{
							"origin": [0.375, -0.325, -5.4375],
							"size": [0.5, 0.625, 0.5625],
							"uv": {
								"north": {"uv": [33, 6], "uv_size": [0.5, 0.5]},
								"east": {"uv": [7, 33], "uv_size": [0.5, 0.5]},
								"south": {"uv": [33, 7], "uv_size": [0.5, 0.5]},
								"down": {"uv": [8, 33.5], "uv_size": [0.5, -0.5]}
							}
						},
						{
							"origin": [0.7603, -0.325, -5.46181],
							"size": [0.21526, 0.625, 0.51968],
							"pivot": [0.98638, 0.01875, -5.19688],
							"rotation": [0, 22.5, 0],
							"uv": {
								"south": {"uv": [33, 8], "uv_size": [0.5, 0.5]},
								"west": {"uv": [9, 33], "uv_size": [0.5, 0.5]},
								"up": {"uv": [33, 9], "uv_size": [0.5, 0.5]},
								"down": {"uv": [10, 33.5], "uv_size": [0.5, -0.5]}
							}
						}
					]
				},
				{
					"name": "clip",
					"parent": "eotech_exps3",
					"pivot": [0, 0.75, 0]
				},
				{
					"name": "octagon6",
					"parent": "clip",
					"pivot": [0, 0.75, 0],
					"cubes": [
						{
							"origin": [-1.1875, -0.09017, -4.5],
							"size": [0.625, 0.15534, 0.375],
							"pivot": [-0.75, -0.0125, -4.3125],
							"rotation": [-45, 0, 0],
							"uv": {
								"north": {"uv": [33, 10], "uv_size": [0.5, 0.5]},
								"east": {"uv": [11, 33], "uv_size": [0.5, 0.5]},
								"south": {"uv": [33, 11], "uv_size": [0.5, 0.5]},
								"west": {"uv": [12, 33], "uv_size": [0.5, 0.5]}
							}
						},
						{
							"origin": [-1.1875, -0.09017, -4.5],
							"size": [0.625, 0.15534, 0.375],
							"uv": {
								"north": {"uv": [33, 12], "uv_size": [0.5, 0.5]},
								"east": {"uv": [13, 33], "uv_size": [0.5, 0.5]},
								"south": {"uv": [33, 13], "uv_size": [0.5, 0.5]}
							}
						},
						{
							"origin": [-1.1875, -0.2, -4.39017],
							"size": [0.625, 0.375, 0.15534],
							"pivot": [-0.75, -0.0125, -4.3125],
							"rotation": [-45, 0, 0],
							"uv": {
								"east": {"uv": [14, 33], "uv_size": [0.5, 0.5]},
								"west": {"uv": [33, 14], "uv_size": [0.5, 0.5]},
								"up": {"uv": [15, 33], "uv_size": [0.5, 0.5]},
								"down": {"uv": [33, 15.5], "uv_size": [0.5, -0.5]}
							}
						},
						{
							"origin": [-1.1875, -0.2, -4.39017],
							"size": [0.625, 0.375, 0.15534],
							"uv": {
								"east": {"uv": [16, 33], "uv_size": [0.5, 0.5]},
								"up": {"uv": [33, 16], "uv_size": [0.5, 0.5]},
								"down": {"uv": [17, 33.5], "uv_size": [0.5, -0.5]}
							}
						}
					]
				},
				{
					"name": "group8",
					"parent": "clip",
					"pivot": [0.99042, -0.84375, -0.60724],
					"cubes": [
						{
							"origin": [1.3125, -0.2625, -3.78125],
							"size": [0.1875, 0.29688, 1.65625],
							"uv": {
								"east": {"uv": [8, 24], "uv_size": [1.5, 0.5]},
								"south": {"uv": [33, 17], "uv_size": [0.5, 0.5]},
								"west": {"uv": [24, 9], "uv_size": [1.5, 0.5]},
								"up": {"uv": [10, 24], "uv_size": [0.5, 1.5]},
								"down": {"uv": [24, 11.5], "uv_size": [0.5, -1.5]}
							}
						},
						{
							"origin": [1.3125, -0.3415, -3.89331],
							"size": [0.1875, 0.25, 0.5],
							"pivot": [1.4375, -0.2165, -3.04956],
							"rotation": [-22.5, 0, 0],
							"uv": {
								"east": {"uv": [18, 33], "uv_size": [0.5, 0.5]},
								"west": {"uv": [33, 18], "uv_size": [0.5, 0.5]},
								"up": {"uv": [19, 33], "uv_size": [0.5, 0.5]}
							}
						},
						{
							"origin": [1.3125, -0.2625, -4.5625],
							"size": [0.1875, 0.48438, 0.78125],
							"uv": {
								"east": {"uv": [12, 28], "uv_size": [1, 0.5]},
								"west": {"uv": [28, 12], "uv_size": [1, 0.5]},
								"up": {"uv": [13, 28], "uv_size": [0.5, 1]},
								"down": {"uv": [28, 14], "uv_size": [0.5, -1]}
							}
						},
						{
							"origin": [0.77167, -0.2625, -4.73224],
							"size": [0.6875, 0.48438, 0.375],
							"pivot": [1.05292, 0.01875, -4.54474],
							"rotation": [0, -22.5, 0],
							"uv": {
								"north": {"uv": [33, 19], "uv_size": [0.5, 0.5]},
								"south": {"uv": [20, 33], "uv_size": [0.5, 0.5]},
								"up": {"uv": [33, 20], "uv_size": [0.5, 0.5]},
								"down": {"uv": [21, 33.5], "uv_size": [0.5, -0.5]}
							}
						}
					]
				},
				{
					"name": "octagon7",
					"parent": "eotech_exps3",
					"pivot": [0, 0.75, 0],
					"cubes": [
						{
							"origin": [-1.3125, 0.72325, -6.375],
							"size": [0.25, 0.466, 1.125],
							"pivot": [-0.0625, 0.95625, -5.8125],
							"rotation": [-45, 0, 0],
							"uv": {
								"north": {"uv": [33, 21], "uv_size": [0.5, 0.5]},
								"east": {"uv": [14, 28], "uv_size": [1, 0.5]},
								"south": {"uv": [22, 33], "uv_size": [0.5, 0.5]},
								"west": {"uv": [28, 14], "uv_size": [1, 0.5]}
							}
						},
						{
							"origin": [-1.3125, 0.72325, -6.375],
							"size": [0.25, 0.466, 1.125],
							"uv": {
								"north": {"uv": [33, 22], "uv_size": [0.5, 0.5]},
								"east": {"uv": [15, 28], "uv_size": [1, 0.5]},
								"south": {"uv": [23, 33], "uv_size": [0.5, 0.5]}
							}
						},
						{
							"origin": [-1.3125, 0.39375, -6.0455],
							"size": [0.25, 1.125, 0.466],
							"pivot": [-0.0625, 0.95625, -5.8125],
							"rotation": [-45, 0, 0],
							"uv": {
								"east": {"uv": [28, 15], "uv_size": [0.5, 1]},
								"west": {"uv": [16, 28], "uv_size": [0.5, 1]},
								"up": {"uv": [33, 23], "uv_size": [0.5, 0.5]},
								"down": {"uv": [24, 33.5], "uv_size": [0.5, -0.5]}
							}
						},
						{
							"origin": [-1.3125, 0.39375, -6.0455],
							"size": [0.25, 1.125, 0.466],
							"uv": {
								"east": {"uv": [28, 16], "uv_size": [0.5, 1]},
								"up": {"uv": [33, 24], "uv_size": [0.5, 0.5]},
								"down": {"uv": [25, 33.5], "uv_size": [0.5, -0.5]}
							}
						}
					]
				},
				{
					"name": "body",
					"parent": "eotech_exps3",
					"pivot": [-1.16984, 1.44757, -7.5],
					"cubes": [
						{
							"origin": [0.875, 1.4875, -6.0625],
							"size": [0.1875, 0.125, 1.8125],
							"uv": {
								"west": {"uv": [22, 20], "uv_size": [2, 0.5]},
								"up": {"uv": [21, 22], "uv_size": [0.5, 2]}
							}
						},
						{
							"origin": [0.875, 1.4875, -4.25],
							"size": [0.1875, 1.125, 1.5],
							"uv": {
								"north": {"uv": [17, 28], "uv_size": [0.5, 1]},
								"east": {"uv": [19, 19], "uv_size": [1.5, 1]},
								"west": {"uv": [20, 0], "uv_size": [1.5, 1]}
							}
						},
						{
							"origin": [-0.75, 2.7375, -4.25],
							"size": [1.5, 0.1875, 1.5],
							"uv": {
								"north": {"uv": [11, 24], "uv_size": [1.5, 0.5]},
								"south": {"uv": [24, 12], "uv_size": [1.5, 0.5]},
								"up": {"uv": [16, 0], "uv_size": [1.5, 1.5]},
								"down": {"uv": [16, 3.5], "uv_size": [1.5, -1.5]}
							}
						},
						{
							"origin": [0.875, 1.35986, -2.95077],
							"size": [0.1875, 1.25, 0.4375],
							"pivot": [0.96875, 2.01611, -2.63827],
							"rotation": [22.5, 0, 0],
							"uv": {
								"east": {"uv": [13, 24], "uv_size": [0.5, 1.5]},
								"south": {"uv": [15, 24], "uv_size": [0.5, 1.5]},
								"west": {"uv": [16, 24], "uv_size": [0.5, 1.5]}
							}
						},
						{
							"origin": [-1.0625, 1.4875, -6.0625],
							"size": [0.1875, 0.125, 1.8125],
							"uv": {
								"east": {"uv": [22, 22], "uv_size": [2, 0.5]},
								"up": {"uv": [23, 0], "uv_size": [0.5, 2]}
							}
						},
						{
							"origin": [-1.0625, 1.35986, -2.95077],
							"size": [0.1875, 1.25, 0.4375],
							"pivot": [-0.96875, 2.01611, -2.63827],
							"rotation": [22.5, 0, 0],
							"uv": {
								"east": {"uv": [17, 24], "uv_size": [0.5, 1.5]},
								"south": {"uv": [18, 24], "uv_size": [0.5, 1.5]},
								"west": {"uv": [19, 24], "uv_size": [0.5, 1.5]}
							}
						},
						{
							"origin": [-0.875, 1.1125, -6.1875],
							"size": [1.75, 0.375, 0.125],
							"uv": {
								"east": {"uv": [33, 25], "uv_size": [0.5, 0.5]},
								"west": {"uv": [26, 33], "uv_size": [0.5, 0.5]},
								"up": {"uv": [23, 2], "uv_size": [2, 0.5]}
							}
						},
						{
							"origin": [-1.0625, 1.79511, -4.65042],
							"size": [0.1875, 0.3125, 0.5625],
							"pivot": [0, 1.88886, -4.02542],
							"rotation": [45, 0, 0],
							"uv": {
								"east": {"uv": [33, 26], "uv_size": [0.5, 0.5]},
								"west": {"uv": [27, 33], "uv_size": [0.5, 0.5]},
								"up": {"uv": [33, 27], "uv_size": [0.5, 0.5]}
							}
						},
						{
							"origin": [0.875, 1.79511, -4.65042],
							"size": [0.1875, 0.3125, 0.5625],
							"pivot": [0, 1.88886, -4.02542],
							"rotation": [45, 0, 0],
							"uv": {
								"east": {"uv": [28, 33], "uv_size": [0.5, 0.5]},
								"west": {"uv": [33, 28], "uv_size": [0.5, 0.5]},
								"up": {"uv": [29, 33], "uv_size": [0.5, 0.5]}
							}
						},
						{
							"origin": [-1.0625, 0.3, -6.0625],
							"size": [2.125, 1.1875, 3.8125],
							"uv": {
								"east": {"uv": [8, 7], "uv_size": [4, 1]},
								"south": {"uv": [18, 0], "uv_size": [2, 1]},
								"west": {"uv": [8, 8], "uv_size": [4, 1]},
								"up": {"uv": [0, 0], "uv_size": [2, 4]},
								"down": {"uv": [2, 4], "uv_size": [2, -4]}
							}
						},
						{
							"origin": [1.0625, 0.05, -3.25],
							"size": [0.3125, 1.6875, 0.875],
							"uv": {
								"north": {"uv": [20, 24], "uv_size": [0.5, 1.5]},
								"east": {"uv": [2, 20], "uv_size": [1, 1.5]},
								"up": {"uv": [28, 17], "uv_size": [0.5, 1]},
								"down": {"uv": [18, 29], "uv_size": [0.5, -1]}
							}
						},
						{
							"origin": [-0.9375, 0.05, -2.25],
							"size": [1.875, 0.75, 0.25],
							"uv": {
								"east": {"uv": [28, 18], "uv_size": [0.5, 1]},
								"south": {"uv": [18, 1], "uv_size": [2, 1]},
								"west": {"uv": [19, 28], "uv_size": [0.5, 1]},
								"down": {"uv": [3, 23.5], "uv_size": [2, -0.5]}
							}
						},
						{
							"origin": [0.48234, 2.27882, -4.25],
							"size": [0.44195, 0.1875, 1.5],
							"pivot": [1.16984, 2.37257, -3.25],
							"rotation": [0, 0, 45],
							"uv": {
								"north": {"uv": [33, 29], "uv_size": [0.5, 0.5]},
								"south": {"uv": [30, 33], "uv_size": [0.5, 0.5]},
								"up": {"uv": [24, 20], "uv_size": [0.5, 1.5]},
								"down": {"uv": [21, 25.5], "uv_size": [0.5, -1.5]}
							}
						},
						{
							"origin": [-0.9375, 0.72124, -2.39595],
							"size": [1.875, 0.67188, 0.25],
							"pivot": [0, 1.12749, -2.27095],
							"rotation": [22.5, 0, 0],
							"uv": {
								"east": {"uv": [33, 30], "uv_size": [0.5, 0.5]},
								"south": {"uv": [23, 4], "uv_size": [2, 0.5]},
								"west": {"uv": [31, 33], "uv_size": [0.5, 0.5]}
							}
						},
						{
							"origin": [1.0625, 0.05, -2.375],
							"size": [0.3125, 1.4375, 0.25],
							"uv": {
								"east": {"uv": [23, 24], "uv_size": [0.5, 1.5]},
								"south": {"uv": [24, 24], "uv_size": [0.5, 1.5]},
								"down": {"uv": [33, 31.5], "uv_size": [0.5, -0.5]}
							}
						},
						{
							"origin": [-0.97411, 1.37322, -6.0625],
							"size": [0.1875, 0.125, 3.6875],
							"pivot": [-0.78661, 1.43572, -5.15625],
							"rotation": [0, 0, 45],
							"uv": {
								"north": {"uv": [32, 33], "uv_size": [0.5, 0.5]},
								"east": {"uv": [18, 14], "uv_size": [3.5, 0.5]},
								"south": {"uv": [33, 32], "uv_size": [0.5, 0.5]},
								"up": {"uv": [16, 18], "uv_size": [0.5, 3.5]},
								"down": {"uv": [17, 21.5], "uv_size": [0.5, -3.5]}
							}
						},
						{
							"origin": [1.0625, 1.35963, -2.43371],
							"size": [0.3125, 0.35355, 0.25],
							"pivot": [1.21875, 1.49443, -2.30871],
							"rotation": [45, 0, 0],
							"uv": {
								"east": {"uv": [33, 33], "uv_size": [0.5, 0.5]},
								"south": {"uv": [0, 34], "uv_size": [0.5, 0.5]},
								"west": {"uv": [34, 0], "uv_size": [0.5, 0.5]}
							}
						},
						{
							"origin": [-1.0625, 1.4875, -4.25],
							"size": [0.1875, 1.125, 1.5],
							"uv": {
								"north": {"uv": [28, 19], "uv_size": [0.5, 1]},
								"east": {"uv": [20, 1], "uv_size": [1.5, 1]},
								"west": {"uv": [3, 20], "uv_size": [1.5, 1]}
							}
						},
						{
							"origin": [0.78661, 1.37322, -6.0625],
							"size": [0.1875, 0.125, 3.6875],
							"pivot": [0.78661, 1.43572, -5.15625],
							"rotation": [0, 0, -45],
							"uv": {
								"north": {"uv": [1, 34], "uv_size": [0.5, 0.5]},
								"south": {"uv": [34, 1], "uv_size": [0.5, 0.5]},
								"west": {"uv": [18, 18], "uv_size": [3.5, 0.5]},
								"up": {"uv": [7, 19], "uv_size": [0.5, 3.5]},
								"down": {"uv": [12, 22.5], "uv_size": [0.5, -3.5]}
							}
						},
						{
							"origin": [-0.92429, 2.27882, -4.25],
							"size": [0.44195, 0.1875, 1.5],
							"pivot": [-1.16984, 2.37257, -3.25],
							"rotation": [0, 0, -45],
							"uv": {
								"north": {"uv": [2, 34], "uv_size": [0.5, 0.5]},
								"south": {"uv": [34, 2], "uv_size": [0.5, 0.5]},
								"up": {"uv": [0, 25], "uv_size": [0.5, 1.5]},
								"down": {"uv": [1, 26.5], "uv_size": [0.5, -1.5]}
							}
						}
					]
				},
				{
					"name": "octagon8",
					"parent": "body",
					"pivot": [0, 0.75, 0],
					"cubes": [
						{
							"origin": [-1.0625, 0.68442, -6.44692],
							"size": [0.1875, 0.54366, 0.5],
							"pivot": [-0.5625, 0.95625, -5.79067],
							"rotation": [-45, 0, 0],
							"uv": {
								"north": {"uv": [3, 34], "uv_size": [0.5, 0.5]},
								"east": {"uv": [34, 3], "uv_size": [0.5, 0.5]},
								"west": {"uv": [4, 34], "uv_size": [0.5, 0.5]}
							}
						},
						{
							"origin": [0.875, 0.68442, -6.44692],
							"size": [0.4375, 0.54366, 0.5],
							"pivot": [1.375, 0.95625, -5.79067],
							"rotation": [-45, 0, 0],
							"uv": {
								"north": {"uv": [34, 4], "uv_size": [0.5, 0.5]},
								"east": {"uv": [5, 34], "uv_size": [0.5, 0.5]},
								"west": {"uv": [34, 5], "uv_size": [0.5, 0.5]}
							}
						},
						{
							"origin": [-0.875, 0.68442, -6.44692],
							"size": [1.75, 0.36688, 0.5],
							"pivot": [1.1875, 0.95625, -5.79067],
							"rotation": [-45, 0, 0],
							"uv": {
								"north": {"uv": [5, 23], "uv_size": [2, 0.5]}
							}
						},
						{
							"origin": [-1.0625, 0.68442, -6.44692],
							"size": [2.375, 0.54366, 0.5],
							"uv": {
								"north": {"uv": [22, 7], "uv_size": [2.5, 0.5]},
								"east": {"uv": [6, 34], "uv_size": [0.5, 0.5]},
								"west": {"uv": [34, 6], "uv_size": [0.5, 0.5]}
							}
						},
						{
							"origin": [1.0625, 0.3, -6.0625],
							"size": [0.25, 1.3125, 0.61558],
							"uv": {
								"west": {"uv": [25, 2], "uv_size": [0.5, 1.5]},
								"up": {"uv": [7, 34], "uv_size": [0.5, 0.5]},
								"down": {"uv": [34, 7.5], "uv_size": [0.5, -0.5]}
							}
						},
						{
							"origin": [0.88147, 0.3, -5.62546],
							"size": [0.25, 1.3125, 0.36558],
							"pivot": [1.00647, 0.95625, -5.31767],
							"rotation": [0, -45, 0],
							"uv": {
								"west": {"uv": [3, 25], "uv_size": [0.5, 1.5]},
								"up": {"uv": [8, 34], "uv_size": [0.5, 0.5]},
								"down": {"uv": [34, 8.5], "uv_size": [0.5, -0.5]}
							}
						},
						{
							"origin": [-1.0625, 0.3, -6.0625],
							"size": [2.375, 0.5, 0.54366],
							"pivot": [-0.5625, 0.95625, -5.79067],
							"rotation": [-45, 0, 0],
							"uv": {
								"east": {"uv": [9, 34], "uv_size": [0.5, 0.5]},
								"west": {"uv": [34, 9], "uv_size": [0.5, 0.5]},
								"down": {"uv": [22, 8.5], "uv_size": [2.5, -0.5]}
							}
						}
					]
				},
				{
					"name": "magnif",
					"parent": "scope_body",
					"pivot": [0, 0.75, 0]
				},
				{
					"name": "front",
					"parent": "magnif",
					"pivot": [0, 1.8125, -0.42187]
				},
				{
					"name": "group9",
					"parent": "front",
					"pivot": [0, 1.82813, -0.8125],
					"cubes": [
						{
							"origin": [-1.12072, 1.6932, -0.3125],
							"size": [0.24572, 0.96985, 1.61875],
							"uv": {
								"north": {"uv": [20, 28], "uv_size": [0.5, 1]},
								"east": {"uv": [20, 9], "uv_size": [1.5, 1]},
								"south": {"uv": [28, 20], "uv_size": [0.5, 1]},
								"west": {"uv": [20, 10], "uv_size": [1.5, 1]},
								"up": {"uv": [4, 25], "uv_size": [0.5, 1.5]},
								"down": {"uv": [25, 5.5], "uv_size": [0.5, -1.5]}
							}
						},
						{
							"origin": [-0.44957, 1.04276, -0.3125],
							"size": [0.89913, 0.26037, 1.61875],
							"pivot": [0, 2.17813, -1.8125],
							"rotation": [0, 0, 45],
							"uv": {
								"north": {"uv": [21, 28], "uv_size": [1, 0.5]},
								"east": {"uv": [24, 15], "uv_size": [1.5, 0.5]},
								"south": {"uv": [28, 21], "uv_size": [1, 0.5]},
								"west": {"uv": [24, 17], "uv_size": [1.5, 0.5]},
								"up": {"uv": [5, 20], "uv_size": [1, 1.5]},
								"down": {"uv": [13, 21.5], "uv_size": [1, -1.5]}
							}
						},
						{
							"origin": [-1.13536, 1.72855, -0.30737],
							"size": [0.26036, 0.89914, 1.61362],
							"pivot": [0, 2.17813, -1.8125],
							"rotation": [0, 0, 45],
							"uv": {
								"north": {"uv": [22, 28], "uv_size": [0.5, 1]},
								"east": {"uv": [14, 20], "uv_size": [1.5, 1]},
								"south": {"uv": [28, 22], "uv_size": [0.5, 1]},
								"west": {"uv": [20, 15], "uv_size": [1.5, 1]},
								"up": {"uv": [5, 25], "uv_size": [0.5, 1.5]},
								"down": {"uv": [6, 26.5], "uv_size": [0.5, -1.5]}
							}
						},
						{
							"origin": [-0.48493, 3.05313, -0.30737],
							"size": [0.96986, 0.24571, 1.61362],
							"uv": {
								"north": {"uv": [23, 28], "uv_size": [1, 0.5]},
								"east": {"uv": [24, 22], "uv_size": [1.5, 0.5]},
								"south": {"uv": [28, 23], "uv_size": [1, 0.5]},
								"west": {"uv": [25, 6], "uv_size": [1.5, 0.5]},
								"up": {"uv": [20, 16], "uv_size": [1, 1.5]},
								"down": {"uv": [19, 21.5], "uv_size": [1, -1.5]}
							}
						},
						{
							"origin": [-1.42542, 1.98848, 0.24263],
							"size": [0.49571, 0.4, 0.4],
							"uv": {
								"north": {"uv": [10, 34], "uv_size": [0.5, 0.5]},
								"east": {"uv": [34, 10], "uv_size": [0.5, 0.5]},
								"south": {"uv": [11, 34], "uv_size": [0.5, 0.5]},
								"west": {"uv": [34, 11], "uv_size": [0.5, 0.5]},
								"up": {"uv": [12, 34], "uv_size": [0.5, 0.5]},
								"down": {"uv": [34, 12.5], "uv_size": [0.5, -0.5]}
							}
						},
						{
							"origin": [-1.37542, 1.88848, 0.24263],
							"size": [0.44571, 0.6, 0.4],
							"uv": {
								"north": {"uv": [13, 34], "uv_size": [0.5, 0.5]},
								"east": {"uv": [34, 13], "uv_size": [0.5, 0.5]},
								"south": {"uv": [14, 34], "uv_size": [0.5, 0.5]},
								"west": {"uv": [34, 14], "uv_size": [0.5, 0.5]},
								"up": {"uv": [15, 34], "uv_size": [0.5, 0.5]},
								"down": {"uv": [34, 15.5], "uv_size": [0.5, -0.5]}
							}
						},
						{
							"origin": [-1.37542, 1.98848, 0.14263],
							"size": [0.44571, 0.4, 0.6],
							"uv": {
								"north": {"uv": [16, 34], "uv_size": [0.5, 0.5]},
								"east": {"uv": [34, 16], "uv_size": [0.5, 0.5]},
								"south": {"uv": [17, 34], "uv_size": [0.5, 0.5]},
								"west": {"uv": [34, 17], "uv_size": [0.5, 0.5]},
								"up": {"uv": [18, 34], "uv_size": [0.5, 0.5]},
								"down": {"uv": [34, 18.5], "uv_size": [0.5, -0.5]}
							}
						},
						{
							"origin": [-0.44956, 3.05313, -0.3125],
							"size": [0.89912, 0.26036, 1.61875],
							"pivot": [0, 2.17813, -1.8125],
							"rotation": [0, 0, 45],
							"uv": {
								"north": {"uv": [24, 28], "uv_size": [1, 0.5]},
								"east": {"uv": [7, 25], "uv_size": [1.5, 0.5]},
								"south": {"uv": [28, 24], "uv_size": [1, 0.5]},
								"west": {"uv": [25, 7], "uv_size": [1.5, 0.5]},
								"up": {"uv": [20, 20], "uv_size": [1, 1.5]},
								"down": {"uv": [3, 22.5], "uv_size": [1, -1.5]}
							}
						},
						{
							"origin": [0.875, 1.6932, -0.3125],
							"size": [0.24571, 0.96986, 1.61875],
							"uv": {
								"north": {"uv": [25, 28], "uv_size": [0.5, 1]},
								"east": {"uv": [21, 4], "uv_size": [1.5, 1]},
								"south": {"uv": [28, 25], "uv_size": [0.5, 1]},
								"west": {"uv": [21, 5], "uv_size": [1.5, 1]},
								"up": {"uv": [9, 25], "uv_size": [0.5, 1.5]},
								"down": {"uv": [25, 11.5], "uv_size": [0.5, -1.5]}
							}
						},
						{
							"origin": [0.875, 1.72856, -0.3125],
							"size": [0.26035, 0.89913, 1.61875],
							"pivot": [0, 2.17813, -1.8125],
							"rotation": [0, 0, 45],
							"uv": {
								"north": {"uv": [26, 28], "uv_size": [0.5, 1]},
								"east": {"uv": [21, 6], "uv_size": [1.5, 1]},
								"south": {"uv": [28, 26], "uv_size": [0.5, 1]},
								"west": {"uv": [8, 21], "uv_size": [1.5, 1]},
								"up": {"uv": [11, 25], "uv_size": [0.5, 1.5]},
								"down": {"uv": [12, 26.5], "uv_size": [0.5, -1.5]}
							}
						},
						{
							"origin": [-0.48493, 1.05742, -0.3125],
							"size": [0.96985, 0.24571, 1.61875],
							"uv": {
								"north": {"uv": [27, 28], "uv_size": [1, 0.5]},
								"east": {"uv": [25, 8], "uv_size": [1.5, 0.5]},
								"south": {"uv": [28, 27], "uv_size": [1, 0.5]},
								"west": {"uv": [25, 13], "uv_size": [1.5, 0.5]},
								"up": {"uv": [4, 21], "uv_size": [1, 1.5]},
								"down": {"uv": [10, 22.5], "uv_size": [1, -1.5]}
							}
						},
						{
							"origin": [0.71439, 1.31923, -0.0625],
							"size": [0.42842, 0.175, 1.11875],
							"pivot": [0.9286, 1.20673, 0.49687],
							"rotation": [0, 0, -45],
							"uv": {
								"north": {"uv": [19, 34], "uv_size": [0.5, 0.5]},
								"east": {"uv": [28, 28], "uv_size": [1, 0.5]},
								"south": {"uv": [34, 19], "uv_size": [0.5, 0.5]},
								"west": {"uv": [0, 29], "uv_size": [1, 0.5]},
								"up": {"uv": [29, 0], "uv_size": [0.5, 1]},
								"down": {"uv": [1, 30], "uv_size": [0.5, -1]}
							}
						}
					]
				},
				{
					"name": "group10",
					"parent": "front",
					"pivot": [0, 2.17813, -0.8125],
					"cubes": [
						{
							"origin": [-0.31421, 3.05313, 1.44263],
							"size": [0.62842, 0.225, 1.11362],
							"pivot": [0, 2.17813, -0.8125],
							"rotation": [0, 0, 45],
							"uv": {
								"north": {"uv": [20, 34], "uv_size": [0.5, 0.5]},
								"east": {"uv": [29, 1], "uv_size": [1, 0.5]},
								"south": {"uv": [34, 20], "uv_size": [0.5, 0.5]},
								"west": {"uv": [2, 29], "uv_size": [1, 0.5]},
								"up": {"uv": [29, 2], "uv_size": [0.5, 1]},
								"down": {"uv": [3, 30], "uv_size": [0.5, -1]}
							}
						},
						{
							"origin": [-0.31421, 1.07813, 1.4375],
							"size": [0.62842, 0.225, 1.11875],
							"pivot": [0, 2.17813, -0.8125],
							"rotation": [0, 0, 45],
							"uv": {
								"north": {"uv": [21, 34], "uv_size": [0.5, 0.5]},
								"east": {"uv": [29, 3], "uv_size": [1, 0.5]},
								"south": {"uv": [34, 21], "uv_size": [0.5, 0.5]},
								"west": {"uv": [4, 29], "uv_size": [1, 0.5]},
								"up": {"uv": [29, 4], "uv_size": [0.5, 1]},
								"down": {"uv": [5, 30], "uv_size": [0.5, -1]}
							}
						},
						{
							"origin": [0.875, 1.86392, 1.44263],
							"size": [0.225, 0.62842, 1.11362],
							"uv": {
								"north": {"uv": [22, 34], "uv_size": [0.5, 0.5]},
								"east": {"uv": [29, 5], "uv_size": [1, 0.5]},
								"south": {"uv": [34, 22], "uv_size": [0.5, 0.5]},
								"west": {"uv": [6, 29], "uv_size": [1, 0.5]},
								"up": {"uv": [29, 6], "uv_size": [0.5, 1]},
								"down": {"uv": [7, 30], "uv_size": [0.5, -1]}
							}
						},
						{
							"origin": [-1.1, 1.86392, 1.4375],
							"size": [0.225, 0.62842, 1.11875],
							"uv": {
								"north": {"uv": [23, 34], "uv_size": [0.5, 0.5]},
								"east": {"uv": [29, 7], "uv_size": [1, 0.5]},
								"south": {"uv": [34, 23], "uv_size": [0.5, 0.5]},
								"west": {"uv": [8, 29], "uv_size": [1, 0.5]},
								"up": {"uv": [29, 8], "uv_size": [0.5, 1]},
								"down": {"uv": [9, 30], "uv_size": [0.5, -1]}
							}
						},
						{
							"origin": [0.875, 1.86392, 1.44263],
							"size": [0.225, 0.62842, 1.11362],
							"pivot": [0, 2.17813, -0.8125],
							"rotation": [0, 0, 45],
							"uv": {
								"north": {"uv": [24, 34], "uv_size": [0.5, 0.5]},
								"east": {"uv": [29, 9], "uv_size": [1, 0.5]},
								"south": {"uv": [34, 24], "uv_size": [0.5, 0.5]},
								"west": {"uv": [10, 29], "uv_size": [1, 0.5]},
								"up": {"uv": [29, 10], "uv_size": [0.5, 1]},
								"down": {"uv": [11, 30], "uv_size": [0.5, -1]}
							}
						},
						{
							"origin": [-1.1, 1.86392, 1.4375],
							"size": [0.225, 0.62842, 1.11875],
							"pivot": [0, 2.17813, -0.8125],
							"rotation": [0, 0, 45],
							"uv": {
								"north": {"uv": [25, 34], "uv_size": [0.5, 0.5]},
								"east": {"uv": [29, 11], "uv_size": [1, 0.5]},
								"south": {"uv": [34, 25], "uv_size": [0.5, 0.5]},
								"west": {"uv": [12, 29], "uv_size": [1, 0.5]},
								"up": {"uv": [29, 12], "uv_size": [0.5, 1]},
								"down": {"uv": [13, 30], "uv_size": [0.5, -1]}
							}
						},
						{
							"origin": [-0.31421, 1.07813, 1.44263],
							"size": [0.62842, 0.225, 1.11362],
							"uv": {
								"north": {"uv": [26, 34], "uv_size": [0.5, 0.5]},
								"east": {"uv": [29, 13], "uv_size": [1, 0.5]},
								"south": {"uv": [34, 26], "uv_size": [0.5, 0.5]},
								"west": {"uv": [14, 29], "uv_size": [1, 0.5]},
								"up": {"uv": [29, 14], "uv_size": [0.5, 1]},
								"down": {"uv": [15, 30], "uv_size": [0.5, -1]}
							}
						},
						{
							"origin": [-0.31421, 3.05313, 1.4375],
							"size": [0.62842, 0.225, 1.11875],
							"uv": {
								"north": {"uv": [27, 34], "uv_size": [0.5, 0.5]},
								"east": {"uv": [29, 15], "uv_size": [1, 0.5]},
								"south": {"uv": [34, 27], "uv_size": [0.5, 0.5]},
								"west": {"uv": [16, 29], "uv_size": [1, 0.5]},
								"up": {"uv": [29, 16], "uv_size": [0.5, 1]},
								"down": {"uv": [17, 30], "uv_size": [0.5, -1]}
							}
						}
					]
				},
				{
					"name": "group11",
					"parent": "front",
					"pivot": [0, 1.82813, -0.8125],
					"cubes": [
						{
							"origin": [-1, 1.76391, -1.8125],
							"size": [0.125, 0.82843, 4.61875],
							"uv": {
								"north": {"uv": [29, 17], "uv_size": [0.5, 1]},
								"east": {"uv": [0, 4], "uv_size": [4.5, 1]},
								"south": {"uv": [18, 29], "uv_size": [0.5, 1]},
								"west": {"uv": [4, 0], "uv_size": [4.5, 1]},
								"up": {"uv": [4, 15], "uv_size": [0.5, 4.5]},
								"down": {"uv": [8, 20.5], "uv_size": [0.5, -4.5]}
							}
						},
						{
							"origin": [-0.41421, 1.17813, -1.8125],
							"size": [0.82842, 0.125, 4.61875],
							"pivot": [0, 2.17813, -0.8125],
							"rotation": [0, 0, 45],
							"uv": {
								"north": {"uv": [29, 18], "uv_size": [1, 0.5]},
								"east": {"uv": [15, 10], "uv_size": [4.5, 0.5]},
								"south": {"uv": [19, 29], "uv_size": [1, 0.5]},
								"west": {"uv": [16, 4], "uv_size": [4.5, 0.5]},
								"up": {"uv": [0, 5], "uv_size": [1, 4.5]},
								"down": {"uv": [1, 9.5], "uv_size": [1, -4.5]}
							}
						},
						{
							"origin": [-1, 1.76391, -1.8125],
							"size": [0.125, 0.82843, 4.61875],
							"pivot": [0, 2.17813, -0.8125],
							"rotation": [0, 0, 45],
							"uv": {
								"north": {"uv": [29, 19], "uv_size": [0.5, 1]},
								"east": {"uv": [4, 1], "uv_size": [4.5, 1]},
								"south": {"uv": [20, 29], "uv_size": [0.5, 1]},
								"west": {"uv": [4, 2], "uv_size": [4.5, 1]},
								"up": {"uv": [9, 16], "uv_size": [0.5, 4.5]},
								"down": {"uv": [10, 20.5], "uv_size": [0.5, -4.5]}
							}
						},
						{
							"origin": [-0.41421, 3.05313, -1.80737],
							"size": [0.82842, 0.125, 4.61362],
							"uv": {
								"north": {"uv": [29, 20], "uv_size": [1, 0.5]},
								"east": {"uv": [16, 5], "uv_size": [4.5, 0.5]},
								"south": {"uv": [21, 29], "uv_size": [1, 0.5]},
								"west": {"uv": [16, 6], "uv_size": [4.5, 0.5]},
								"up": {"uv": [2, 5], "uv_size": [1, 4.5]},
								"down": {"uv": [3, 9.5], "uv_size": [1, -4.5]}
							}
						},
						{
							"origin": [-0.41421, 3.05313, -1.80737],
							"size": [0.82842, 0.125, 4.61362],
							"pivot": [0, 2.17813, -0.8125],
							"rotation": [0, 0, 45],
							"uv": {
								"north": {"uv": [29, 21], "uv_size": [1, 0.5]},
								"east": {"uv": [17, 7], "uv_size": [4.5, 0.5]},
								"south": {"uv": [22, 29], "uv_size": [1, 0.5]},
								"west": {"uv": [17, 8], "uv_size": [4.5, 0.5]},
								"up": {"uv": [5, 3], "uv_size": [1, 4.5]},
								"down": {"uv": [4, 9.5], "uv_size": [1, -4.5]}
							}
						},
						{
							"origin": [0.875, 1.76391, -1.8125],
							"size": [0.125, 0.82843, 4.61875],
							"uv": {
								"north": {"uv": [9, 30], "uv_size": [0.5, 1]},
								"east": {"uv": [6, 3], "uv_size": [4.5, 1]},
								"south": {"uv": [30, 9], "uv_size": [0.5, 1]},
								"west": {"uv": [6, 4], "uv_size": [4.5, 1]},
								"up": {"uv": [11, 16], "uv_size": [0.5, 4.5]},
								"down": {"uv": [0, 21.5], "uv_size": [0.5, -4.5]}
							}
						},
						{
							"origin": [0.6125, 1.65, -1.65],
							"size": [0.4, 1, 1],
							"uv": {
								"east": {"uv": [14, 21], "uv_size": [1.5, 1]},
								"west": {"uv": [32, 62], "uv_size": [50, 50]}
							}
						},
						{
							"origin": [0.875, 1.76391, -1.8125],
							"size": [0.125, 0.82843, 4.61875],
							"pivot": [0, 2.17813, -0.8125],
							"rotation": [0, 0, 45],
							"uv": {
								"north": {"uv": [11, 30], "uv_size": [0.5, 1]},
								"east": {"uv": [6, 5], "uv_size": [4.5, 1]},
								"south": {"uv": [30, 11], "uv_size": [0.5, 1]},
								"west": {"uv": [6, 6], "uv_size": [4.5, 1]},
								"up": {"uv": [1, 17], "uv_size": [0.5, 4.5]},
								"down": {"uv": [6, 21.5], "uv_size": [0.5, -4.5]}
							}
						},
						{
							"origin": [-0.41421, 1.17813, -1.8125],
							"size": [0.82842, 0.125, 4.61875],
							"uv": {
								"north": {"uv": [12, 30], "uv_size": [1, 0.5]},
								"east": {"uv": [17, 11], "uv_size": [4.5, 0.5]},
								"south": {"uv": [30, 12], "uv_size": [1, 0.5]},
								"west": {"uv": [17, 12], "uv_size": [4.5, 0.5]},
								"up": {"uv": [6, 7], "uv_size": [1, 4.5]},
								"down": {"uv": [7, 11.5], "uv_size": [1, -4.5]}
							}
						}
					]
				},
				{
					"name": "base2",
					"parent": "group11",
					"pivot": [0.0278, -6.24375, 0.14875],
					"cubes": [
						{
							"origin": [-0.625, -0.23437, -1.25],
							"size": [0.11073, 0.5, 1.5],
							"uv": {
								"north": {"uv": [35, 1], "uv_size": [0.5, 0.5]},
								"east": {"uv": [25, 14], "uv_size": [1.5, 0.5]},
								"south": {"uv": [2, 35], "uv_size": [0.5, 0.5]},
								"down": {"uv": [14, 26.5], "uv_size": [0.5, -1.5]}
							}
						},
						{
							"origin": [-0.37595, -0.49047, -1.25],
							"size": [0.17677, 0.09561, 1.5],
							"pivot": [-0.0001, -0.02791, 0.74918],
							"rotation": [0, 0, 45],
							"uv": {
								"north": {"uv": [35, 2], "uv_size": [0.5, 0.5]},
								"south": {"uv": [3, 35], "uv_size": [0.5, 0.5]},
								"west": {"uv": [25, 16], "uv_size": [1.5, 0.5]},
								"up": {"uv": [25, 18], "uv_size": [0.5, 1.5]}
							}
						},
						{
							"origin": [-0.47448, -0.39521, -1.25],
							"size": [0.11429, 0.19658, 1.5],
							"pivot": [-0.0001, -0.02791, 0.74918],
							"rotation": [0, 0, 45],
							"uv": {
								"north": {"uv": [35, 3], "uv_size": [0.5, 0.5]},
								"south": {"uv": [4, 35], "uv_size": [0.5, 0.5]},
								"west": {"uv": [25, 20], "uv_size": [1.5, 0.5]}
							}
						},
						{
							"origin": [-0.51427, -0.23437, -1.25],
							"size": [0.11429, 0.08743, 1.5],
							"uv": {
								"north": {"uv": [35, 4], "uv_size": [0.5, 0.5]},
								"south": {"uv": [5, 35], "uv_size": [0.5, 0.5]},
								"west": {"uv": [25, 21], "uv_size": [1.5, 0.5]},
								"up": {"uv": [22, 25], "uv_size": [0.5, 1.5]},
								"down": {"uv": [25, 24.5], "uv_size": [0.5, -1.5]}
							}
						},
						{
							"origin": [0.39998, -0.23437, -1.25],
							"size": [0.11429, 0.08743, 1.5],
							"uv": {
								"north": {"uv": [35, 5], "uv_size": [0.5, 0.5]},
								"east": {"uv": [25, 25], "uv_size": [1.5, 0.5]},
								"south": {"uv": [6, 35], "uv_size": [0.5, 0.5]},
								"up": {"uv": [26, 0], "uv_size": [0.5, 1.5]},
								"down": {"uv": [2, 27.5], "uv_size": [0.5, -1.5]}
							}
						},
						{
							"origin": [0.19864, -0.4906, -1.25],
							"size": [0.17676, 0.09563, 1.5],
							"pivot": [-0.0001, -0.02791, 0.74918],
							"rotation": [0, 0, -45],
							"uv": {
								"north": {"uv": [35, 6], "uv_size": [0.5, 0.5]},
								"east": {"uv": [26, 2], "uv_size": [1.5, 0.5]},
								"south": {"uv": [7, 35], "uv_size": [0.5, 0.5]},
								"up": {"uv": [26, 3], "uv_size": [0.5, 1.5]}
							}
						},
						{
							"origin": [0.35977, -0.39497, -1.25],
							"size": [0.11428, 0.19658, 1.5],
							"pivot": [-0.0001, -0.02791, 0.74918],
							"rotation": [0, 0, -45],
							"uv": {
								"north": {"uv": [35, 7], "uv_size": [0.5, 0.5]},
								"east": {"uv": [26, 5], "uv_size": [1.5, 0.5]},
								"south": {"uv": [8, 35], "uv_size": [0.5, 0.5]}
							}
						},
						{
							"origin": [-0.625, 0.0968, -1.25],
							"size": [1.13927, 0.16883, 1.5],
							"uv": {
								"north": {"uv": [13, 30], "uv_size": [1, 0.5]},
								"south": {"uv": [30, 13], "uv_size": [1, 0.5]},
								"up": {"uv": [11, 21], "uv_size": [1, 1.5]},
								"down": {"uv": [21, 20.5], "uv_size": [1, -1.5]}
							}
						},
						{
							"origin": [0.51427, -0.23437, -1.25],
							"size": [0.09994, 0.5, 1.5],
							"uv": {
								"north": {"uv": [35, 8], "uv_size": [0.5, 0.5]},
								"east": {"uv": [7, 26], "uv_size": [1.5, 0.5]},
								"south": {"uv": [9, 35], "uv_size": [0.5, 0.5]},
								"west": {"uv": [26, 9], "uv_size": [1.5, 0.5]},
								"up": {"uv": [10, 26], "uv_size": [0.5, 1.5]},
								"down": {"uv": [26, 11.5], "uv_size": [0.5, -1.5]}
							}
						},
						{
							"origin": [0.70748, -0.23437, -1.30094],
							"size": [0.19994, 0.5, 0.5125],
							"pivot": [0.85745, 0.01563, -0.54469],
							"rotation": [0, 22.5, 0],
							"uv": {
								"north": {"uv": [35, 9], "uv_size": [0.5, 0.5]},
								"east": {"uv": [10, 35], "uv_size": [0.5, 0.5]},
								"south": {"uv": [35, 10], "uv_size": [0.5, 0.5]},
								"west": {"uv": [11, 35], "uv_size": [0.5, 0.5]},
								"up": {"uv": [35, 11], "uv_size": [0.5, 0.5]},
								"down": {"uv": [12, 35.5], "uv_size": [0.5, -0.5]}
							}
						},
						{
							"origin": [0.70742, -0.13437, -0.95094],
							"size": [0.15, 0.3, 0.5],
							"uv": {
								"north": {"uv": [35, 12], "uv_size": [0.5, 0.5]},
								"east": {"uv": [13, 35], "uv_size": [0.5, 0.5]},
								"south": {"uv": [35, 13], "uv_size": [0.5, 0.5]},
								"west": {"uv": [14, 35], "uv_size": [0.5, 0.5]},
								"up": {"uv": [35, 14], "uv_size": [0.5, 0.5]},
								"down": {"uv": [15, 35.5], "uv_size": [0.5, -0.5]}
							}
						},
						{
							"origin": [0.70742, -0.08437, -0.70094],
							"size": [0.2, 0.2, 0.35],
							"uv": {
								"north": {"uv": [35, 15], "uv_size": [0.5, 0.5]},
								"east": {"uv": [16, 35], "uv_size": [0.5, 0.5]},
								"south": {"uv": [35, 16], "uv_size": [0.5, 0.5]},
								"west": {"uv": [17, 35], "uv_size": [0.5, 0.5]},
								"up": {"uv": [35, 17], "uv_size": [0.5, 0.5]},
								"down": {"uv": [18, 35.5], "uv_size": [0.5, -0.5]}
							}
						},
						{
							"origin": [0.60742, -0.18437, -0.65094],
							"size": [0.2, 0.4, 0.35],
							"uv": {
								"north": {"uv": [35, 18], "uv_size": [0.5, 0.5]},
								"east": {"uv": [19, 35], "uv_size": [0.5, 0.5]},
								"south": {"uv": [35, 19], "uv_size": [0.5, 0.5]},
								"west": {"uv": [20, 35], "uv_size": [0.5, 0.5]},
								"up": {"uv": [35, 20], "uv_size": [0.5, 0.5]},
								"down": {"uv": [21, 35.5], "uv_size": [0.5, -0.5]}
							}
						},
						{
							"origin": [0.60742, -0.18437, -0.30094],
							"size": [0.1, 0.4, 0.6],
							"uv": {
								"north": {"uv": [35, 21], "uv_size": [0.5, 0.5]},
								"east": {"uv": [22, 35], "uv_size": [0.5, 0.5]},
								"south": {"uv": [35, 22], "uv_size": [0.5, 0.5]},
								"west": {"uv": [23, 35], "uv_size": [0.5, 0.5]},
								"up": {"uv": [35, 23], "uv_size": [0.5, 0.5]},
								"down": {"uv": [24, 35.5], "uv_size": [0.5, -0.5]}
							}
						},
						{
							"origin": [0.61372, -0.18437, 0.21823],
							"size": [0.1, 0.4, 0.35],
							"pivot": [0.81375, 0.01563, 0.27448],
							"rotation": [0, 22.5, 0],
							"uv": {
								"north": {"uv": [35, 24], "uv_size": [0.5, 0.5]},
								"east": {"uv": [25, 35], "uv_size": [0.5, 0.5]},
								"south": {"uv": [35, 25], "uv_size": [0.5, 0.5]},
								"west": {"uv": [26, 35], "uv_size": [0.5, 0.5]},
								"up": {"uv": [35, 26], "uv_size": [0.5, 0.5]},
								"down": {"uv": [27, 35.5], "uv_size": [0.5, -0.5]}
							}
						},
						{
							"origin": [0.73375, -0.18437, 0.58415],
							"size": [0.1, 0.4, 0.35],
							"uv": {
								"north": {"uv": [35, 27], "uv_size": [0.5, 0.5]},
								"east": {"uv": [28, 35], "uv_size": [0.5, 0.5]},
								"south": {"uv": [35, 28], "uv_size": [0.5, 0.5]},
								"west": {"uv": [29, 35], "uv_size": [0.5, 0.5]},
								"up": {"uv": [35, 29], "uv_size": [0.5, 0.5]},
								"down": {"uv": [30, 35.5], "uv_size": [0.5, -0.5]}
							}
						},
						{
							"origin": [-0.85356, 0.61918, -0.25],
							"size": [0.25, 0.125, 0.45],
							"uv": {
								"north": {"uv": [35, 30], "uv_size": [0.5, 0.5]},
								"south": {"uv": [31, 35], "uv_size": [0.5, 0.5]},
								"up": {"uv": [35, 31], "uv_size": [0.5, 0.5]}
							}
						},
						{
							"origin": [-0.96784, 0.04329, -0.25],
							"size": [0.17678, 0.675, 0.45],
							"pivot": [-0.85356, 0.65579, 0],
							"rotation": [0, 0, -45],
							"uv": {
								"north": {"uv": [32, 35], "uv_size": [0.5, 0.5]},
								"south": {"uv": [35, 32], "uv_size": [0.5, 0.5]},
								"up": {"uv": [33, 35], "uv_size": [0.5, 0.5]}
							}
						},
						{
							"origin": [-0.97856, 0.4424, -0.25],
							"size": [0.125, 0.17678, 0.45],
							"uv": {
								"north": {"uv": [35, 33], "uv_size": [0.5, 0.5]},
								"east": {"uv": [34, 35], "uv_size": [0.5, 0.5]},
								"south": {"uv": [35, 34], "uv_size": [0.5, 0.5]}
							}
						},
						{
							"origin": [-0.85356, 0.61918, -1.25],
							"size": [0.25, 0.125, 0.45],
							"uv": {
								"north": {"uv": [35, 35], "uv_size": [0.5, 0.5]},
								"south": {"uv": [0, 36], "uv_size": [0.5, 0.5]},
								"up": {"uv": [36, 0], "uv_size": [0.5, 0.5]}
							}
						},
						{
							"origin": [-1.51961, 0.43263, -1.25],
							"size": [0.67678, 0.225, 0.45],
							"pivot": [-0.95711, -0.40487, -1],
							"rotation": [0, 0, 45],
							"uv": {
								"north": {"uv": [1, 36], "uv_size": [0.5, 0.5]},
								"south": {"uv": [36, 1], "uv_size": [0.5, 0.5]},
								"up": {"uv": [2, 36], "uv_size": [0.5, 0.5]}
							}
						},
						{
							"origin": [-0.96784, 0.04329, -1.25],
							"size": [0.17678, 0.675, 0.45],
							"pivot": [-0.85356, 0.65579, -1],
							"rotation": [0, 0, -45],
							"uv": {
								"north": {"uv": [36, 2], "uv_size": [0.5, 0.5]},
								"south": {"uv": [3, 36], "uv_size": [0.5, 0.5]},
								"up": {"uv": [36, 3], "uv_size": [0.5, 0.5]}
							}
						},
						{
							"origin": [-1.03348, 0.18481, -1.25],
							"size": [0.52678, 0.125, 0.45],
							"pivot": [-0.69509, 0.24731, -1],
							"rotation": [0, 0, 45],
							"uv": {
								"north": {"uv": [4, 36], "uv_size": [0.5, 0.5]},
								"south": {"uv": [36, 4], "uv_size": [0.5, 0.5]},
								"down": {"uv": [5, 36.5], "uv_size": [0.5, -0.5]}
							}
						},
						{
							"origin": [-0.97856, 0.4424, -1.25],
							"size": [0.125, 0.17678, 0.45],
							"uv": {
								"north": {"uv": [36, 5], "uv_size": [0.5, 0.5]},
								"east": {"uv": [6, 36], "uv_size": [0.5, 0.5]},
								"south": {"uv": [36, 6], "uv_size": [0.5, 0.5]}
							}
						},
						{
							"origin": [-0.85356, 0.66918, -0.75],
							"size": [0.25, 0.125, 0.45],
							"pivot": [-0.67994, 0.54101, -0.525],
							"rotation": [0, 0, -45],
							"uv": {
								"north": {"uv": [7, 36], "uv_size": [0.5, 0.5]},
								"south": {"uv": [36, 7], "uv_size": [0.5, 0.5]},
								"up": {"uv": [8, 36], "uv_size": [0.5, 0.5]}
							}
						},
						{
							"origin": [-0.80495, 0.54904, -0.75],
							"size": [0.67678, 0.225, 0.45],
							"uv": {
								"north": {"uv": [36, 8], "uv_size": [0.5, 0.5]},
								"south": {"uv": [9, 36], "uv_size": [0.5, 0.5]},
								"up": {"uv": [36, 9], "uv_size": [0.5, 0.5]}
							}
						},
						{
							"origin": [-0.98173, 0.42048, -0.75],
							"size": [0.675, 0.17678, 0.45],
							"uv": {
								"north": {"uv": [10, 36], "uv_size": [0.5, 0.5]},
								"east": {"uv": [36, 10], "uv_size": [0.5, 0.5]},
								"south": {"uv": [11, 36], "uv_size": [0.5, 0.5]}
							}
						},
						{
							"origin": [-0.85672, 0.29548, -0.75],
							"size": [0.52678, 0.125, 0.45],
							"uv": {
								"north": {"uv": [36, 11], "uv_size": [0.5, 0.5]},
								"south": {"uv": [12, 36], "uv_size": [0.5, 0.5]},
								"down": {"uv": [36, 12.5], "uv_size": [0.5, -0.5]}
							}
						},
						{
							"origin": [-0.97856, 0.4924, -0.75],
							"size": [0.125, 0.17678, 0.45],
							"pivot": [-0.67994, 0.54101, -0.525],
							"rotation": [0, 0, -45],
							"uv": {
								"north": {"uv": [13, 36], "uv_size": [0.5, 0.5]},
								"east": {"uv": [36, 13], "uv_size": [0.5, 0.5]},
								"south": {"uv": [14, 36], "uv_size": [0.5, 0.5]}
							}
						},
						{
							"origin": [-0.7069, 0.0556, -1.29779],
							"size": [0.1875, 0.1875, 1.55312],
							"pivot": [-0.2375, 0.525, -1.71342],
							"rotation": [0, 0, 45],
							"uv": {
								"north": {"uv": [36, 14], "uv_size": [0.5, 0.5]},
								"east": {"uv": [26, 12], "uv_size": [1.5, 0.5]},
								"south": {"uv": [15, 36], "uv_size": [0.5, 0.5]},
								"west": {"uv": [15, 26], "uv_size": [1.5, 0.5]},
								"up": {"uv": [13, 26], "uv_size": [0.5, 1.5]},
								"down": {"uv": [17, 27.5], "uv_size": [0.5, -1.5]}
							}
						},
						{
							"origin": [-1.51961, 0.43263, -0.25],
							"size": [0.67678, 0.225, 0.45],
							"pivot": [-0.95711, -0.40487, 0],
							"rotation": [0, 0, 45],
							"uv": {
								"north": {"uv": [36, 15], "uv_size": [0.5, 0.5]},
								"south": {"uv": [16, 36], "uv_size": [0.5, 0.5]},
								"up": {"uv": [36, 16], "uv_size": [0.5, 0.5]}
							}
						},
						{
							"origin": [-1.03348, 0.18481, -0.25],
							"size": [0.52678, 0.125, 0.45],
							"pivot": [-0.69509, 0.24731, 0],
							"rotation": [0, 0, 45],
							"uv": {
								"north": {"uv": [17, 36], "uv_size": [0.5, 0.5]},
								"south": {"uv": [36, 17], "uv_size": [0.5, 0.5]},
								"down": {"uv": [18, 36.5], "uv_size": [0.5, -0.5]}
							}
						}
					]
				},
				{
					"name": "group13",
					"parent": "group11",
					"pivot": [0, 2.17813, -0.8125],
					"cubes": [
						{
							"origin": [-0.46421, 0.77813, -1.4625],
							"size": [0.92842, 0.175, 1.91875],
							"uv": {
								"north": {"uv": [14, 30], "uv_size": [1, 0.5]},
								"east": {"uv": [23, 5], "uv_size": [2, 0.5]},
								"south": {"uv": [30, 14], "uv_size": [1, 0.5]},
								"west": {"uv": [23, 6], "uv_size": [2, 0.5]},
								"up": {"uv": [7, 17], "uv_size": [1, 2]},
								"down": {"uv": [18, 4], "uv_size": [1, -2]}
							}
						},
						{
							"origin": [-0.41421, 0.62813, -0.7625],
							"size": [0.42842, 0.275, 0.11875],
							"pivot": [0, 0.94063, -0.80312],
							"rotation": [0, 0, -22.5],
							"uv": {
								"north": {"uv": [36, 18], "uv_size": [0.5, 0.5]},
								"east": {"uv": [19, 36], "uv_size": [0.5, 0.5]},
								"south": {"uv": [36, 19], "uv_size": [0.5, 0.5]},
								"west": {"uv": [20, 36], "uv_size": [0.5, 0.5]},
								"up": {"uv": [36, 20], "uv_size": [0.5, 0.5]},
								"down": {"uv": [21, 36.5], "uv_size": [0.5, -0.5]}
							}
						},
						{
							"origin": [-0.41421, 0.62813, -0.4125],
							"size": [0.42842, 0.275, 0.11875],
							"pivot": [0, 0.94063, -0.35312],
							"rotation": [0, 0, -22.5],
							"uv": {
								"north": {"uv": [36, 21], "uv_size": [0.5, 0.5]},
								"east": {"uv": [22, 36], "uv_size": [0.5, 0.5]},
								"south": {"uv": [36, 22], "uv_size": [0.5, 0.5]},
								"west": {"uv": [23, 36], "uv_size": [0.5, 0.5]},
								"up": {"uv": [36, 23], "uv_size": [0.5, 0.5]},
								"down": {"uv": [24, 36.5], "uv_size": [0.5, -0.5]}
							}
						},
						{
							"origin": [-0.61421, 0.39341, -0.7625],
							"size": [0.35112, 0.25972, 0.46875],
							"uv": {
								"north": {"uv": [36, 24], "uv_size": [0.5, 0.5]},
								"east": {"uv": [25, 36], "uv_size": [0.5, 0.5]},
								"south": {"uv": [36, 25], "uv_size": [0.5, 0.5]},
								"west": {"uv": [26, 36], "uv_size": [0.5, 0.5]},
								"up": {"uv": [36, 26], "uv_size": [0.5, 0.5]},
								"down": {"uv": [27, 36.5], "uv_size": [0.5, -0.5]}
							}
						},
						{
							"origin": [-0.41421, 0.62813, -1.4125],
							"size": [0.82842, 0.625, 1.81875],
							"uv": {
								"north": {"uv": [15, 30], "uv_size": [1, 0.5]},
								"east": {"uv": [10, 23], "uv_size": [2, 0.5]},
								"south": {"uv": [30, 15], "uv_size": [1, 0.5]},
								"west": {"uv": [12, 23], "uv_size": [2, 0.5]},
								"up": {"uv": [5, 18], "uv_size": [1, 2]},
								"down": {"uv": [13, 20], "uv_size": [1, -2]}
							}
						},
						{
							"origin": [-0.46421, 0.97813, -1.4625],
							"size": [0.92842, 0.325, 1.91875],
							"uv": {
								"north": {"uv": [16, 30], "uv_size": [1, 0.5]},
								"east": {"uv": [23, 13], "uv_size": [2, 0.5]},
								"south": {"uv": [30, 16], "uv_size": [1, 0.5]},
								"west": {"uv": [23, 14], "uv_size": [2, 0.5]},
								"up": {"uv": [14, 18], "uv_size": [1, 2]},
								"down": {"uv": [15, 20], "uv_size": [1, -2]}
							}
						}
					]
				},
				{
					"name": "base3",
					"parent": "magnif",
					"pivot": [0.5, -7.25, -8],
					"cubes": [
						{
							"origin": [-0.25, 1.17813, -0.09375],
							"size": [0.5, 0.125, 1.90625],
							"uv": {
								"east": {"uv": [23, 16], "uv_size": [2, 0.5]},
								"west": {"uv": [23, 18], "uv_size": [2, 0.5]},
								"up": {"uv": [7, 23], "uv_size": [0.5, 2]}
							}
						}
					]
				},
				{
					"name": "octagon9",
					"parent": "base3",
					"pivot": [0, 0.75, 0]
				},
				{
					"name": "octagon",
					"parent": "base3",
					"pivot": [0, 0.75, 0]
				},
				{
					"name": "base4",
					"parent": "magnif",
					"pivot": [0.0278, -6.24375, 0.14875]
				},
				{
					"name": "screw",
					"parent": "magnif",
					"pivot": [-1, 0, 0.5625]
				},
				{
					"name": "base1",
					"parent": "magnif",
					"pivot": [-0.5, -7.25, -8]
				},
				{
					"name": "base",
					"parent": "magnif",
					"pivot": [-0.0278, -6.24375, 0.14875]
				},
				{
					"name": "pattern",
					"parent": "scope_body",
					"pivot": [0, 0.75, 0],
					"cubes": [
						{
							"origin": [-1.3375, 1.75, -4.15],
							"size": [2.7, 1, 1],
							"uv": {
								"east": {"uv": [32, 62], "uv_size": [50, 50]},
								"west": {"uv": [32, 62], "uv_size": [50, 50]}
							}
						}
					]
				},
				{
					"name": "ocular",
					"pivot": [0, 2.2, 4.625],
					"cubes": [
						{
							"origin": [-0.28477, 1.3875, 2.475],
							"size": [0.56954, 1.625, 0.01],
							"pivot": [0, 2.2, 2.475],
							"rotation": [0, 0, 45],
							"uv": {
								"south": {"uv": [57.5, 2], "uv_size": [0.5, 1.5]}
							}
						},
						{
							"origin": [-0.34727, 1.3875, 2.475],
							"size": [0.69454, 1.625, 0.01],
							"uv": {
								"south": {"uv": [60.5, 0], "uv_size": [0.5, 1.5]}
							}
						},
						{
							"origin": [-0.8125, 1.91523, 2.475],
							"size": [1.625, 0.56954, 0.01],
							"pivot": [0, 2.2, 2.475],
							"rotation": [0, 0, 45],
							"uv": {
								"south": {"uv": [57.5, 4], "uv_size": [1.5, 0.5]}
							}
						},
						{
							"origin": [-0.8125, 1.85273, 2.475],
							"size": [1.625, 0.69454, 0.01],
							"uv": {
								"south": {"uv": [55.5, 6], "uv_size": [1.5, 0.5]}
							}
						}
					]
				},
				{
					"name": "ocular_ring",
					"pivot": [0, -7.25, 0]
				},
				{
					"name": "group12",
					"parent": "ocular_ring",
					"pivot": [0, 2.17813, 0.1875],
					"cubes": [
						{
							"origin": [-0.44957, 3.05313, 2.59263],
							"size": [0.89914, 0.16035, 0.26362],
							"pivot": [0, 2.17813, -0.7625],
							"rotation": [0, 0, 45],
							"uv": {
								"north": {"uv": [29, 22], "uv_size": [1, 0.5]},
								"east": {"uv": [28, 34], "uv_size": [0.5, 0.5]},
								"south": {"uv": [23, 29], "uv_size": [1, 0.5]},
								"west": {"uv": [34, 28], "uv_size": [0.5, 0.5]},
								"up": {"uv": [29, 23], "uv_size": [1, 0.5]},
								"down": {"uv": [24, 29.5], "uv_size": [1, -0.5]}
							}
						},
						{
							"origin": [0.875, 1.76391, 2.5875],
							"size": [0.175, 0.82843, 0.26875],
							"uv": {
								"north": {"uv": [29, 24], "uv_size": [0.5, 1]},
								"east": {"uv": [25, 29], "uv_size": [0.5, 1]},
								"south": {"uv": [29, 25], "uv_size": [0.5, 1]},
								"west": {"uv": [26, 29], "uv_size": [0.5, 1]},
								"up": {"uv": [29, 34], "uv_size": [0.5, 0.5]},
								"down": {"uv": [34, 29.5], "uv_size": [0.5, -0.5]}
							}
						},
						{
							"origin": [0.875, 1.72856, 2.5875],
							"size": [0.16035, 0.89913, 0.26875],
							"pivot": [0, 2.17813, -0.7625],
							"rotation": [0, 0, 45],
							"uv": {
								"north": {"uv": [29, 26], "uv_size": [0.5, 1]},
								"east": {"uv": [27, 29], "uv_size": [0.5, 1]},
								"south": {"uv": [29, 27], "uv_size": [0.5, 1]},
								"west": {"uv": [28, 29], "uv_size": [0.5, 1]},
								"up": {"uv": [30, 34], "uv_size": [0.5, 0.5]},
								"down": {"uv": [34, 30.5], "uv_size": [0.5, -0.5]}
							}
						},
						{
							"origin": [-0.41421, 1.12813, 2.5875],
							"size": [0.82842, 0.175, 0.26875],
							"uv": {
								"north": {"uv": [29, 28], "uv_size": [1, 0.5]},
								"east": {"uv": [31, 34], "uv_size": [0.5, 0.5]},
								"south": {"uv": [29, 29], "uv_size": [1, 0.5]},
								"west": {"uv": [34, 31], "uv_size": [0.5, 0.5]},
								"up": {"uv": [0, 30], "uv_size": [1, 0.5]},
								"down": {"uv": [30, 0.5], "uv_size": [1, -0.5]}
							}
						},
						{
							"origin": [-0.44956, 1.14277, 2.5875],
							"size": [0.89913, 0.16036, 0.26875],
							"pivot": [0, 2.17813, -0.7625],
							"rotation": [0, 0, 45],
							"uv": {
								"north": {"uv": [1, 30], "uv_size": [1, 0.5]},
								"east": {"uv": [32, 34], "uv_size": [0.5, 0.5]},
								"south": {"uv": [30, 1], "uv_size": [1, 0.5]},
								"west": {"uv": [34, 32], "uv_size": [0.5, 0.5]},
								"up": {"uv": [2, 30], "uv_size": [1, 0.5]},
								"down": {"uv": [30, 2.5], "uv_size": [1, -0.5]}
							}
						},
						{
							"origin": [-1.05, 1.76391, 2.5875],
							"size": [0.175, 0.82843, 0.26875],
							"uv": {
								"north": {"uv": [3, 30], "uv_size": [0.5, 1]},
								"east": {"uv": [30, 3], "uv_size": [0.5, 1]},
								"south": {"uv": [4, 30], "uv_size": [0.5, 1]},
								"west": {"uv": [30, 4], "uv_size": [0.5, 1]},
								"up": {"uv": [33, 34], "uv_size": [0.5, 0.5]},
								"down": {"uv": [34, 33.5], "uv_size": [0.5, -0.5]}
							}
						},
						{
							"origin": [-1.03535, 1.72856, 2.5875],
							"size": [0.16035, 0.89914, 0.26875],
							"pivot": [0, 2.17813, -0.7625],
							"rotation": [0, 0, 45],
							"uv": {
								"north": {"uv": [5, 30], "uv_size": [0.5, 1]},
								"east": {"uv": [30, 5], "uv_size": [0.5, 1]},
								"south": {"uv": [6, 30], "uv_size": [0.5, 1]},
								"west": {"uv": [30, 6], "uv_size": [0.5, 1]},
								"up": {"uv": [34, 34], "uv_size": [0.5, 0.5]},
								"down": {"uv": [0, 35.5], "uv_size": [0.5, -0.5]}
							}
						},
						{
							"origin": [-0.41421, 3.05313, 2.59263],
							"size": [0.82842, 0.175, 0.26362],
							"uv": {
								"north": {"uv": [7, 30], "uv_size": [1, 0.5]},
								"east": {"uv": [35, 0], "uv_size": [0.5, 0.5]},
								"south": {"uv": [30, 7], "uv_size": [1, 0.5]},
								"west": {"uv": [1, 35], "uv_size": [0.5, 0.5]},
								"up": {"uv": [8, 30], "uv_size": [1, 0.5]},
								"down": {"uv": [30, 8.5], "uv_size": [1, -0.5]}
							}
						}
					]
				},
				{
					"name": "group",
					"parent": "ocular_ring",
					"pivot": [0, 2.17813, 0.03125],
					"cubes": [
						{
							"origin": [-0.21507, 3.05313, 0.24263],
							"size": [0.4, 0.49571, 0.4],
							"pivot": [-0.01507, 3.27598, 0.44263],
							"rotation": [0, 45, 0],
							"uv": {
								"north": {"uv": [36, 27], "uv_size": [0.5, 0.5]},
								"east": {"uv": [28, 36], "uv_size": [0.5, 0.5]},
								"south": {"uv": [36, 28], "uv_size": [0.5, 0.5]},
								"west": {"uv": [29, 36], "uv_size": [0.5, 0.5]},
								"up": {"uv": [36, 29], "uv_size": [0.5, 0.5]},
								"down": {"uv": [30, 36.5], "uv_size": [0.5, -0.5]}
							}
						},
						{
							"origin": [-0.31507, 3.05313, 0.24263],
							"size": [0.6, 0.44571, 0.4],
							"pivot": [-0.01507, 3.27598, 0.44263],
							"rotation": [0, 45, 0],
							"uv": {
								"north": {"uv": [36, 30], "uv_size": [0.5, 0.5]},
								"east": {"uv": [31, 36], "uv_size": [0.5, 0.5]},
								"south": {"uv": [36, 31], "uv_size": [0.5, 0.5]},
								"west": {"uv": [32, 36], "uv_size": [0.5, 0.5]},
								"up": {"uv": [36, 32], "uv_size": [0.5, 0.5]},
								"down": {"uv": [33, 36.5], "uv_size": [0.5, -0.5]}
							}
						},
						{
							"origin": [-0.21507, 3.05313, 0.14263],
							"size": [0.4, 0.44571, 0.6],
							"pivot": [-0.01507, 3.27598, 0.44263],
							"rotation": [0, 45, 0],
							"uv": {
								"north": {"uv": [36, 33], "uv_size": [0.5, 0.5]},
								"east": {"uv": [34, 36], "uv_size": [0.5, 0.5]},
								"south": {"uv": [36, 34], "uv_size": [0.5, 0.5]},
								"west": {"uv": [35, 36], "uv_size": [0.5, 0.5]},
								"up": {"uv": [36, 35], "uv_size": [0.5, 0.5]},
								"down": {"uv": [36, 36.5], "uv_size": [0.5, -0.5]}
							}
						},
						{
							"origin": [-0.875, 1.81569, -1.71875],
							"size": [0.125, 0.72488, 4.82188],
							"uv": {
								"north": {"uv": [0, 37], "uv_size": [0.5, 0.5]},
								"east": {"uv": [10, 9], "uv_size": [5, 0.5]},
								"south": {"uv": [37, 0], "uv_size": [0.5, 0.5]},
								"west": {"uv": [10, 10], "uv_size": [5, 0.5]},
								"up": {"uv": [5, 8], "uv_size": [0.5, 5]},
								"down": {"uv": [2, 15], "uv_size": [0.5, -5]}
							}
						},
						{
							"origin": [-0.875, 1.81569, -1.71875],
							"size": [0.125, 0.72488, 4.82188],
							"pivot": [0, 2.17813, 0.03125],
							"rotation": [0, 0, 45],
							"uv": {
								"north": {"uv": [1, 37], "uv_size": [0.5, 0.5]},
								"east": {"uv": [11, 0], "uv_size": [5, 0.5]},
								"south": {"uv": [37, 1], "uv_size": [0.5, 0.5]},
								"west": {"uv": [11, 1], "uv_size": [5, 0.5]},
								"up": {"uv": [3, 10], "uv_size": [0.5, 5]},
								"down": {"uv": [4, 15], "uv_size": [0.5, -5]}
							}
						},
						{
							"origin": [0.75, 1.81569, -1.71875],
							"size": [0.125, 0.72488, 4.82188],
							"uv": {
								"north": {"uv": [2, 37], "uv_size": [0.5, 0.5]},
								"east": {"uv": [11, 2], "uv_size": [5, 0.5]},
								"south": {"uv": [37, 2], "uv_size": [0.5, 0.5]},
								"west": {"uv": [11, 3], "uv_size": [5, 0.5]},
								"up": {"uv": [8, 11], "uv_size": [0.5, 5]},
								"down": {"uv": [9, 16], "uv_size": [0.5, -5]}
							}
						},
						{
							"origin": [0.75, 1.81569, -1.71875],
							"size": [0.125, 0.72488, 4.82188],
							"pivot": [0, 2.17813, 0.03125],
							"rotation": [0, 0, 45],
							"uv": {
								"north": {"uv": [3, 37], "uv_size": [0.5, 0.5]},
								"east": {"uv": [11, 4], "uv_size": [5, 0.5]},
								"south": {"uv": [37, 3], "uv_size": [0.5, 0.5]},
								"west": {"uv": [11, 5], "uv_size": [5, 0.5]},
								"up": {"uv": [10, 11], "uv_size": [0.5, 5]},
								"down": {"uv": [11, 16], "uv_size": [0.5, -5]}
							}
						},
						{
							"origin": [-0.36245, 1.30313, -1.71875],
							"size": [0.72488, 0.125, 4.82188],
							"uv": {
								"north": {"uv": [4, 37], "uv_size": [0.5, 0.5]},
								"east": {"uv": [11, 6], "uv_size": [5, 0.5]},
								"south": {"uv": [37, 4], "uv_size": [0.5, 0.5]},
								"west": {"uv": [12, 7], "uv_size": [5, 0.5]},
								"up": {"uv": [0, 12], "uv_size": [0.5, 5]},
								"down": {"uv": [1, 17], "uv_size": [0.5, -5]}
							}
						},
						{
							"origin": [-0.36244, 2.92813, -1.71875],
							"size": [0.72488, 0.125, 4.82188],
							"uv": {
								"north": {"uv": [5, 37], "uv_size": [0.5, 0.5]},
								"east": {"uv": [12, 8], "uv_size": [5, 0.5]},
								"south": {"uv": [37, 5], "uv_size": [0.5, 0.5]},
								"west": {"uv": [12, 11], "uv_size": [5, 0.5]},
								"up": {"uv": [6, 12], "uv_size": [0.5, 5]},
								"down": {"uv": [7, 17], "uv_size": [0.5, -5]}
							}
						},
						{
							"origin": [-0.36244, 2.92813, -1.71875],
							"size": [0.72488, 0.125, 4.82188],
							"pivot": [0, 2.17813, 0.03125],
							"rotation": [0, 0, 45],
							"uv": {
								"north": {"uv": [6, 37], "uv_size": [0.5, 0.5]},
								"east": {"uv": [12, 12], "uv_size": [5, 0.5]},
								"south": {"uv": [37, 6], "uv_size": [0.5, 0.5]},
								"west": {"uv": [12, 13], "uv_size": [5, 0.5]},
								"up": {"uv": [5, 13], "uv_size": [0.5, 5]},
								"down": {"uv": [12, 19], "uv_size": [0.5, -5]}
							}
						},
						{
							"origin": [-0.36244, 1.30313, -1.71875],
							"size": [0.72488, 0.125, 4.82188],
							"pivot": [0, 2.17813, 0.03125],
							"rotation": [0, 0, 45],
							"uv": {
								"north": {"uv": [7, 37], "uv_size": [0.5, 0.5]},
								"east": {"uv": [13, 14], "uv_size": [5, 0.5]},
								"south": {"uv": [37, 7], "uv_size": [0.5, 0.5]},
								"west": {"uv": [15, 9], "uv_size": [5, 0.5]},
								"up": {"uv": [2, 15], "uv_size": [0.5, 5]},
								"down": {"uv": [3, 20], "uv_size": [0.5, -5]}
							}
						}
					]
				},
				{
					"name": "division",
					"pivot": [0.10625, 6.55, -26.825],
					"cubes": [
						{
							"origin": [-26.1875, -24.375, -101],
							"size": [52.375, 52.375, 0.25],
							"uv": {
								"south": {"uv": [128, 0], "uv_size": [128, 128]}
							}
						},
						{
							"origin": [-93.01875, -61.475, -101],
							"size": [66.85, 125.125, 0.25],
							"uv": {
								"south": {"uv": [128, 0], "uv_size": [1, 1]}
							}
						},
						{
							"origin": [25.85625, -61.15, -101],
							"size": [67.475, 124.7, 0.25],
							"uv": {
								"south": {"uv": [128, 0], "uv_size": [1, 1]}
							}
						},
						{
							"origin": [-27.04375, 27.25, -101],
							"size": [54.075, 36, 0.25],
							"uv": {
								"south": {"uv": [128, 0], "uv_size": [1, 1]}
							}
						},
						{
							"origin": [-27.04375, -61.0625, -101],
							"size": [54.075, 36.7375, 0.25],
							"uv": {
								"south": {"uv": [128, 0], "uv_size": [1, 1]}
							}
						}
					]
				},
				{
					"name": "division_illuminated",
					"parent": "division",
					"pivot": [0.3875, 3.55, -13],
					"cubes": [
						{
							"origin": [-4.5, -11, -101],
							"size": [9, 17, 0.25],
							"uv": {
								"south": {"uv": [76, 3.5], "uv_size": [32, 64]}
							}
						}
					]
				},
				{
					"name": "scope_view",
					"pivot": [0, 2.25, 7]
				}
			]
		}
	]
}