{
	"format_version": "1.12.0",
	"minecraft:geometry": [
		{
			"description": {
				"identifier": "geometry.xc10_geo",
				"texture_width": 32,
				"texture_height": 32,
				"visible_bounds_width": 2,
				"visible_bounds_height": 2.5,
				"visible_bounds_offset": [0, 0.75, 0]
			},
			"bones": [
				{
					"name": "silencer",
					"pivot": [8, -9.25, 7],
					"cubes": [
						{
							"origin": [-0.48125, -0.62627, -8.63278],
							"size": [1.0125, 0.33318, 0.742],
							"pivot": [0.025, -0.35968, -8.26178],
							"rotation": [-22.5, 0, 0],
							"uv": {
								"north": {"uv": [5, 20], "uv_size": [1, 0.5]},
								"east": {"uv": [23, 7], "uv_size": [0.5, 0.5]},
								"south": {"uv": [6, 20], "uv_size": [1, 0.5]},
								"west": {"uv": [8, 23], "uv_size": [0.5, 0.5]},
								"up": {"uv": [20, 6], "uv_size": [1, 0.5]},
								"down": {"uv": [7, 20.5], "uv_size": [1, -0.5]}
							}
						},
						{
							"origin": [-0.48125, -0.22627, -8.43278],
							"size": [1.0125, 0.58318, 0.692],
							"pivot": [0.025, -0.20968, -8.26178],
							"rotation": [-22.5, 0, 0],
							"uv": {
								"north": {"uv": [20, 7], "uv_size": [1, 0.5]},
								"east": {"uv": [23, 8], "uv_size": [0.5, 0.5]},
								"south": {"uv": [20, 8], "uv_size": [1, 0.5]},
								"west": {"uv": [9, 23], "uv_size": [0.5, 0.5]},
								"up": {"uv": [20, 9], "uv_size": [1, 0.5]},
								"down": {"uv": [10, 20.5], "uv_size": [1, -0.5]}
							}
						},
						{
							"origin": [-0.48125, -0.62627, -3.73278],
							"size": [1.0125, 0.33318, 0.742],
							"pivot": [0.025, -0.35968, -3.36178],
							"rotation": [-22.5, 0, 0],
							"uv": {
								"north": {"uv": [11, 20], "uv_size": [1, 0.5]},
								"east": {"uv": [23, 9], "uv_size": [0.5, 0.5]},
								"south": {"uv": [12, 20], "uv_size": [1, 0.5]},
								"west": {"uv": [10, 23], "uv_size": [0.5, 0.5]},
								"up": {"uv": [13, 20], "uv_size": [1, 0.5]},
								"down": {"uv": [20, 13.5], "uv_size": [1, -0.5]}
							}
						},
						{
							"origin": [-0.48125, -0.79836, -3.63714],
							"size": [1.0125, 0.35822, 0.6436],
							"uv": {
								"north": {"uv": [14, 20], "uv_size": [1, 0.5]},
								"east": {"uv": [23, 10], "uv_size": [0.5, 0.5]},
								"south": {"uv": [20, 14], "uv_size": [1, 0.5]},
								"west": {"uv": [11, 23], "uv_size": [0.5, 0.5]},
								"up": {"uv": [20, 15], "uv_size": [1, 0.5]},
								"down": {"uv": [16, 20.5], "uv_size": [1, -0.5]}
							}
						},
						{
							"origin": [-0.48125, -0.15957, -3.52611],
							"size": [1.0125, 0.64439, 0.78897],
							"uv": {
								"north": {"uv": [17, 20], "uv_size": [1, 0.5]},
								"east": {"uv": [18, 20], "uv_size": [1, 0.5]},
								"south": {"uv": [20, 18], "uv_size": [1, 0.5]},
								"west": {"uv": [19, 20], "uv_size": [1, 0.5]},
								"up": {"uv": [16, 13], "uv_size": [1, 1]},
								"down": {"uv": [16, 19], "uv_size": [1, -1]}
							}
						},
						{
							"origin": [-0.48125, -0.79836, -2.83714],
							"size": [1.0125, 0.35822, 0.7936],
							"uv": {
								"north": {"uv": [20, 19], "uv_size": [1, 0.5]},
								"east": {"uv": [20, 20], "uv_size": [1, 0.5]},
								"south": {"uv": [21, 0], "uv_size": [1, 0.5]},
								"west": {"uv": [21, 1], "uv_size": [1, 0.5]},
								"up": {"uv": [18, 18], "uv_size": [1, 1]},
								"down": {"uv": [0, 20], "uv_size": [1, -1]}
							}
						},
						{
							"origin": [-0.48125, -0.52627, -2.78278],
							"size": [1.0125, 0.23318, 0.742],
							"pivot": [0.025, -0.35968, -2.41178],
							"rotation": [-22.5, 0, 0],
							"uv": {
								"north": {"uv": [21, 2], "uv_size": [1, 0.5]},
								"east": {"uv": [23, 11], "uv_size": [0.5, 0.5]},
								"south": {"uv": [21, 3], "uv_size": [1, 0.5]},
								"west": {"uv": [12, 23], "uv_size": [0.5, 0.5]},
								"up": {"uv": [21, 4], "uv_size": [1, 0.5]},
								"down": {"uv": [5, 21.5], "uv_size": [1, -0.5]}
							}
						},
						{
							"origin": [-0.48125, -0.22627, -3.53278],
							"size": [1.0125, 0.23161, 0.55031],
							"pivot": [0.025, -0.20968, -3.36178],
							"rotation": [-22.5, 0, 0],
							"uv": {
								"north": {"uv": [21, 5], "uv_size": [1, 0.5]},
								"east": {"uv": [23, 12], "uv_size": [0.5, 0.5]},
								"south": {"uv": [6, 21], "uv_size": [1, 0.5]},
								"west": {"uv": [13, 23], "uv_size": [0.5, 0.5]},
								"up": {"uv": [21, 6], "uv_size": [1, 0.5]},
								"down": {"uv": [7, 21.5], "uv_size": [1, -0.5]}
							}
						},
						{
							"origin": [-0.48125, -0.52627, -2.98278],
							"size": [1.0125, 0.23318, 0.742],
							"pivot": [0.025, -0.35968, -2.61178],
							"rotation": [-22.5, 0, 0],
							"uv": {
								"north": {"uv": [21, 7], "uv_size": [1, 0.5]},
								"east": {"uv": [23, 13], "uv_size": [0.5, 0.5]},
								"south": {"uv": [8, 21], "uv_size": [1, 0.5]},
								"west": {"uv": [14, 23], "uv_size": [0.5, 0.5]},
								"up": {"uv": [21, 8], "uv_size": [1, 0.5]},
								"down": {"uv": [9, 21.5], "uv_size": [1, -0.5]}
							}
						},
						{
							"origin": [-0.48125, -0.22627, -2.58278],
							"size": [1.0125, 0.43318, 0.692],
							"pivot": [0.025, -0.20968, -2.41178],
							"rotation": [-22.5, 0, 0],
							"uv": {
								"north": {"uv": [21, 9], "uv_size": [1, 0.5]},
								"east": {"uv": [23, 14], "uv_size": [0.5, 0.5]},
								"south": {"uv": [10, 21], "uv_size": [1, 0.5]},
								"west": {"uv": [15, 23], "uv_size": [0.5, 0.5]},
								"up": {"uv": [21, 10], "uv_size": [1, 0.5]},
								"down": {"uv": [11, 21.5], "uv_size": [1, -0.5]}
							}
						},
						{
							"origin": [-0.48125, -0.15957, -2.57611],
							"size": [1.0125, 0.64439, 0.63897],
							"uv": {
								"north": {"uv": [21, 11], "uv_size": [1, 0.5]},
								"east": {"uv": [23, 15], "uv_size": [0.5, 0.5]},
								"south": {"uv": [12, 21], "uv_size": [1, 0.5]},
								"west": {"uv": [16, 23], "uv_size": [0.5, 0.5]},
								"up": {"uv": [21, 12], "uv_size": [1, 0.5]},
								"down": {"uv": [13, 21.5], "uv_size": [1, -0.5]}
							}
						},
						{
							"origin": [-0.48125, -0.79836, -1.93714],
							"size": [1.0125, 1.28318, 0.942],
							"uv": {
								"north": {"uv": [16, 11], "uv_size": [1, 1.5]},
								"east": {"uv": [12, 16], "uv_size": [1, 1.5]},
								"south": {"uv": [13, 16], "uv_size": [1, 1.5]},
								"west": {"uv": [14, 16], "uv_size": [1, 1.5]},
								"up": {"uv": [19, 0], "uv_size": [1, 1]},
								"down": {"uv": [19, 2], "uv_size": [1, -1]}
							}
						},
						{
							"origin": [-0.48125, -0.29836, -1.93714],
							"size": [1.0125, 0.78318, 1.95],
							"uv": {
								"north": {"uv": [2, 19], "uv_size": [1, 1]},
								"east": {"uv": [2, 16], "uv_size": [2, 1]},
								"south": {"uv": [19, 2], "uv_size": [1, 1]},
								"west": {"uv": [16, 10], "uv_size": [2, 1]},
								"up": {"uv": [7, 15], "uv_size": [1, 2]},
								"down": {"uv": [10, 17], "uv_size": [1, -2]}
							}
						},
						{
							"origin": [-0.48125, -0.29836, -1.53714],
							"size": [1.0125, 0.78318, 0.75],
							"pivot": [0.025, 0.09323, -0.71214],
							"rotation": [45, 0, 0],
							"uv": {
								"north": {"uv": [3, 19], "uv_size": [1, 1]},
								"east": {"uv": [19, 3], "uv_size": [1, 1]},
								"south": {"uv": [19, 4], "uv_size": [1, 1]},
								"west": {"uv": [19, 5], "uv_size": [1, 1]},
								"up": {"uv": [19, 6], "uv_size": [1, 1]},
								"down": {"uv": [7, 20], "uv_size": [1, -1]}
							}
						},
						{
							"origin": [-0.48125, -0.22627, -3.33278],
							"size": [1.0125, 0.23161, 0.55031],
							"pivot": [0.025, -0.20968, -3.16178],
							"rotation": [-22.5, 0, 0],
							"uv": {
								"north": {"uv": [21, 13], "uv_size": [1, 0.5]},
								"east": {"uv": [23, 16], "uv_size": [0.5, 0.5]},
								"south": {"uv": [14, 21], "uv_size": [1, 0.5]},
								"west": {"uv": [17, 23], "uv_size": [0.5, 0.5]},
								"up": {"uv": [21, 14], "uv_size": [1, 0.5]},
								"down": {"uv": [15, 21.5], "uv_size": [1, -0.5]}
							}
						},
						{
							"origin": [0.41875, -0.79836, -8.83714],
							"size": [0.1125, 1.28318, 0.35],
							"uv": {
								"north": {"uv": [0, 20], "uv_size": [0.5, 1.5]},
								"east": {"uv": [20, 0], "uv_size": [0.5, 1.5]},
								"south": {"uv": [1, 20], "uv_size": [0.5, 1.5]},
								"west": {"uv": [2, 20], "uv_size": [0.5, 1.5]},
								"up": {"uv": [23, 17], "uv_size": [0.5, 0.5]},
								"down": {"uv": [18, 23.5], "uv_size": [0.5, -0.5]}
							}
						},
						{
							"origin": [-0.48125, -0.79836, -8.83714],
							"size": [0.1125, 1.28318, 0.35],
							"uv": {
								"north": {"uv": [20, 2], "uv_size": [0.5, 1.5]},
								"east": {"uv": [3, 20], "uv_size": [0.5, 1.5]},
								"south": {"uv": [4, 20], "uv_size": [0.5, 1.5]},
								"west": {"uv": [20, 4], "uv_size": [0.5, 1.5]},
								"up": {"uv": [23, 18], "uv_size": [0.5, 0.5]},
								"down": {"uv": [19, 23.5], "uv_size": [0.5, -0.5]}
							}
						},
						{
							"origin": [-0.48125, -0.79836, -8.48714],
							"size": [1.0125, 0.35822, 0.5936],
							"uv": {
								"north": {"uv": [21, 15], "uv_size": [1, 0.5]},
								"east": {"uv": [23, 19], "uv_size": [0.5, 0.5]},
								"south": {"uv": [16, 21], "uv_size": [1, 0.5]},
								"west": {"uv": [20, 23], "uv_size": [0.5, 0.5]},
								"up": {"uv": [21, 16], "uv_size": [1, 0.5]},
								"down": {"uv": [17, 21.5], "uv_size": [1, -0.5]}
							}
						},
						{
							"origin": [-0.48125, -0.79836, -7.83714],
							"size": [1.0125, 1.28318, 4.2],
							"uv": {
								"north": {"uv": [15, 16], "uv_size": [1, 1.5]},
								"east": {"uv": [0, 4], "uv_size": [4, 1.5]},
								"south": {"uv": [16, 16], "uv_size": [1, 1.5]},
								"west": {"uv": [4, 4], "uv_size": [4, 1.5]},
								"up": {"uv": [6, 0], "uv_size": [1, 4]},
								"down": {"uv": [7, 4], "uv_size": [1, -4]}
							}
						},
						{
							"origin": [-0.48125, -0.15957, -8.42611],
							"size": [1.0125, 0.64439, 0.58897],
							"uv": {
								"north": {"uv": [21, 17], "uv_size": [1, 0.5]},
								"east": {"uv": [23, 20], "uv_size": [0.5, 0.5]},
								"south": {"uv": [18, 21], "uv_size": [1, 0.5]},
								"west": {"uv": [21, 23], "uv_size": [0.5, 0.5]},
								"up": {"uv": [21, 18], "uv_size": [1, 0.5]},
								"down": {"uv": [19, 21.5], "uv_size": [1, -0.5]}
							}
						},
						{
							"origin": [-0.41597, 0.41811, -8.42611],
							"size": [0.61631, 0.21403, 4.78897],
							"pivot": [-0.28091, 0.61556, -6.99114],
							"rotation": [0, 0, 22.5],
							"uv": {
								"north": {"uv": [23, 21], "uv_size": [0.5, 0.5]},
								"east": {"uv": [10, 8], "uv_size": [5, 0.5]},
								"south": {"uv": [22, 23], "uv_size": [0.5, 0.5]},
								"west": {"uv": [10, 9], "uv_size": [5, 0.5]},
								"up": {"uv": [10, 10], "uv_size": [0.5, 5]},
								"down": {"uv": [2, 16], "uv_size": [0.5, -5]}
							}
						},
						{
							"origin": [-0.22349, 0.4181, -3.52611],
							"size": [0.74316, 0.21404, 0.78897],
							"pivot": [0.35776, 0.48057, -1.99114],
							"rotation": [0, 0, -22.5],
							"uv": {
								"north": {"uv": [23, 22], "uv_size": [0.5, 0.5]},
								"east": {"uv": [21, 19], "uv_size": [1, 0.5]},
								"south": {"uv": [23, 23], "uv_size": [0.5, 0.5]},
								"west": {"uv": [20, 21], "uv_size": [1, 0.5]},
								"up": {"uv": [21, 20], "uv_size": [0.5, 1]},
								"down": {"uv": [21, 22], "uv_size": [0.5, -1]}
							}
						},
						{
							"origin": [-0.41597, 0.41811, -2.57611],
							"size": [0.61631, 0.21403, 2.58897],
							"pivot": [-0.28091, 0.61556, -0.24114],
							"rotation": [0, 0, 22.5],
							"uv": {
								"north": {"uv": [0, 24], "uv_size": [0.5, 0.5]},
								"east": {"uv": [18, 10], "uv_size": [2.5, 0.5]},
								"south": {"uv": [24, 0], "uv_size": [0.5, 0.5]},
								"west": {"uv": [18, 11], "uv_size": [2.5, 0.5]},
								"up": {"uv": [8, 18], "uv_size": [0.5, 2.5]},
								"down": {"uv": [9, 20.5], "uv_size": [0.5, -2.5]}
							}
						},
						{
							"origin": [-0.22349, 0.4181, -2.57611],
							"size": [0.74316, 0.21404, 2.58897],
							"pivot": [0.35776, 0.48057, -0.24114],
							"rotation": [0, 0, -22.5],
							"uv": {
								"north": {"uv": [1, 24], "uv_size": [0.5, 0.5]},
								"east": {"uv": [12, 18], "uv_size": [2.5, 0.5]},
								"south": {"uv": [24, 1], "uv_size": [0.5, 0.5]},
								"west": {"uv": [18, 12], "uv_size": [2.5, 0.5]},
								"up": {"uv": [18, 13], "uv_size": [0.5, 2.5]},
								"down": {"uv": [15, 20.5], "uv_size": [0.5, -2.5]}
							}
						},
						{
							"origin": [-0.41597, 0.41811, -3.52611],
							"size": [0.61631, 0.21403, 0.78897],
							"pivot": [-0.28091, 0.61556, -1.99114],
							"rotation": [0, 0, 22.5],
							"uv": {
								"north": {"uv": [2, 24], "uv_size": [0.5, 0.5]},
								"east": {"uv": [0, 22], "uv_size": [1, 0.5]},
								"south": {"uv": [24, 2], "uv_size": [0.5, 0.5]},
								"west": {"uv": [22, 0], "uv_size": [1, 0.5]},
								"up": {"uv": [1, 22], "uv_size": [0.5, 1]},
								"down": {"uv": [22, 2], "uv_size": [0.5, -1]}
							}
						},
						{
							"origin": [-0.22349, 0.4181, -8.42611],
							"size": [0.74316, 0.21404, 4.78897],
							"pivot": [0.35776, 0.48057, -6.99114],
							"rotation": [0, 0, -22.5],
							"uv": {
								"north": {"uv": [3, 24], "uv_size": [0.5, 0.5]},
								"east": {"uv": [11, 10], "uv_size": [5, 0.5]},
								"south": {"uv": [24, 3], "uv_size": [0.5, 0.5]},
								"west": {"uv": [11, 11], "uv_size": [5, 0.5]},
								"up": {"uv": [3, 11], "uv_size": [0.5, 5]},
								"down": {"uv": [0, 17], "uv_size": [0.5, -5]}
							}
						},
						{
							"origin": [-0.39934, 0.25024, -3.52611],
							"size": [0.84868, 0.43233, 0.78897],
							"uv": {
								"north": {"uv": [2, 22], "uv_size": [1, 0.5]},
								"east": {"uv": [22, 2], "uv_size": [1, 0.5]},
								"south": {"uv": [3, 22], "uv_size": [1, 0.5]},
								"west": {"uv": [22, 3], "uv_size": [1, 0.5]},
								"up": {"uv": [19, 7], "uv_size": [1, 1]},
								"down": {"uv": [10, 20], "uv_size": [1, -1]}
							}
						},
						{
							"origin": [-0.39934, 0.25024, -8.73714],
							"size": [0.84868, 0.43232, 5.1],
							"uv": {
								"north": {"uv": [4, 22], "uv_size": [1, 0.5]},
								"east": {"uv": [11, 12], "uv_size": [5, 0.5]},
								"south": {"uv": [22, 4], "uv_size": [1, 0.5]},
								"west": {"uv": [11, 13], "uv_size": [5, 0.5]},
								"up": {"uv": [2, 6], "uv_size": [1, 5]},
								"down": {"uv": [3, 11], "uv_size": [1, -5]}
							}
						},
						{
							"origin": [-0.39934, 0.25024, -2.57611],
							"size": [0.84868, 0.43233, 2.58897],
							"uv": {
								"north": {"uv": [5, 22], "uv_size": [1, 0.5]},
								"east": {"uv": [18, 16], "uv_size": [2.5, 0.5]},
								"south": {"uv": [22, 5], "uv_size": [1, 0.5]},
								"west": {"uv": [18, 17], "uv_size": [2.5, 0.5]},
								"up": {"uv": [1, 12], "uv_size": [1, 2.5]},
								"down": {"uv": [11, 16.5], "uv_size": [1, -2.5]}
							}
						},
						{
							"origin": [-0.47938, -0.91113, -7.83714],
							"size": [0.44906, 0.19979, 4.8436],
							"pivot": [-0.26157, -0.75955, -6.99114],
							"rotation": [0, 0, -22.5],
							"uv": {
								"north": {"uv": [4, 24], "uv_size": [0.5, 0.5]},
								"east": {"uv": [12, 14], "uv_size": [5, 0.5]},
								"south": {"uv": [24, 4], "uv_size": [0.5, 0.5]},
								"west": {"uv": [15, 8], "uv_size": [5, 0.5]},
								"up": {"uv": [1, 15], "uv_size": [0.5, 5]},
								"down": {"uv": [4, 20], "uv_size": [0.5, -5]}
							}
						},
						{
							"origin": [0.08032, -0.91113, -1.93714],
							"size": [0.44906, 0.19979, 0.942],
							"pivot": [0.31157, -0.75955, -6.99114],
							"rotation": [0, 0, 22.5],
							"uv": {
								"north": {"uv": [5, 24], "uv_size": [0.5, 0.5]},
								"east": {"uv": [6, 22], "uv_size": [1, 0.5]},
								"south": {"uv": [24, 5], "uv_size": [0.5, 0.5]},
								"west": {"uv": [22, 6], "uv_size": [1, 0.5]},
								"up": {"uv": [7, 22], "uv_size": [0.5, 1]},
								"down": {"uv": [22, 8], "uv_size": [0.5, -1]}
							}
						},
						{
							"origin": [-0.47938, -0.91113, -1.93714],
							"size": [0.44906, 0.19979, 0.942],
							"pivot": [-0.26157, -0.75955, -6.99114],
							"rotation": [0, 0, -22.5],
							"uv": {
								"north": {"uv": [6, 24], "uv_size": [0.5, 0.5]},
								"east": {"uv": [8, 22], "uv_size": [1, 0.5]},
								"south": {"uv": [24, 6], "uv_size": [0.5, 0.5]},
								"west": {"uv": [22, 8], "uv_size": [1, 0.5]},
								"up": {"uv": [9, 22], "uv_size": [0.5, 1]},
								"down": {"uv": [22, 10], "uv_size": [0.5, -1]}
							}
						},
						{
							"origin": [-0.40479, -0.48294, -0.92914],
							"size": [0.85958, 0.93319, 0.942],
							"uv": {
								"north": {"uv": [11, 19], "uv_size": [1, 1]},
								"east": {"uv": [12, 19], "uv_size": [1, 1]},
								"south": {"uv": [13, 19], "uv_size": [1, 1]},
								"west": {"uv": [19, 13], "uv_size": [1, 1]},
								"up": {"uv": [14, 19], "uv_size": [1, 1]},
								"down": {"uv": [19, 15], "uv_size": [1, -1]}
							}
						},
						{
							"origin": [-0.20479, -0.83294, -1.12914],
							"size": [0.45958, 0.38319, 1.142],
							"uv": {
								"north": {"uv": [7, 24], "uv_size": [0.5, 0.5]},
								"east": {"uv": [10, 22], "uv_size": [1, 0.5]},
								"south": {"uv": [24, 7], "uv_size": [0.5, 0.5]},
								"west": {"uv": [22, 10], "uv_size": [1, 0.5]},
								"up": {"uv": [11, 22], "uv_size": [0.5, 1]},
								"down": {"uv": [22, 12], "uv_size": [0.5, -1]}
							}
						},
						{
							"origin": [0.08032, -0.41113, -0.92914],
							"size": [0.44906, 0.19979, 0.942],
							"pivot": [0.31157, -0.25955, -5.98314],
							"rotation": [0, 0, 22.5],
							"uv": {
								"north": {"uv": [8, 24], "uv_size": [0.5, 0.5]},
								"east": {"uv": [12, 22], "uv_size": [1, 0.5]},
								"south": {"uv": [24, 8], "uv_size": [0.5, 0.5]},
								"west": {"uv": [22, 12], "uv_size": [1, 0.5]},
								"up": {"uv": [13, 22], "uv_size": [0.5, 1]},
								"down": {"uv": [22, 14], "uv_size": [0.5, -1]}
							}
						},
						{
							"origin": [-0.47938, -0.41113, -0.92914],
							"size": [0.44906, 0.19979, 0.942],
							"pivot": [-0.26157, -0.25955, -5.98314],
							"rotation": [0, 0, -22.5],
							"uv": {
								"north": {"uv": [9, 24], "uv_size": [0.5, 0.5]},
								"east": {"uv": [14, 22], "uv_size": [1, 0.5]},
								"south": {"uv": [24, 9], "uv_size": [0.5, 0.5]},
								"west": {"uv": [22, 14], "uv_size": [1, 0.5]},
								"up": {"uv": [15, 22], "uv_size": [0.5, 1]},
								"down": {"uv": [22, 16], "uv_size": [0.5, -1]}
							}
						},
						{
							"origin": [-0.41625, 0.41669, -8.83714],
							"size": [0.12, 0.21404, 0.35],
							"pivot": [-0.2775, 0.61415, -6.99114],
							"rotation": [0, 0, 22.5],
							"uv": {
								"north": {"uv": [10, 24], "uv_size": [0.5, 0.5]},
								"east": {"uv": [24, 10], "uv_size": [0.5, 0.5]},
								"south": {"uv": [11, 24], "uv_size": [0.5, 0.5]},
								"west": {"uv": [24, 11], "uv_size": [0.5, 0.5]},
								"up": {"uv": [12, 24], "uv_size": [0.5, 0.5]},
								"down": {"uv": [24, 12.5], "uv_size": [0.5, -0.5]}
							}
						},
						{
							"origin": [0.39967, 0.4181, -8.83714],
							"size": [0.12, 0.21404, 0.35],
							"pivot": [0.35776, 0.48057, -6.99114],
							"rotation": [0, 0, -22.5],
							"uv": {
								"north": {"uv": [13, 24], "uv_size": [0.5, 0.5]},
								"east": {"uv": [24, 13], "uv_size": [0.5, 0.5]},
								"south": {"uv": [14, 24], "uv_size": [0.5, 0.5]},
								"west": {"uv": [24, 14], "uv_size": [0.5, 0.5]},
								"up": {"uv": [15, 24], "uv_size": [0.5, 0.5]},
								"down": {"uv": [24, 15.5], "uv_size": [0.5, -0.5]}
							}
						},
						{
							"origin": [0.40938, -0.91113, -8.83714],
							"size": [0.12, 0.19979, 0.9436],
							"pivot": [0.31157, -0.75955, -6.99114],
							"rotation": [0, 0, 22.5],
							"uv": {
								"north": {"uv": [16, 24], "uv_size": [0.5, 0.5]},
								"east": {"uv": [16, 22], "uv_size": [1, 0.5]},
								"south": {"uv": [24, 16], "uv_size": [0.5, 0.5]},
								"west": {"uv": [22, 16], "uv_size": [1, 0.5]},
								"up": {"uv": [17, 22], "uv_size": [0.5, 1]},
								"down": {"uv": [22, 18], "uv_size": [0.5, -1]}
							}
						},
						{
							"origin": [-0.48097, -0.90311, -8.83714],
							"size": [0.12, 0.19979, 0.9436],
							"pivot": [-0.24222, -0.75154, -6.99114],
							"rotation": [0, 0, -22.5],
							"uv": {
								"north": {"uv": [17, 24], "uv_size": [0.5, 0.5]},
								"east": {"uv": [18, 22], "uv_size": [1, 0.5]},
								"south": {"uv": [24, 17], "uv_size": [0.5, 0.5]},
								"west": {"uv": [22, 18], "uv_size": [1, 0.5]},
								"up": {"uv": [19, 22], "uv_size": [0.5, 1]},
								"down": {"uv": [22, 20], "uv_size": [0.5, -1]}
							}
						},
						{
							"origin": [-0.40479, -0.98294, -8.73714],
							"size": [0.85958, 1.58319, 5.7436],
							"uv": {
								"north": {"uv": [0, 17], "uv_size": [1, 1.5]},
								"east": {"uv": [0, 0], "uv_size": [5.5, 1.5]},
								"south": {"uv": [2, 17], "uv_size": [1, 1.5]},
								"west": {"uv": [0, 2], "uv_size": [5.5, 1.5]},
								"up": {"uv": [0, 6], "uv_size": [1, 5.5]},
								"down": {"uv": [1, 11.5], "uv_size": [1, -5.5]}
							}
						},
						{
							"origin": [-0.40479, -0.98294, -2.83714],
							"size": [0.85958, 1.58319, 0.7936],
							"uv": {
								"north": {"uv": [3, 17], "uv_size": [1, 1.5]},
								"east": {"uv": [7, 17], "uv_size": [1, 1.5]},
								"south": {"uv": [10, 17], "uv_size": [1, 1.5]},
								"west": {"uv": [11, 17], "uv_size": [1, 1.5]},
								"up": {"uv": [19, 15], "uv_size": [1, 1]},
								"down": {"uv": [16, 20], "uv_size": [1, -1]}
							}
						},
						{
							"origin": [-0.40479, -0.88294, -2.98714],
							"size": [0.85958, 0.53319, 1.0936],
							"uv": {
								"north": {"uv": [20, 22], "uv_size": [1, 0.5]},
								"east": {"uv": [22, 20], "uv_size": [1, 0.5]},
								"south": {"uv": [21, 22], "uv_size": [1, 0.5]},
								"west": {"uv": [22, 21], "uv_size": [1, 0.5]},
								"up": {"uv": [17, 19], "uv_size": [1, 1]},
								"down": {"uv": [18, 20], "uv_size": [1, -1]}
							}
						},
						{
							"origin": [-0.40479, -0.98294, -1.93714],
							"size": [0.85958, 1.58319, 0.942],
							"uv": {
								"north": {"uv": [17, 11], "uv_size": [1, 1.5]},
								"east": {"uv": [17, 13], "uv_size": [1, 1.5]},
								"south": {"uv": [17, 15], "uv_size": [1, 1.5]},
								"west": {"uv": [17, 17], "uv_size": [1, 1.5]},
								"up": {"uv": [19, 18], "uv_size": [1, 1]},
								"down": {"uv": [19, 20], "uv_size": [1, -1]}
							}
						},
						{
							"origin": [-0.39934, 0.60024, -8.83714],
							"size": [0.84868, 0.08232, 0.1],
							"uv": {
								"north": {"uv": [22, 22], "uv_size": [1, 0.5]},
								"east": {"uv": [18, 24], "uv_size": [0.5, 0.5]},
								"south": {"uv": [0, 23], "uv_size": [1, 0.5]},
								"west": {"uv": [24, 18], "uv_size": [0.5, 0.5]},
								"up": {"uv": [23, 0], "uv_size": [1, 0.5]},
								"down": {"uv": [1, 23.5], "uv_size": [1, -0.5]}
							}
						},
						{
							"origin": [-0.40479, -0.98294, -8.83714],
							"size": [0.85958, 0.08319, 0.1],
							"uv": {
								"north": {"uv": [23, 1], "uv_size": [1, 0.5]},
								"east": {"uv": [19, 24], "uv_size": [0.5, 0.5]},
								"south": {"uv": [2, 23], "uv_size": [1, 0.5]},
								"west": {"uv": [24, 19], "uv_size": [0.5, 0.5]},
								"up": {"uv": [23, 2], "uv_size": [1, 0.5]},
								"down": {"uv": [3, 23.5], "uv_size": [1, -0.5]}
							}
						},
						{
							"origin": [0.08032, -0.91113, -7.83714],
							"size": [0.44906, 0.19979, 4.8436],
							"pivot": [0.31157, -0.75955, -6.99114],
							"rotation": [0, 0, 22.5],
							"uv": {
								"north": {"uv": [20, 24], "uv_size": [0.5, 0.5]},
								"east": {"uv": [15, 9], "uv_size": [5, 0.5]},
								"south": {"uv": [24, 20], "uv_size": [0.5, 0.5]},
								"west": {"uv": [12, 15], "uv_size": [5, 0.5]},
								"up": {"uv": [5, 15], "uv_size": [0.5, 5]},
								"down": {"uv": [6, 20], "uv_size": [0.5, -5]}
							}
						},
						{
							"origin": [-0.47938, -0.91113, -2.83714],
							"size": [0.44906, 0.19979, 0.7936],
							"pivot": [-0.26157, -0.75955, -6.99114],
							"rotation": [0, 0, -22.5],
							"uv": {
								"north": {"uv": [21, 24], "uv_size": [0.5, 0.5]},
								"east": {"uv": [23, 3], "uv_size": [1, 0.5]},
								"south": {"uv": [24, 21], "uv_size": [0.5, 0.5]},
								"west": {"uv": [4, 23], "uv_size": [1, 0.5]},
								"up": {"uv": [23, 4], "uv_size": [0.5, 1]},
								"down": {"uv": [5, 24], "uv_size": [0.5, -1]}
							}
						},
						{
							"origin": [0.08032, -0.91113, -2.83714],
							"size": [0.44906, 0.19979, 0.7936],
							"pivot": [0.31157, -0.75955, -6.99114],
							"rotation": [0, 0, 22.5],
							"uv": {
								"north": {"uv": [22, 24], "uv_size": [0.5, 0.5]},
								"east": {"uv": [23, 5], "uv_size": [1, 0.5]},
								"south": {"uv": [24, 22], "uv_size": [0.5, 0.5]},
								"west": {"uv": [6, 23], "uv_size": [1, 0.5]},
								"up": {"uv": [23, 6], "uv_size": [0.5, 1]},
								"down": {"uv": [7, 24], "uv_size": [0.5, -1]}
							}
						},
						{
							"origin": [-0.11244, -0.2, -8.9],
							"size": [0.22488, 0.075, 8.95],
							"pivot": [0, 0.125, -4.9],
							"rotation": [0, 0, 45],
							"uv": {
								"north": {"uv": [23, 24], "uv_size": [0.5, 0.5]},
								"south": {"uv": [24, 23], "uv_size": [0.5, 0.5]},
								"up": {"uv": [4, 6], "uv_size": [0.5, 9]},
								"down": {"uv": [5, 15], "uv_size": [0.5, -9]}
							}
						},
						{
							"origin": [-0.1503, -0.18432, -8.9],
							"size": [0.3006, 0.05932, 8.95],
							"uv": {
								"north": {"uv": [24, 24], "uv_size": [0.5, 0.5]},
								"south": {"uv": [0, 25], "uv_size": [0.5, 0.5]},
								"up": {"uv": [6, 6], "uv_size": [0.5, 9]},
								"down": {"uv": [7, 15], "uv_size": [0.5, -9]}
							}
						},
						{
							"origin": [-0.11244, 0.375, -8.9],
							"size": [0.22488, 0.075, 8.95],
							"pivot": [0, 0.125, -4.9],
							"rotation": [0, 0, 45],
							"uv": {
								"north": {"uv": [25, 0], "uv_size": [0.5, 0.5]},
								"south": {"uv": [1, 25], "uv_size": [0.5, 0.5]},
								"up": {"uv": [8, 0], "uv_size": [0.5, 9]},
								"down": {"uv": [9, 9], "uv_size": [0.5, -9]}
							}
						},
						{
							"origin": [-0.1503, 0.375, -8.9],
							"size": [0.3006, 0.05932, 8.95],
							"uv": {
								"north": {"uv": [25, 1], "uv_size": [0.5, 0.5]},
								"south": {"uv": [2, 25], "uv_size": [0.5, 0.5]},
								"up": {"uv": [8, 9], "uv_size": [0.5, 9]},
								"down": {"uv": [9, 18], "uv_size": [0.5, -9]}
							}
						},
						{
							"origin": [0.25, 0.01256, -8.9],
							"size": [0.075, 0.22488, 8.95],
							"pivot": [0, 0.125, -4.9],
							"rotation": [0, 0, 45],
							"uv": {
								"north": {"uv": [25, 2], "uv_size": [0.5, 0.5]},
								"east": {"uv": [10, 0], "uv_size": [9, 0.5]},
								"south": {"uv": [3, 25], "uv_size": [0.5, 0.5]},
								"west": {"uv": [10, 1], "uv_size": [9, 0.5]}
							}
						},
						{
							"origin": [0.25, -0.0253, -8.9],
							"size": [0.05932, 0.3006, 8.95],
							"uv": {
								"north": {"uv": [25, 3], "uv_size": [0.5, 0.5]},
								"east": {"uv": [10, 2], "uv_size": [9, 0.5]},
								"south": {"uv": [4, 25], "uv_size": [0.5, 0.5]},
								"west": {"uv": [10, 3], "uv_size": [9, 0.5]}
							}
						},
						{
							"origin": [-0.325, 0.01256, -8.9],
							"size": [0.075, 0.22488, 8.95],
							"pivot": [0, 0.125, -4.9],
							"rotation": [0, 0, 45],
							"uv": {
								"north": {"uv": [25, 4], "uv_size": [0.5, 0.5]},
								"east": {"uv": [10, 4], "uv_size": [9, 0.5]},
								"south": {"uv": [5, 25], "uv_size": [0.5, 0.5]},
								"west": {"uv": [10, 5], "uv_size": [9, 0.5]}
							}
						},
						{
							"origin": [-0.30932, -0.0253, -8.9],
							"size": [0.05932, 0.3006, 8.95],
							"uv": {
								"north": {"uv": [25, 5], "uv_size": [0.5, 0.5]},
								"east": {"uv": [10, 6], "uv_size": [9, 0.5]},
								"south": {"uv": [6, 25], "uv_size": [0.5, 0.5]},
								"west": {"uv": [10, 7], "uv_size": [9, 0.5]}
							}
						}
					]
				}
			]
		}
	]
}