{
  "name": "霜卫",
  "icon": "simplyswords:runic_tablet",
  "category": "simplyswords:category_rune_etching",
  "pages": [
    {
      "type": "patchouli:spotlight",
      "item": "simplyswords:runic_tablet",
      "title": "霜卫",
      "text": "霜卫符文附加了$(#38caff)$(l)寒冰$()的力量。$(br2)它能够召唤一个守卫，持续发射雪球攻击范围内的敌人。"
    },
    {
      "type": "patchouli:text",
      "text": "霜卫适合擅长防御的玩家，他们可以用雪球控制战场。"
    }
  ]
}