{
  "materials": [
    {
      "item": {
        "tag": "forge:ingots/gold"
      },
      "count": 10
    },
    {
      "item": {
        "tag": "forge:ingots/iron"
      },
      "count": 80
    },
    {
      "item": {
        "tag": "forge:gems/quartz"
      },
      "count": 5
    },
    {
      "item": {
        "tag": "forge:dyes/white"
      },
      "count": 6
    },
    {
      "item": {
        "tag": "forge:dyes/black"
      },
      "count": 3
    },
    {
      "item": {
        "tag": "forge:dyes/blue"
      },
      "count": 2
    }
  ],
  "result": {
    "type":"gun",
    "id": "converted:416sap"
  }
}