{
  // 材料
  "materials": [
    {
      "item": {
        "tag": "forge:gems/diamond"
      },
      "count": 4
    },
    {
      "item": {
        "tag": "forge:ingots/gold"
      },
      "count": 24
    },
    {
      "item": {
        "tag": "forge:dyes/white"
      },
      "count": 3
    },
    {
      "item": {
        "tag": "forge:ingots/iron"
      },
      "count": 138
    },    
   {
     "item": {
     "tag": "forge:dusts/glowstone"
      },
     "count": 5
    },
    {
     "item": {
     "tag": "forge:gems/lapis"
      },
     "count": 1
    }
  ],
  "result": {
    "type":"gun",
    "id": "converted:claw"
  }
}