{
  "materials": [
    {
      "item": {
        "tag": "forge:gems/diamond"
      },
      "count": 4
    },
    {
      "item": {
        "tag": "forge:ingots/gold"
      },
      "count": 20
    },
    {
      "item": {
        "tag": "forge:ingots/iron"
      },
      "count": 124
    },
    {
      "item": {
        "tag": "forge:rods/blaze"
      },
      "count": 2
    },
    {
      "item": {
        "tag": "forge:dyes/white"
      },
      "count": 6
    },
    {
      "item": {
        "tag": "forge:dyes/black"
      },
      "count": 3
    },
    {
      "item": {
        "tag": "forge:dyes/blue"
      },
      "count": 2
    }
  ],
  "result": {
    "type":"gun",
    "id": "converted:mk14cr"
  }
}