{
  "name": "战刃",
  "icon": "simplyswords:iron_warglaive",
  "category": "simplyswords:category_weapon_variants",
  "pages": [
    {
      "type": "patchouli:spotlight",
      "item": "simplyswords:iron_warglaive",
      "text": "战刃拥有很高的速度和灵活性，尤其是双持，可以利用锋利的刀刃打出快速而致命的连击。它需要持有者非常灵活，才能在战场上高效发挥。"
    },
    {
      "type": "patchouli:crafting",
      "recipe": "simplyswords:iron_warglaive",
      "recipe2": "simplyswords:gold_warglaive"
    },
    {
      "type": "patchouli:crafting",
      "recipe": "simplyswords:diamond_warglaive"
    },
    {
      "type": "patchouli:smithing",
      "recipe": "simplyswords:netherite_warglaive",
      "recipe2": "simplyswords:runic_warglaive"
    }
  ]
}