{
  "name": "戟",
  "icon": "simplyswords:iron_halberd",
  "category": "simplyswords:category_weapon_variants",
  "pages": [
    {
      "type": "patchouli:spotlight",
      "item": "simplyswords:iron_halberd",
      "text": "戟是一种长兵器，在长杆的一端装有带有钩尖的刃，杆上装有斧刃。戟的适用性高、攻击范围远。在熟练使用它的战士手里，这是一种强大的武器。"
    },
    {
      "type": "patchouli:crafting",
      "recipe": "simplyswords:iron_halberd",
      "recipe2": "simplyswords:gold_halberd"
    },
    {
      "type": "patchouli:crafting",
      "recipe": "simplyswords:diamond_halberd"
    },
    {
      "type": "patchouli:smithing",
      "recipe": "simplyswords:netherite_halberd",
      "recipe2": "simplyswords:runic_halberd"
    }
  ]
}