{
  "name": "武士刀",
  "icon": "simplyswords:iron_katana",
  "category": "simplyswords:category_weapon_variants",
  "pages": [
    {
      "type": "patchouli:spotlight",
      "item": "simplyswords:iron_katana",
      "text": "武士刀以锋利、强力、能使出兼具快速和精准的攻击而闻名。历史上，日本封建时代的武士们广泛使用这种刀。它是一名武士最重要的武器，也是武士阶级的象征。"
    },
    {
      "type": "patchouli:crafting",
      "recipe": "simplyswords:iron_katana",
      "recipe2": "simplyswords:gold_katana"
    },
    {
      "type": "patchouli:crafting",
      "recipe": "simplyswords:diamond_katana"
    },
    {
      "type": "patchouli:smithing",
      "recipe": "simplyswords:netherite_katana",
      "recipe2": "simplyswords:runic_katana"
    }
  ]
}