{
	"credit": "Made by Ensis",
	"ambientocclusion": false,
	"textures": {
		"1": "block/vine_leafs",
		"particle": "block/vine",
		"vine": "block/vine"
	},
	"elements": [
		{
			"name": "Base",
			"from": [0, 0, 0.8],
			"to": [16, 16, 0.8],
			"shade": false,
			"rotation": {"angle": 0, "axis": "z", "origin": [0, 0, 16]},
			"faces": {
				"north": {"uv": [16, 0, 0, 16], "texture": "#vine", "tintindex": 0},
				"south": {"uv": [16, 0, 0, 16], "texture": "#vine", "tintindex": 0}
			}
		},
		{
			"name": "Leafs up",
			"from": [0, 6.5, 0.8],
			"to": [16, 14.5, 0.8],
			"shade": false,
			"rotation": {"angle": -22.5, "axis": "x", "origin": [8, 14.5, 0.8]},
			"faces": {
				"north": {"uv": [16, 0, 0, 8], "texture": "#1", "tintindex": 0},
				"east": {"uv": [0, 0, 5, 0], "rotation": 90, "texture": "#missing"},
				"south": {"uv": [16, 8, 0, 0], "rotation": 180, "texture": "#1", "tintindex": 0},
				"west": {"uv": [0, 0, 5, 0], "rotation": 270, "texture": "#missing"},
				"up": {"uv": [0, 0, 16, 0], "texture": "#missing"},
				"down": {"uv": [0, 0, 16, 0], "rotation": 180, "texture": "#missing"}
			}
		},
		{
			"name": "Leafs down",
			"from": [0, 0, 0.8],
			"to": [16, 8, 0.8],
			"shade": false,
			"rotation": {"angle": -22.5, "axis": "x", "origin": [8, 8, 0.8]},
			"faces": {
				"north": {"uv": [16, 0, 0, 8], "texture": "#1", "tintindex": 0},
				"east": {"uv": [0, 0, 8, 0], "rotation": 90, "texture": "#missing"},
				"south": {"uv": [16, 16, 0, 8], "rotation": 180, "texture": "#1", "tintindex": 0},
				"west": {"uv": [0, 0, 8, 0], "rotation": 270, "texture": "#missing"},
				"up": {"uv": [0, 0, 16, 0], "texture": "#missing"},
				"down": {"uv": [0, 0, 16, 0], "rotation": 180, "texture": "#missing"}
			}
		}
	]
}