{
	"credit": "Made by YSBB with Blockbench",
	"textures": {
		"5": "block/fk_sand",
		"particle": "block/sand"
	},
	"elements": [
		{
			"from": [0, 0, 0],
			"to": [16, 16, 16],
			"faces": {
				"north": {"uv": [0, 0, 16, 16], "texture": "#particle", "cullface": "north"},
				"east": {"uv": [0, 0, 16, 16], "texture": "#particle", "cullface": "east"},
				"south": {"uv": [0, 0, 16, 16], "texture": "#particle", "cullface": "south"},
				"west": {"uv": [0, 0, 16, 16], "texture": "#particle", "cullface": "west"},
				"up": {"uv": [0, 0, 16, 16], "texture": "#particle", "cullface": "up"},
				"down": {"uv": [0, 0, 16, 16], "texture": "#particle", "cullface": "down"}
			}
		},
		{
			"from": [6, 16.13, 0],
			"to": [10, 16.13, 16],
			"rotation": {"angle": 45, "axis": "y", "origin": [8, 16.05, 8]},
			"faces": {
				"up": {"uv": [0, 0, 4, 16], "texture": "#5", "cullface": "down"}
			}
		},
		{
			"from": [0, 16.15, 6],
			"to": [16, 16.15, 10],
			"rotation": {"angle": 45, "axis": "y", "origin": [8, 16.05, 8]},
			"faces": {
				"up": {"uv": [0, 0, 4, 16], "rotation": 270, "texture": "#5", "cullface": "down"}
			}
		}
	],
	"display": {
		"thirdperson_righthand": {
			"rotation": [-125, 45, 0],
			"translation": [0, 2.5, 0],
			"scale": [0.375, 0.375, 0.375]
		},
		"thirdperson_lefthand": {
			"rotation": [-125, 45, 0],
			"translation": [0, 2.5, 0],
			"scale": [0.375, 0.375, 0.375]
		},
		"firstperson_righthand": {
			"rotation": [180, 45, 0],
			"scale": [0.4, 0.4, 0.4]
		},
		"firstperson_lefthand": {
			"rotation": [180, 225, 0],
			"scale": [0.4, 0.4, 0.4]
		},
		"ground": {
			"rotation": [180, 0, 0],
			"translation": [0, 3, 0],
			"scale": [0.25, 0.25, 0.25]
		},
		"gui": {
			"rotation": [-150, 225, 0],
			"scale": [0.625, 0.625, 0.625]
		},
		"head": {
			"rotation": [0, 180, 0],
			"translation": [0, 13, 7]
		},
		"fixed": {
			"rotation": [90, 0, 0],
			"scale": [0.5, 0.5, 0.5]
		}
	}
}