{
	"credit": "Made by YSBB with Blockbench",
	"parent": "block/block",
	"textures": {
		"particle": "block/dirt_path_top",
		"top": "block/dirt_path_top"
	},
	"elements": [
		{
			"from": [0, 0, 0],
			"to": [16, 15, 16],
			"faces": {
				"north": {"uv": [0, 1, 16, 16], "texture": "#top", "cullface": "north"},
				"east": {"uv": [0, 1, 16, 16], "texture": "#top", "cullface": "east"},
				"south": {"uv": [0, 1, 16, 16], "texture": "#top", "cullface": "south"},
				"west": {"uv": [0, 1, 16, 16], "texture": "#top", "cullface": "west"},
				"up": {"uv": [0, 0, 16, 16], "texture": "#top"},
				"down": {"uv": [0, 0, 16, 16], "texture": "#top", "cullface": "down"}
			}
		},
		{
			"from": [-0.01, -1, -0.01],
			"to": [16.01, 0, 16.01],
			"faces": {
				"north": {"uv": [0, 1, 16, 2], "texture": "#top", "cullface": "north"},
				"east": {"uv": [0, 1, 16, 2], "texture": "#top", "cullface": "east"},
				"south": {"uv": [0, 1, 16, 2], "texture": "#top", "cullface": "south"},
				"west": {"uv": [0, 1, 16, 2], "texture": "#top", "cullface": "west"}
			}
		}
	]
}