{
	"format_version": "1.10.0",
	"geometry.model": {
		"texturewidth": 64,
		"textureheight": 64,
		"visible_bounds_width": 3,
		"visible_bounds_height": 2.5,
		"visible_bounds_offset": [0, 0.75, 0],
		"bones": [
			{
				"name": "head",
				"pivot": [0, 7, 0],
				"cubes": [
					{"origin": [-4, 7, -4], "size": [8, 8, 8], "uv": [0, 0]},
					{"origin": [-7, 8, -1], "size": [4, 5, 2], "uv": [28, 26]},
					{"origin": [-8, 9, -1], "size": [1, 3, 2], "uv": [8, 38]},
					{"origin": [7, 9, -1], "size": [1, 3, 2], "uv": [0, 16]},
					{"origin": [3, 8, -1], "size": [4, 5, 2], "uv": [16, 26]}
				]
			},
			{
				"name": "blink",
				"parent": "head",
				"pivot": [0, -11, 0],
				"cubes": [
					{"origin": [-4, 7, -4.001], "size": [8, 8, 0], "uv": [0, 24]}
				]
			},
			{
				"name": "les",
				"parent": "head",
				"pivot": [0, 7, 0],
				"cubes": [
					{"origin": [-4.5, 14.5, -1], "size": [9, 1, 1], "uv": [18, 16]},
					{"origin": [-2.5, 15, 0], "size": [5, 1, 0], "uv": [18, 18]},
					{"origin": [2.5, 14.75, -1], "size": [1, 1, 1], "uv": [44, 44]},
					{"origin": [0.5, 15, -1], "size": [1, 1, 1], "uv": [44, 42]},
					{"origin": [-1.5, 15, -1], "size": [1, 1, 1], "uv": [36, 44]},
					{"origin": [-3.5, 14.75, -1], "size": [1, 1, 1], "uv": [44, 32]},
					{"origin": [-5, 12.5, -0.001], "size": [1, 1, 0], "uv": [14, 32]},
					{"origin": [-4.75, 13.5, -1], "size": [1, 1, 1], "uv": [32, 44]},
					{"origin": [4, 12.5, -0.001], "size": [1, 1, 0], "uv": [32, 9]},
					{"origin": [3.75, 13.5, -1], "size": [1, 1, 1], "uv": [28, 44]}
				]
			},
			{
				"name": "braidRight",
				"parent": "head",
				"pivot": [-4, 7, -4],
				"rotation": [-40, 45, 0]
			},
			{
				"name": "bone",
				"parent": "braidRight",
				"pivot": [-4, -3.15264, 11.90358],
				"rotation": [0, -135, 0],
				"cubes": [
					{"origin": [-16.49553, 8, 23.39911], "size": [1, 1, 1], "uv": [44, 24]},
					{"origin": [-15.99553, 7, 22.89911], "size": [1, 1, 1], "uv": [44, 20]},
					{"origin": [-16.99553, 9, 23.89911], "size": [1, 1, 1], "uv": [18, 44]}
				]
			},
			{
				"name": "braidLeft",
				"parent": "head",
				"pivot": [-4, 7, -4],
				"rotation": [-40, -45, 0]
			},
			{
				"name": "bone2",
				"parent": "braidLeft",
				"pivot": [-4, -3.15264, 11.90358],
				"rotation": [0, -135, 0],
				"cubes": [
					{"origin": [-23.55971, 4.36384, 22.46328], "size": [1, 1, 1], "uv": [44, 13]},
					{"origin": [-23.05971, 3.36384, 21.96328], "size": [1, 1, 1], "uv": [44, 11]},
					{"origin": [-24.05971, 5.36384, 22.96328], "size": [1, 1, 1], "uv": [10, 44]}
				]
			},
			{
				"name": "decoration",
				"parent": "head",
				"pivot": [0, -1, 0],
				"rotation": [0, 45, 0]
			},
			{
				"name": "bone3",
				"parent": "decoration",
				"pivot": [0, -1, -10.5],
				"rotation": [0, 0, -10],
				"cubes": [
					{"origin": [0.63167, 8.25366, -7.07936], "size": [1, 1, 1], "uv": [44, 9]},
					{"origin": [1.63167, 7.25366, -6.57936], "size": [1, 1, 0], "uv": [30, 18]}
				]
			},
			{
				"name": "bone4",
				"parent": "decoration",
				"pivot": [0, -1, -10.5],
				"rotation": [0, 0, 10],
				"cubes": [
					{"origin": [-1.63167, 8.25366, -7.07936], "size": [1, 1, 1], "uv": [4, 44]},
					{"origin": [-2.63167, 7.25366, -6.57936], "size": [1, 1, 0], "uv": [30, 7]}
				]
			},
			{
				"name": "decoration2",
				"parent": "head",
				"pivot": [0, -1, 0],
				"rotation": [0, -45, 0]
			},
			{
				"name": "bone5",
				"parent": "decoration2",
				"pivot": [0, -1, -10.5],
				"rotation": [0, 0, -10],
				"cubes": [
					{"origin": [0.63167, 8.25366, -7.07936], "size": [1, 1, 1], "uv": [44, 2]},
					{"origin": [1.63167, 7.25366, -6.57936], "size": [1, 1, 0], "uv": [28, 18]}
				]
			},
			{
				"name": "bone6",
				"parent": "decoration2",
				"pivot": [0, -1, -10.5],
				"rotation": [0, 0, 10],
				"cubes": [
					{"origin": [-1.63167, 8.25366, -7.07936], "size": [1, 1, 1], "uv": [44, 0]},
					{"origin": [-2.63167, 7.25366, -6.57936], "size": [1, 1, 0], "uv": [28, 7]}
				]
			},
			{
				"name": "ahoge",
				"parent": "head",
				"pivot": [-2.5, 15, -2],
				"cubes": [
					{"origin": [-3.5, 16, -2], "size": [2, 3, 0], "uv": [18, 41]},
					{"origin": [-3, 17.5, -2], "size": [6, 2, 0], "uv": [32, 13]},
					{"origin": [3, 17, -2], "size": [1, 2, 0], "uv": [32, 7]},
					{"origin": [-3, 15, -2], "size": [1, 1, 0], "uv": [16, 27]}
				]
			},
			{
				"name": "armLeft",
				"pivot": [2, 7, 0],
				"rotation": [0, 0, -25],
				"cubes": [
					{"origin": [2, 3, -0.5], "size": [1, 3, 1], "uv": [24, 0]},
					{"origin": [1.5, 5, -1], "size": [2, 2, 2], "uv": [38, 24]}
				]
			},
			{
				"name": "armLeftPositioningBone",
				"parent": "armLeft",
				"pivot": [2.5, 3, 0]
			},
			{
				"name": "armRight",
				"pivot": [-2, 7, 0],
				"rotation": [0, 0, 25],
				"cubes": [
					{"origin": [-3, 3, -0.5], "size": [1, 3, 1], "uv": [41, 6]},
					{"origin": [-3.5, 5, -1], "size": [2, 2, 2], "uv": [34, 38]}
				]
			},
			{
				"name": "armRightPositioningBone",
				"parent": "armRight",
				"pivot": [-2.5, 3, 0]
			},
			{
				"name": "body",
				"pivot": [0, 5, 0],
				"cubes": [
					{"origin": [-2, 4, -2], "size": [4, 3, 4], "uv": [24, 0]}
				]
			},
			{
				"name": "decoration3",
				"parent": "body",
				"pivot": [0, 7, 0.8]
			},
			{
				"name": "bone7",
				"parent": "decoration3",
				"pivot": [0, 7, 0.8],
				"rotation": [0, 0, 25],
				"cubes": [
					{"origin": [-2, 6, -2.2], "size": [2, 1, 1], "uv": [40, 30]}
				]
			},
			{
				"name": "bone8",
				"parent": "decoration3",
				"pivot": [0, 7, 0.8],
				"rotation": [0, 0, -25],
				"cubes": [
					{"origin": [0, 6, -2.2], "size": [2, 1, 1], "uv": [21, 33]}
				]
			},
			{
				"name": "bone9",
				"parent": "decoration3",
				"pivot": [0, 7, 0.8],
				"rotation": [-5, 0, -15],
				"cubes": [
					{"origin": [-0.24118, 4.96225, -1.98419], "size": [1, 2, 0], "uv": [0, 32]}
				]
			},
			{
				"name": "bone10",
				"parent": "decoration3",
				"pivot": [0, 7, 0.8],
				"rotation": [-5, 0, 15],
				"cubes": [
					{"origin": [-0.75882, 4.96225, -1.98419], "size": [1, 2, 0], "uv": [16, 24]}
				]
			},
			{
				"name": "decoration4",
				"parent": "body",
				"pivot": [0, 13, 2],
				"cubes": [
					{"origin": [-0.5, 5, 2.7], "size": [1, 1, 1], "uv": [33, 33]}
				]
			},
			{
				"name": "bone11",
				"parent": "decoration4",
				"pivot": [0, 13, 2],
				"rotation": [0, 20, 0]
			},
			{
				"name": "bone12",
				"parent": "bone11",
				"pivot": [0, 5, 2],
				"rotation": [0, 0, 15],
				"cubes": [
					{"origin": [-3.15, 5, 2], "size": [3, 1, 1], "uv": [40, 28]}
				]
			},
			{
				"name": "bone13",
				"parent": "bone11",
				"pivot": [0, 13, 2],
				"rotation": [0, 0, -3],
				"cubes": [
					{"origin": [-3.41869, 5.01096, 2], "size": [3, 1, 1], "uv": [40, 4]}
				]
			},
			{
				"name": "bone14",
				"parent": "decoration4",
				"pivot": [0, 13, 2],
				"rotation": [0, -20, 0]
			},
			{
				"name": "bone15",
				"parent": "bone14",
				"pivot": [0, 5, 2],
				"rotation": [0, 0, -15],
				"cubes": [
					{"origin": [0.15, 5, 2], "size": [3, 1, 1], "uv": [22, 39]}
				]
			},
			{
				"name": "bone16",
				"parent": "bone14",
				"pivot": [0, 13, 2],
				"rotation": [0, 0, 3],
				"cubes": [
					{"origin": [0.41869, 5.01096, 2], "size": [3, 1, 1], "uv": [14, 39]}
				]
			},
			{
				"name": "line",
				"parent": "decoration4",
				"pivot": [0, 5.4, 2],
				"rotation": [-15, -45, -30]
			},
			{
				"name": "bone17",
				"parent": "line",
				"pivot": [3.18198, 12.19423, -0.18198],
				"cubes": [
					{"origin": [0.35355, 5.26603, 2.64645], "size": [0, 1, 1], "uv": [26, 6]}
				]
			},
			{
				"name": "bone18",
				"parent": "line",
				"pivot": [3.18198, 12.19423, -0.18198],
				"rotation": [0, -15, 0],
				"cubes": [
					{"origin": [1.4408, 5.26603, 4.24805], "size": [0, 1, 1], "uv": [24, 6]}
				]
			},
			{
				"name": "bone19",
				"parent": "line",
				"pivot": [3.18198, 12.19423, -0.18198],
				"rotation": [0, -30, 0],
				"cubes": [
					{"origin": [2.90552, 5.26603, 5.51367], "size": [0, 1, 1], "uv": [22, 20]}
				]
			},
			{
				"name": "bone20",
				"parent": "line",
				"pivot": [3.18198, 12.19423, -0.18198],
				"rotation": [0, -45, 0],
				"cubes": [
					{"origin": [4.64791, 5.26603, 6.35708], "size": [0, 1, 1], "uv": [20, 20]}
				]
			},
			{
				"name": "line2",
				"parent": "decoration4",
				"pivot": [0, 5.4, 2],
				"rotation": [15, -45, -150]
			},
			{
				"name": "bone26",
				"parent": "line2",
				"pivot": [3.18198, -1.39423, -0.18198],
				"cubes": [
					{"origin": [0.35355, 4.53397, 2.64645], "size": [0, 1, 1], "uv": [18, 20]}
				]
			},
			{
				"name": "bone27",
				"parent": "line2",
				"pivot": [3.18198, -1.39423, -0.18198],
				"rotation": [0, -15, 0],
				"cubes": [
					{"origin": [1.4408, 4.53397, 4.24805], "size": [0, 1, 1], "uv": [4, 20]}
				]
			},
			{
				"name": "bone28",
				"parent": "line2",
				"pivot": [3.18198, -1.39423, -0.18198],
				"rotation": [0, -30, 0],
				"cubes": [
					{"origin": [2.90552, 4.53397, 5.51367], "size": [0, 1, 1], "uv": [2, 20]}
				]
			},
			{
				"name": "bone29",
				"parent": "line2",
				"pivot": [3.18198, -1.39423, -0.18198],
				"rotation": [0, -45, 0],
				"cubes": [
					{"origin": [4.64791, 4.53397, 6.35708], "size": [0, 1, 1], "uv": [0, 20]}
				]
			},
			{
				"name": "skirt",
				"parent": "body",
				"pivot": [0, 5, 0],
				"cubes": [
					{"origin": [-2.5, 3, -2.5], "size": [5, 2, 5], "uv": [19, 19]},
					{"origin": [-3, 1, -3], "size": [6, 2, 6], "uv": [0, 16]}
				]
			},
			{
				"name": "les2",
				"parent": "skirt",
				"pivot": [0, 22, 0],
				"cubes": [
					{"origin": [-3.5, 1, 1.5], "size": [1, 1, 1], "uv": [0, 44]},
					{"origin": [2.5, 1, 1.5], "size": [1, 1, 1], "uv": [41, 43]},
					{"origin": [-3.5, 1, -0.5], "size": [1, 1, 1], "uv": [43, 39]},
					{"origin": [2.5, 1, -0.5], "size": [1, 1, 1], "uv": [25, 43]},
					{"origin": [2.5, 1, -2.5], "size": [1, 1, 1], "uv": [43, 22]},
					{"origin": [-3.5, 1, -2.5], "size": [1, 1, 1], "uv": [21, 43]},
					{"origin": [-2.5, 1, -3.5], "size": [1, 1, 1], "uv": [7, 43]},
					{"origin": [-0.5, 1, -3.5], "size": [1, 1, 1], "uv": [38, 42]},
					{"origin": [-2.5, 1, 2.5], "size": [1, 1, 1], "uv": [34, 42]},
					{"origin": [-0.5, 1, 2.5], "size": [1, 1, 1], "uv": [42, 18]},
					{"origin": [1.5, 1, -3.5], "size": [1, 1, 1], "uv": [4, 42]},
					{"origin": [1.5, 1, 2.5], "size": [1, 1, 1], "uv": [0, 42]}
				]
			},
			{
				"name": "apron",
				"parent": "skirt",
				"pivot": [0, 5, -2.5],
				"rotation": [-22.5, 0, 0],
				"cubes": [
					{"origin": [-2, 2, -2.501], "size": [4, 3, 0], "uv": [38, 15]},
					{"origin": [-2, 4, -3], "size": [1, 1, 1], "uv": [41, 41]},
					{"origin": [-2, 2, -3], "size": [1, 1, 1], "uv": [26, 41]},
					{"origin": [1, 2, -3], "size": [1, 1, 1], "uv": [22, 41]},
					{"origin": [1, 4, -3], "size": [1, 1, 1], "uv": [40, 38]}
				]
			},
			{
				"name": "legLeft",
				"pivot": [1, 4, 0],
				"cubes": [
					{"origin": [0.5, 0, -0.5], "size": [1, 4, 1], "uv": [30, 39]}
				]
			},
			{
				"name": "legRight",
				"pivot": [-1, 4, 0],
				"cubes": [
					{"origin": [-1.5, 0, -0.5], "size": [1, 4, 1], "uv": [14, 41]}
				]
			},
			{
				"name": "tail",
				"pivot": [0, 4, 2.5]
			},
			{
				"name": "bone110",
				"parent": "tail",
				"pivot": [1.5, 4, 2.5],
				"cubes": [
					{"origin": [-1.5, 2.5, 3.5], "size": [3, 3, 2.3], "uv": [36, 33]},
					{"origin": [-1.5, 2.5, 4], "size": [3, 3, 3], "uv": [24, 33], "inflate": -0.1},
					{"origin": [-1.5, 2.5, 5], "size": [3, 3, 3], "uv": [12, 33], "inflate": -0.3},
					{"origin": [-1.5, 2.5, 6], "size": [3, 3, 3], "uv": [32, 7], "inflate": -0.5},
					{"origin": [-1.5, 2.5, 7], "size": [3, 3, 3], "uv": [0, 32], "inflate": -0.9},
					{"origin": [-1.5, 2.5, 2.2], "size": [3, 3, 2], "uv": [34, 18], "inflate": -0.5}
				]
			},
			{
				"name": "waistLeftPositioningBone",
				"pivot": [2, 5, 0],
				"rotation": [-20, 0, 0]
			},
			{
				"name": "waistRightPositioningBone",
				"pivot": [-2, 5, 0],
				"rotation": [-15, 0, 0]
			}
		]
	}
}