{
  "materials": [
    {
      "item": {
        "tag": "forge:ingots/iron"
      },
      "count": 14
    },
    {
      "item": {
        "tag": "forge:ingots/gold"
      },
      "count": 5
    },
    {
      "item": {
        "tag": "forge:dusts/redstone"
      },
      "count": 8
    },
    {
      "item": {
        "tag": "forge:glass"
      },
      "count": 4
    },
    {
      "item": {
        "tag": "forge:dyes/white"
      },
      "count": 2
    },
    {
      "item": {
        "tag": "forge:dyes/black"
      },
      "count": 2
    },
    {
      "item": {
        "tag": "forge:dyes/blue"
      },
      "count": 1
    }
  ],
  "result": {
    "type": "attachment",
    "id": "converted:exp3_sap"
  }
}