{
  "materials": [
    {
      "item": {
        "tag": "forge:ingots/iron"
      },
      "count": 13
    },
    {
      "item": {
        "tag": "forge:leather"
      },
      "count": 5
    },
    {
      "item": {
        "tag": "forge:dyes/black"
      },
      "count": 1
    },
    {
      "item": {
        "tag": "forge:dyes/blue"
      },
      "count": 1
    } ,
    {
      "item": {
        "tag": "forge:dyes/white"
      },
      "count": 2
    }
  ],
  "result": {
    "type": "attachment",
    "id": "converted:heracqr_claw"
  }
}