{
  "materials": [
    {
      "item": {
        "tag": "forge:ingots/iron"
      },
      "count": 10
    },
    {
      "item": {
        "tag": "forge:gems/amethyst"
      },
      "count": 3
    },
    {
      "item": {
        "tag": "forge:dusts/redstone"
      },
      "count": 8
    },
    {
      "item": {
        "tag": "forge:dyes/black"
      },
      "count": 1
    },
    {
      "item": {
        "tag": "forge:dyes/blue"
      },
      "count": 1
    } ,
    {
      "item": {
        "tag": "forge:dyes/white"
      },
      "count": 2
    }
  ],
  "result": {
    "type": "attachment",
    "id": "converted:hhs2_cr"
  }
}