{
	"format_version": "1.8.0",
	"animations": {
		"static_idle": {
			"loop": true,
			"bones": {
				"defualt_gun": {
					"position": [0, 0, 0]
				},
				"lefthand_pos": {
					"rotation": [24.66569, -4.20854, 71.57947],
					"position": [-7, -13, 18]
				},
				"righthand_pos": {
					"rotation": [37.5, 0, -67.5],
					"position": [5, -14, 5]
				}
			}
		},
		"draw": {
			"animation_length": 1.25,
			"bones": {
				"root": {
					"rotation": {
						"0.0": [-22.5, 0, 0],
						"0.3333": [-17.5, 0, 0],
						"0.5833": [-2.5, 0, 0],
						"0.625": [-2.49848, 0.08722, 1.9981],
						"0.6667": [-2.5, 0, 0],
						"0.875": [0, 0, 0]
					},
					"position": {
						"0.0": [0, -13.01124, 31.4119],
						"0.1667": [0, -6.50438, 15.70405],
						"0.3333": [0, -4.99647, 10.93142],
						"0.5833": [0, -4.52019, -0.05953],
						"0.625": [0, -5.14441, -0.08726],
						"0.6667": [0, -4.52095, -0.05638],
						"0.7917": [0, -1.77262, 0.05995],
						"0.8333": [0, -1.52276, -1.9481],
						"0.9167": [0, 0, 0]
					}
				}
			}
		},
		"put_away": {
			"animation_length": 1.7083,
			"bones": {
				"root": {
					"rotation": {
						"0.0": {
							"post": [0, 0, 0],
							"lerp_mode": "catmullrom"
						},
						"0.1667": {
							"post": [-4.53, -1.25, -1.42],
							"lerp_mode": "catmullrom"
						},
						"0.3333": {
							"post": [-27.15, -7.52, -8.53],
							"lerp_mode": "catmullrom"
						},
						"0.4167": {
							"post": [-40.73045, -11.28181, -12.80042],
							"lerp_mode": "catmullrom"
						},
						"0.5417": {
							"post": [-51.25268, -7.98916, -16.98839],
							"lerp_mode": "catmullrom"
						},
						"0.6667": {
							"post": [-59.1046, 20.10068, 0.608],
							"lerp_mode": "catmullrom"
						},
						"0.75": {
							"post": [-67.12, 33.68, 8.77],
							"lerp_mode": "catmullrom"
						},
						"0.875": {
							"post": [-74.38, 35.33, 10.02],
							"lerp_mode": "catmullrom"
						}
					},
					"position": {
						"0.0": {
							"post": [0, 3, 0],
							"lerp_mode": "catmullrom"
						},
						"0.1667": {
							"post": [-0.38, 3, 0.09],
							"lerp_mode": "catmullrom"
						},
						"0.3333": {
							"post": [-1.325, 3, 0.28],
							"lerp_mode": "catmullrom"
						},
						"0.4167": {
							"post": [-1.95, 3, 1.95],
							"lerp_mode": "catmullrom"
						},
						"0.5417": {
							"post": [-2.2, 3, 4.37],
							"lerp_mode": "catmullrom"
						},
						"0.7083": {
							"post": [-4.7, 3, 7.94],
							"lerp_mode": "catmullrom"
						},
						"0.875": {
							"post": [-7.59, 3, 14.07],
							"lerp_mode": "catmullrom"
						}
					}
				},
				"lefthand_pos": {
					"rotation": {
						"0.0": [24.66569, -4.20854, 71.57947],
						"0.2917": [49.66569, -4.20854, 71.57947]
					},
					"position": {
						"0.0": [-7, -13, 18],
						"0.2917": [-4, -13, 18]
					}
				},
				"righthand_pos": {
					"rotation": {
						"0.0": [37.5, 0, -67.5],
						"0.25": [65, 0, -67.5]
					},
					"position": {
						"0.0": [5, -14, 5],
						"0.25": [2, -14, 7]
					}
				}
			}
		},
		"reload_tactical": {
			"animation_length": 1.7083,
			"bones": {
				"defualt_gun": {
					"rotation": {
						"0.0": [0, 0, 0],
						"0.125": [-5, 0, 0],
						"0.25": [-4.61, 0, 0],
						"1.375": [0, 0, 0]
					},
					"position": {
						"0.0": [0, 0, 0],
						"0.125": [0, 0.1875, 0],
						"0.25": [0, 0.045, 0],
						"1.25": [0, 0.1746, 0.01005],
						"1.2917": [0, 0.0454, -0.00005],
						"1.375": [0, 0, 0]
					}
				},
				"mb": {
					"position": {
						"0.0": [0, 0, 0],
						"0.4167": [0, -1, 0],
						"0.5": [0, -3, 0],
						"0.625": [0, -20, 0],
						"1.0": [0, -20, 0],
						"1.125": [0, -4, 0],
						"1.2083": [0, 0, 0]
					}
				}
			}
		},
		"reload_empty": {
			"animation_length": 3.625,
			"bones": {
				"defualt_gun": {
					"rotation": {
						"2.25": [0, 0, 0],
						"2.375": [-5, 0, 0],
						"2.4167": [0, 0, 0],
						"2.4583": [0, 0, 6.5],
						"2.5": [-4.61, 0, 0],
						"2.9167": [0, 0, 6.5],
						"3.0417": [0, 0, 2.5],
						"3.125": [0, 0, 0],
						"3.625": [0, 0, 0]
					},
					"position": {
						"2.25": [0, 0, 0],
						"2.375": [0, 0.1875, 0],
						"2.5": [0, 0.045, 0],
						"2.5417": [0, 0, 0.0625],
						"2.8333": [0, 0, 0.0625],
						"2.9167": [0, 0, -0.0025],
						"3.5": [0, 0.1746, 0.01005],
						"3.5417": [0, 0.0454, -0.00005],
						"3.625": [0, 0, 0]
					}
				},
				"mb": {
					"position": {
						"0.0": [0, 0, 0],
						"0.4167": [0, -1, 0],
						"0.5": [0, -3, 0],
						"0.625": [0, -20, 0],
						"1.0": [0, -20, 0],
						"1.125": [0, -4, 0],
						"1.2083": [0, 0, 0]
					}
				},
				"m24_bolt": {
					"rotation": {
						"0.0": [0, 0, 0],
						"2.25": [0, 0, 0],
						"2.2917": [0, 0, 0],
						"2.375": [0, 0, 22.5],
						"2.4167": [0, 0, 45],
						"2.8333": [0, 0, 45],
						"2.9167": [0, 0, 45],
						"3.0417": [0, 0, 0]
					},
					"position": {
						"0.0": [0, 0, 0],
						"2.25": [0, 0, 0],
						"2.4583": [0, 0, 0],
						"2.5417": [0, 0, 3],
						"2.6667": [0, 0, 3],
						"2.8333": [0, 0, 0]
					}
				},
				"bone": {
					"rotation": {
						"2.25": [0, 0, 0],
						"2.2917": [-13.33, 0, 0],
						"2.375": [-20, 0, 0],
						"2.9583": [-20, 0, 0],
						"3.0417": [0, 0, 0],
						"3.0833": [0, 0, 0],
						"3.125": [1, 0, 0],
						"3.2083": [0, 0, 0]
					},
					"position": {
						"2.25": [0, 0, 0],
						"2.2917": [0, -1.33, 0],
						"2.375": [0, -2, 0],
						"2.5": [0, -2, 0],
						"2.5417": [0, -2.17101, 0.46985],
						"2.875": [0, -2.17101, 0.46985],
						"2.9583": [0, -2, 0],
						"3.0417": [0, 0, 0],
						"3.0833": [0, 0, 0],
						"3.125": [0, -0.12502, -0.00218],
						"3.25": [0, 0, 0]
					}
				}
			}
		},
		"bolt": {
			"animation_length": 1.1667,
			"bones": {
				"defualt_gun": {
					"rotation": {
						"0.0": [0, 0, 0],
						"0.1667": [0, 0, 0],
						"0.2083": [0, 0, 6.5],
						"0.6667": [0, 0, 6.5],
						"0.7917": [0, 0, 2.5],
						"0.875": [0, 0, 0]
					},
					"position": {
						"0.0": [0, 0, 0],
						"0.2917": [0, 0, 0.0625],
						"0.5833": [0, 0, 0.0625],
						"0.6667": [0, 0, -0.0025]
					}
				},
				"m24_bolt": {
					"rotation": {
						"0.0": [0, 0, 0],
						"0.0417": [0, 0, 0],
						"0.125": [0, 0, 22.5],
						"0.1667": [0, 0, 45],
						"0.6667": [0, 0, 45],
						"0.75": [0, 0, 45],
						"0.875": [0, 0, 0]
					},
					"position": {
						"0.0": [0, 0, 0],
						"0.25": [0, 0, 0],
						"0.2917": [0, 0, 3],
						"0.5417": [0, 0, 3],
						"0.6667": [0, 0, 0]
					}
				},
				"bone": {
					"rotation": {
						"0.0": [0, 0, 0],
						"0.0417": [-13.33, 0, 0],
						"0.125": [-20.15874, -7.04533, 2.57816],
						"0.7083": [-20.15874, -7.04533, 2.57816],
						"0.7917": [0, 0, 0],
						"0.8333": [0, 0, 0],
						"0.875": [1, 0, 0],
						"0.9583": [0, 0, 0]
					},
					"position": {
						"0.0": [0, 0, 0],
						"0.0417": [0, -1.33, 0],
						"0.125": [-0.99144, -1.95536, -0.12265],
						"0.25": [-0.99144, -1.95536, -0.12265],
						"0.2917": [-0.99144, -2.12637, 0.34719],
						"0.625": [-0.99144, -2.12637, 0.34719],
						"0.7083": [-0.99144, -1.95536, -0.12265],
						"0.7917": [0, 0, 0],
						"0.8333": [0, 0, 0],
						"0.875": [0, -0.12502, -0.00218],
						"1.0": [0, 0, 0]
					}
				},
				"lefthand_pos": {
					"rotation": {
						"0.0": [24.66569, -4.20854, 71.57947],
						"0.0417": [34.86018, 1.50307, 63.36539],
						"0.1667": [34.4674, 5.77292, 57.18557],
						"0.2917": [23.92337, 7.82328, 52.59274],
						"0.5417": [23.92, 7.82, 52.59],
						"0.6667": [34.17878, 6.42008, 54.67744],
						"0.75": [34.17878, 6.42008, 54.67744],
						"0.8333": [34.64455, 2.17741, 60.88098],
						"0.875": [34.69875, -0.66818, 64.99304]
					},
					"position": {
						"0.0": [-7, -13, 18],
						"0.0417": [-7, -12, 16],
						"0.1667": [-7, -11, 16],
						"0.25": [-6, -11, 16],
						"0.2917": [-7, -12, 16],
						"0.5417": [-7, -12, 16],
						"0.6667": [-6.43, -11.57, 15],
						"0.75": [-6.835, -11.28, 15.5],
						"0.8333": [-8, -11, 16],
						"0.875": [-9, -11, 16]
					}
				},
				"mb": {
					"rotation": {
						"0.0": [0, 0, 0],
						"0.1667": [0, 0, 0],
						"0.2083": [0, 0, 6.5],
						"0.6667": [0, 0, 6.5],
						"0.7917": [0, 0, 2.5],
						"0.875": [0, 0, 0]
					},
					"position": {
						"0.0": [0, 0, 0],
						"0.1667": [0, 0, 0],
						"0.2083": [-0.5, 0, 0],
						"0.6667": [-0.5, 0, 0],
						"0.875": [0, 0, 0]
					}
				},
				"righthand_pos": {
					"rotation": {
						"0.0": [37.5, 0, -67.5],
						"0.1667": [37.5, 0, -67.5],
						"0.2083": [32.49666, -0.4226, -66.59368],
						"0.6667": [32.49666, -0.4226, -66.59368],
						"0.875": [37.5, 0, -67.5]
					},
					"position": {
						"0.0": [5, -14, 5],
						"0.1667": [5, -14, 5],
						"0.2083": [6, -14.25, 4],
						"0.6667": [6, -14.25, 4],
						"0.875": [5, -14, 5]
					}
				}
			}
		},
		"shoot": {
			"animation_length": 0.2917,
			"bones": {
				"root": {
					"rotation": {
						"0.0": [0, 0, 0],
						"0.0833": [-2.5, 0, 0],
						"0.2917": [0, 0, 0]
					},
					"position": {
						"0.0": [0, 0, 0],
						"0.0417": [0, -0.01745, 1.56235],
						"0.2083": [0, 0, 0.5],
						"0.2917": [0, 0, 0]
					}
				},
				"mb": {
					"rotation": {
						"0.0": [0, 0, 0],
						"0.0833": [0.5, 0, 0],
						"0.2917": [0, 0, 0]
					},
					"position": {
						"0.0": [0, 0, 0],
						"0.0417": [0, -0.07995, -0.18765],
						"0.0833": [0, -0.0725, -0.2],
						"0.2083": [0, -0.0625, 0],
						"0.2917": [0, 0, 0]
					}
				}
			}
		},
		"inspect": {
			"animation_length": 5,
			"bones": {
				"defualt_gun": {
					"rotation": [0, 0, 0],
					"position": [0, 0, -2]
				}
			}
		}
	}
}