{
	"credit": "Made with Blockbench",
	"textures": {
		"0": "block/mogu/crimson_fungus",
		"particle": "block/mogu/crimson_fungus"
	},
	"elements": [
		{
			"from": [8.05, 0, 7.7],
			"to": [9.8, 3.5, 9.45],
			"rotation": {"angle": 0, "axis": "y", "origin": [8.41667, 3.83333, 8.18333]},
			"faces": {
				"north": {"uv": [4, 12, 6, 14.75], "texture": "#0"},
				"east": {"uv": [4, 12, 6, 15], "texture": "#0"},
				"south": {"uv": [4, 12, 6, 15], "texture": "#0"},
				"west": {"uv": [4, 12, 6, 15], "texture": "#0"}
			}
		},
		{
			"from": [6.55, 6.5, 6.15],
			"to": [11.55, 9.5, 11.15],
			"rotation": {"angle": 0, "axis": "y", "origin": [8.41667, 3.83333, 8.18333]},
			"faces": {
				"north": {"uv": [0, 7, 10, 10], "texture": "#0"},
				"east": {"uv": [0, 7, 10, 10], "texture": "#0"},
				"south": {"uv": [2, 7, 8, 10], "texture": "#0"},
				"west": {"uv": [10, 7, 0, 10], "texture": "#0"},
				"up": {"uv": [2, 1, 8, 7], "texture": "#0"}
			}
		},
		{
			"from": [5.5, 3.5, 5],
			"to": [12.5, 6.5, 12],
			"rotation": {"angle": 0, "axis": "y", "origin": [8.41667, 3.83333, 8.18333]},
			"faces": {
				"north": {"uv": [6, 11, 16, 15], "texture": "#0"},
				"east": {"uv": [6, 11, 16, 15], "texture": "#0"},
				"south": {"uv": [6, 11, 16, 15], "texture": "#0"},
				"west": {"uv": [16, 11, 6, 15], "texture": "#0"},
				"up": {"uv": [8, 9, 2, 3], "texture": "#0"},
				"down": {"uv": [4, 13, 6, 15], "texture": "#0"}
			}
		}
	],
	"groups": [
		{
			"name": "group",
			"origin": [0, 0, 0],
			"color": 0,
			"nbt": "{}",
			"children": [0, 1, 2]
		}
	]
}