{
	"credit": "Made with Blockbench",
	"textures": {
		"1": "block/mogu/red_mushroom",
		"particle": "block/mogu/red_mushroom"
	},
	"elements": [
		{
			"from": [9.75, 4, 3.75],
			"to": [15.25, 6, 9.25],
			"rotation": {"angle": 0, "axis": "y", "origin": [8.41667, 3.83333, 8.18333]},
			"faces": {
				"north": {"uv": [5, 0, 15, 4], "texture": "#1"},
				"east": {"uv": [5, 0, 15, 4], "texture": "#1"},
				"south": {"uv": [5, 0, 14, 4], "texture": "#1"},
				"west": {"uv": [15, 0, 8, 4], "texture": "#1"},
				"up": {"uv": [11, 13, 5, 7], "texture": "#1"},
				"down": {"uv": [7, 14, 9, 16], "texture": "#1"}
			}
		},
		{
			"from": [5.3, 0, 11.95],
			"to": [6.55, 2, 13.2],
			"rotation": {"angle": 0, "axis": "y", "origin": [6.4875, 3, 8.45]},
			"faces": {
				"north": {"uv": [7, 14, 9, 15.75], "texture": "#1"},
				"east": {"uv": [7, 14, 9, 16], "texture": "#1"},
				"south": {"uv": [7, 14, 9, 16], "texture": "#1"},
				"west": {"uv": [7, 14, 9, 16], "texture": "#1"}
			}
		},
		{
			"from": [4.3, 4, 10.9],
			"to": [7.8, 6, 14.4],
			"rotation": {"angle": 0, "axis": "y", "origin": [6.4875, 3, 8.45]},
			"faces": {
				"north": {"uv": [5, 10, 11, 13], "texture": "#1"},
				"east": {"uv": [5, 10, 11, 13], "texture": "#1"},
				"south": {"uv": [5, 10, 11, 13], "texture": "#1"},
				"west": {"uv": [5, 10, 11, 13], "texture": "#1"},
				"up": {"uv": [11, 10, 16, 15], "texture": "#1"}
			}
		},
		{
			"from": [3.5, 2, 10],
			"to": [8.5, 4, 15],
			"rotation": {"angle": 0, "axis": "y", "origin": [6.4875, 3, 8.45]},
			"faces": {
				"north": {"uv": [5, 0, 15, 4], "texture": "#1"},
				"east": {"uv": [5, 0, 15, 4], "texture": "#1"},
				"south": {"uv": [5, 0, 14, 4], "texture": "#1"},
				"west": {"uv": [15, 0, 8, 4], "texture": "#1"},
				"up": {"uv": [11, 13, 5, 7], "texture": "#1"},
				"down": {"uv": [7, 14, 9, 16], "texture": "#1"}
			}
		},
		{
			"from": [3.8, 0, 3.95],
			"to": [5.05, 2.75, 5.2],
			"rotation": {"angle": 0, "axis": "y", "origin": [6.4875, 3, 8.45]},
			"faces": {
				"north": {"uv": [7, 14, 9, 15.75], "texture": "#1"},
				"east": {"uv": [7, 14, 9, 16], "texture": "#1"},
				"south": {"uv": [7, 14, 9, 16], "texture": "#1"},
				"west": {"uv": [7, 14, 9, 16], "texture": "#1"}
			}
		},
		{
			"from": [2.55, 4.75, 2.65],
			"to": [6.55, 6.75, 6.65],
			"rotation": {"angle": 0, "axis": "y", "origin": [6.4875, 3, 8.45]},
			"faces": {
				"north": {"uv": [5, 10, 11, 13], "texture": "#1"},
				"east": {"uv": [5, 10, 11, 13], "texture": "#1"},
				"south": {"uv": [5, 10, 11, 13], "texture": "#1"},
				"west": {"uv": [5, 10, 11, 13], "texture": "#1"},
				"up": {"uv": [11, 10, 16, 15], "texture": "#1"}
			}
		},
		{
			"from": [1.75, 2.75, 1.75],
			"to": [7.25, 4.75, 7.25],
			"rotation": {"angle": 0, "axis": "y", "origin": [6.4875, 3, 8.45]},
			"faces": {
				"north": {"uv": [5, 0, 15, 4], "texture": "#1"},
				"east": {"uv": [5, 0, 15, 4], "texture": "#1"},
				"south": {"uv": [5, 0, 14, 4], "texture": "#1"},
				"west": {"uv": [15, 0, 8, 4], "texture": "#1"},
				"up": {"uv": [11, 13, 5, 7], "texture": "#1"},
				"down": {"uv": [7, 14, 9, 16], "texture": "#1"}
			}
		},
		{
			"from": [10.55, 6, 4.65],
			"to": [14.55, 8, 8.65],
			"rotation": {"angle": 0, "axis": "y", "origin": [8.41667, 3.83333, 8.18333]},
			"faces": {
				"north": {"uv": [5, 10, 11, 13], "texture": "#1"},
				"east": {"uv": [5, 10, 11, 13], "texture": "#1"},
				"south": {"uv": [5, 10, 11, 13], "texture": "#1"},
				"west": {"uv": [5, 10, 11, 13], "texture": "#1"},
				"up": {"uv": [11, 10, 16, 15], "texture": "#1"}
			}
		},
		{
			"from": [11.8, 0, 5.95],
			"to": [13.05, 4, 7.2],
			"rotation": {"angle": 0, "axis": "y", "origin": [8.41667, 3.83333, 8.18333]},
			"faces": {
				"north": {"uv": [7, 14, 9, 15.75], "texture": "#1"},
				"east": {"uv": [7, 14, 9, 16], "texture": "#1"},
				"south": {"uv": [7, 14, 9, 16], "texture": "#1"},
				"west": {"uv": [7, 14, 9, 16], "texture": "#1"}
			}
		}
	]
}