{
	"credit": "Made with Blockbench",
	"textures": {
		"0": "block/mogu/red_mushroom",
		"particle": "block/mogu/red_mushroom"
	},
	"elements": [
		{
			"from": [8.05, 0, 7.7],
			"to": [9.8, 3, 9.45],
			"rotation": {"angle": 0, "axis": "y", "origin": [8.41667, 3.83333, 8.18333]},
			"faces": {
				"north": {"uv": [7, 14, 9, 16], "texture": "#0"},
				"east": {"uv": [7, 14, 9, 16], "texture": "#0"},
				"south": {"uv": [7, 14, 9, 16], "texture": "#0"},
				"west": {"uv": [7, 14, 9, 16], "texture": "#0"}
			}
		},
		{
			"from": [6.55, 6, 6.15],
			"to": [11.55, 9, 11.15],
			"rotation": {"angle": 0, "axis": "y", "origin": [8.41667, 3.83333, 8.18333]},
			"faces": {
				"north": {"uv": [5, 10, 11, 14], "texture": "#0"},
				"east": {"uv": [5, 10, 11, 14], "texture": "#0"},
				"south": {"uv": [5, 10, 11, 14], "texture": "#0"},
				"west": {"uv": [11, 10, 5, 14], "texture": "#0"},
				"up": {"uv": [5, 4, 11, 10], "texture": "#0"}
			}
		},
		{
			"from": [5.5, 3, 5],
			"to": [12.5, 6, 12],
			"rotation": {"angle": 0, "axis": "y", "origin": [8.41667, 3.83333, 8.18333]},
			"faces": {
				"north": {"uv": [5, 0, 15, 4], "texture": "#0"},
				"east": {"uv": [5, 0, 15, 4], "texture": "#0"},
				"south": {"uv": [5, 0, 15, 4], "texture": "#0"},
				"west": {"uv": [15, 0, 5, 4], "texture": "#0"},
				"up": {"uv": [11, 10, 5, 4], "texture": "#0"},
				"down": {"uv": [7, 14, 9, 16], "texture": "#0"}
			}
		}
	],
	"groups": [
		{
			"name": "group",
			"origin": [0, 0, 0],
			"color": 0,
			"children": [0, 1, 2]
		}
	]
}