{
	"credit": "Made by YSBB with Blockbench",
	"parent": "minecraft:block/cross",
	"texture_size": [16, 32],
	"textures": {
		"particle": "block/flower/allium1",
		"cross": "block/flower/allium1"
	},
	"elements": [
		{
			"from": [8, 0, 0.8],
			"to": [8, 17, 15.2],
			"shade": false,
			"rotation": {"angle": 45, "axis": "y", "origin": [8, 8, 8], "rescale": true},
			"faces": {
				"east": {"uv": [0, 7.5, 16, 16], "texture": "#cross"},
				"west": {"uv": [0, 7.5, 16, 16], "texture": "#cross"}
			}
		},
		{
			"from": [0.8, 0, 8],
			"to": [15.2, 17, 8],
			"shade": false,
			"rotation": {"angle": 45, "axis": "y", "origin": [8, 8, 8], "rescale": true},
			"faces": {
				"north": {"uv": [0, 7.5, 16, 16], "texture": "#cross"},
				"south": {"uv": [0, 7.5, 16, 16], "texture": "#cross"}
			}
		}
	]
}