{
	"credit": "Made by YSBB with Blockbench",
	"parent": "minecraft:block/cross",
	"textures": {
		"1": "block/flower/dandelion2",
		"particle": "block/flower/dandelion1",
		"cross": "block/flower/dandelion1"
	},
	"elements": [
		{
			"from": [0, 0, 7.5],
			"to": [18, 18, 7.5],
			"shade": false,
			"rotation": {"angle": 45, "axis": "y", "origin": [9, 9, 9]},
			"faces": {
				"north": {"uv": [0, 0, 16, 16], "texture": "#cross"},
				"south": {"uv": [0, 0, 16, 16], "texture": "#cross"}
			}
		},
		{
			"from": [-1.06066, 0, 7.93934],
			"to": [16.93934, 18, 7.93934],
			"shade": false,
			"rotation": {"angle": -45, "axis": "y", "origin": [7.93934, 9, 7.93934]},
			"faces": {
				"north": {"uv": [0, 0, 16, 16], "texture": "#cross"},
				"south": {"uv": [0, 0, 16, 16], "texture": "#cross"}
			}
		},
		{
			"from": [2, 4, 6],
			"to": [2, 8, 10],
			"shade": false,
			"rotation": {"angle": -22.5, "axis": "z", "origin": [2, 6, 8]},
			"faces": {
				"east": {"uv": [0, 12, 4, 16], "texture": "#1"},
				"west": {"uv": [0, 12, 4, 16], "texture": "#1"}
			}
		},
		{
			"from": [14, 4, 6],
			"to": [14, 8, 10],
			"shade": false,
			"rotation": {"angle": 22.5, "axis": "z", "origin": [14, 6, 8]},
			"faces": {
				"east": {"uv": [0, 12, 4, 16], "texture": "#1"},
				"west": {"uv": [0, 12, 4, 16], "texture": "#1"}
			}
		},
		{
			"from": [6, 4, 2],
			"to": [10, 8, 2],
			"shade": false,
			"rotation": {"angle": 22.5, "axis": "x", "origin": [8, 6, 2]},
			"faces": {
				"north": {"uv": [0, 12, 4, 16], "texture": "#1"},
				"south": {"uv": [0, 12, 4, 16], "texture": "#1"}
			}
		},
		{
			"from": [6, 4, 14],
			"to": [10, 8, 14],
			"shade": false,
			"rotation": {"angle": -22.5, "axis": "x", "origin": [8, 6, 14]},
			"faces": {
				"north": {"uv": [0, 12, 4, 16], "texture": "#1"},
				"south": {"uv": [0, 12, 4, 16], "texture": "#1"}
			}
		}
	]
}