{
	"credit": "Made by YSBB with Blockbench",
	"parent": "minecraft:block/cross",
	"textures": {
		"particle": "block/flower/lily_of_the_valley2",
		"cross": "block/flower/lily_of_the_valley2"
	},
	"elements": [
		{
			"from": [5, 0, 6.25],
			"to": [23, 18, 6.25],
			"shade": false,
			"rotation": {"angle": -45, "axis": "y", "origin": [9, 9, 0]},
			"faces": {
				"north": {"uv": [0, 0, 16, 16], "texture": "#cross"},
				"south": {"uv": [0, 0, 16, 16], "texture": "#cross"}
			}
		},
		{
			"from": [-0.88388, 0, 7.95495],
			"to": [17.11612, 18, 7.95495],
			"shade": false,
			"rotation": {"angle": 45, "axis": "y", "origin": [8.11612, 9, 7.95495]},
			"faces": {
				"north": {"uv": [0, 0, 16, 16], "texture": "#cross"},
				"south": {"uv": [0, 0, 16, 16], "texture": "#cross"}
			}
		}
	]
}