{
	"credit": "Made by YSBB with Blockbench",
	"parent": "minecraft:block/cross",
	"textures": {
		"1": "block/flower/orange_tulip1",
		"particle": "block/flower/orange_tulip2",
		"cross": "block/flower/orange_tulip2"
	},
	"elements": [
		{
			"from": [4, 0, 3],
			"to": [12, 11, 3],
			"shade": false,
			"faces": {
				"north": {"uv": [4, 3, 11, 14], "texture": "#1"}
			}
		},
		{
			"from": [2, 0, 4],
			"to": [2, 11, 12],
			"shade": false,
			"rotation": {"angle": 0, "axis": "y", "origin": [2, 5.5, 2]},
			"faces": {
				"west": {"uv": [4, 3, 11, 14], "texture": "#1"}
			}
		},
		{
			"from": [4, 0, 14],
			"to": [12, 11, 14],
			"shade": false,
			"rotation": {"angle": 0, "axis": "y", "origin": [2, 5.5, 14]},
			"faces": {
				"south": {"uv": [4, 3, 11, 14], "texture": "#1"}
			}
		},
		{
			"from": [14, 0, 4],
			"to": [14, 11, 12],
			"shade": false,
			"rotation": {"angle": 0, "axis": "y", "origin": [14, 5.5, 14]},
			"faces": {
				"east": {"uv": [4, 3, 11, 14], "texture": "#1"}
			}
		},
		{
			"from": [-1, 0, 7.75],
			"to": [19, 18, 7.75],
			"shade": false,
			"rotation": {"angle": 45, "axis": "y", "origin": [9, 9, 9]},
			"faces": {
				"north": {"uv": [0, 0, 16, 16], "texture": "#cross"},
				"south": {"uv": [0, 0, 16, 16], "texture": "#cross"}
			}
		},
		{
			"from": [-1.88388, 0, 8.11612],
			"to": [18.11612, 18, 8.11612],
			"shade": false,
			"rotation": {"angle": -45, "axis": "y", "origin": [8.11612, 9, 8.11612]},
			"faces": {
				"north": {"uv": [0, 0, 16, 16], "texture": "#cross"},
				"south": {"uv": [0, 0, 16, 16], "texture": "#cross"}
			}
		}
	]
}