{
	"credit": "Made with Blockbench",
	"parent": "minecraft:block/pointed_dripstone",
	"textures": {
		"1": "block/drip/shizhui4",
		"particle": "block/drip/shizhui4"
	},
	"elements": [
		{
			"from": [3.75, 0, 3.75],
			"to": [12.25, 5, 12.25],
			"rotation": {"angle": 0, "axis": "z", "origin": [8.25, 7.25, 7.975]},
			"faces": {
				"north": {"uv": [10.5, 0, 2, 5], "rotation": 180, "texture": "#1"},
				"east": {"uv": [4, 0, 12.5, 5], "rotation": 180, "texture": "#1"},
				"south": {"uv": [12.5, 0, 4, 5], "rotation": 180, "texture": "#1"},
				"west": {"uv": [4, 0, 12.5, 5], "rotation": 180, "texture": "#1"},
				"up": {"uv": [11.5, 0, 3, 8.5], "rotation": 180, "texture": "#1"},
				"down": {"uv": [12.5, 0, 4, 8.5], "rotation": 180, "texture": "#1"}
			}
		},
		{
			"from": [4.05, 5, 4],
			"to": [11.75, 8, 11.7],
			"rotation": {"angle": 0, "axis": "z", "origin": [8.25, 7.25, 7.975]},
			"faces": {
				"north": {"uv": [10.7, 5, 3, 8], "rotation": 180, "texture": "#1"},
				"east": {"uv": [4, 5, 11.7, 8], "rotation": 180, "texture": "#1"},
				"south": {"uv": [11.7, 5, 4, 8], "rotation": 180, "texture": "#1"},
				"west": {"uv": [3, 5, 10.7, 8], "rotation": 180, "texture": "#1"},
				"up": {"uv": [11.7, 1, 4, 8.7], "rotation": 180, "texture": "#1"},
				"down": {"uv": [11.7, 1, 4, 8.7], "rotation": 180, "texture": "#1", "cullface": "up"}
			}
		},
		{
			"from": [4, 8, 4.5],
			"to": [11, 11, 11.5],
			"rotation": {"angle": 0, "axis": "z", "origin": [8.25, 7.25, 7.975]},
			"faces": {
				"north": {"uv": [11, 8, 4, 11], "rotation": 180, "texture": "#1"},
				"east": {"uv": [4, 8, 11, 11], "rotation": 180, "texture": "#1"},
				"south": {"uv": [12, 8, 5, 11], "rotation": 180, "texture": "#1"},
				"west": {"uv": [6, 8, 13, 11], "rotation": 180, "texture": "#1"},
				"up": {"uv": [11, 4, 4, 11], "rotation": 180, "texture": "#1"},
				"down": {"uv": [12, 2, 5, 9], "rotation": 270, "texture": "#1", "cullface": "up"}
			}
		},
		{
			"from": [4.7, 11, 5],
			"to": [11, 14, 11.3],
			"rotation": {"angle": 0, "axis": "z", "origin": [8.25, 7.25, 7.975]},
			"faces": {
				"north": {"uv": [11.3, 11, 5, 14], "rotation": 180, "texture": "#1"},
				"east": {"uv": [6, 14, 12.3, 11], "rotation": 180, "texture": "#1"},
				"south": {"uv": [11.3, 11, 5, 14], "rotation": 180, "texture": "#1"},
				"west": {"uv": [6, 11, 12.3, 14], "rotation": 180, "texture": "#1"},
				"up": {"uv": [12.3, 5, 6, 11.3], "rotation": 180, "texture": "#1"},
				"down": {"uv": [10.3, 4, 4, 10.3], "rotation": 180, "texture": "#1", "cullface": "up"}
			}
		},
		{
			"from": [5.15, 14, 5],
			"to": [10.75, 16, 10.6],
			"rotation": {"angle": 0, "axis": "z", "origin": [8.25, 7.25, 7.975]},
			"faces": {
				"north": {"uv": [9.6, 14, 4, 16], "rotation": 180, "texture": "#1"},
				"east": {"uv": [7, 4, 12.6, 6], "rotation": 180, "texture": "#1"},
				"south": {"uv": [10.6, 14, 5, 16], "rotation": 180, "texture": "#1"},
				"west": {"uv": [6, 14, 11.6, 16], "rotation": 180, "texture": "#1"},
				"up": {"uv": [10.6, 10.4, 5, 16], "rotation": 180, "texture": "#1"},
				"down": {"uv": [10.6, 10, 5, 15.6], "rotation": 180, "texture": "#1", "cullface": "up"}
			}
		}
	]
}