{
	"credit": "Made with Blockbench",
	"parent": "minecraft:block/pointed_dripstone",
	"textures": {
		"1": "block/drip/shizhui1",
		"particle": "block/drip/shizhui1"
	},
	"elements": [
		{
			"from": [3.75, 0, 3.75],
			"to": [12.25, 2, 12.25],
			"faces": {
				"north": {"uv": [2, 14, 10.5, 16], "texture": "#1"},
				"east": {"uv": [12.5, 14, 4, 16], "texture": "#1"},
				"south": {"uv": [5, 14, 13.5, 16], "texture": "#1"},
				"west": {"uv": [10.5, 14, 2, 16], "texture": "#1"},
				"up": {"uv": [5, 7.5, 13.5, 16], "texture": "#1", "cullface": "up"},
				"down": {"uv": [4, 7.5, 12.5, 16], "texture": "#1"}
			}
		},
		{
			"from": [3.5, 2, 3.5],
			"to": [12.7, 4, 12.7],
			"faces": {
				"north": {"uv": [3, 11, 12.2, 13], "texture": "#1"},
				"east": {"uv": [11.2, 13, 2, 15], "texture": "#1"},
				"south": {"uv": [3, 13, 12.2, 15], "texture": "#1"},
				"west": {"uv": [13.2, 13, 4, 15], "texture": "#1"},
				"up": {"uv": [3, 6.8, 12.2, 16], "texture": "#1", "cullface": "up"},
				"down": {"uv": [4, 6.8, 13.2, 16], "texture": "#1"}
			}
		},
		{
			"from": [3, 4, 3],
			"to": [13, 12, 13],
			"faces": {
				"north": {"uv": [2, 6, 12, 14], "texture": "#1"},
				"east": {"uv": [12, 6, 2, 14], "texture": "#1"},
				"south": {"uv": [3, 5, 13, 13], "texture": "#1"},
				"west": {"uv": [12, 6, 2, 14], "texture": "#1"},
				"up": {"uv": [5, 4, 15, 14], "texture": "#1", "cullface": "up"},
				"down": {"uv": [1, 4, 11, 14], "texture": "#1"}
			}
		},
		{
			"from": [2.75, 12, 2.75],
			"to": [13.25, 14, 13.25],
			"faces": {
				"north": {"uv": [2, 2, 12.5, 0], "texture": "#1"},
				"east": {"uv": [13.5, 5, 3, 3], "texture": "#1"},
				"south": {"uv": [2, 4, 12.5, 6], "texture": "#1"},
				"west": {"uv": [13.5, 5, 3, 7], "texture": "#1"},
				"up": {"uv": [3, 5.5, 13.5, 16], "texture": "#1", "cullface": "up"},
				"down": {"uv": [3, 5.5, 13.5, 16], "texture": "#1"}
			}
		},
		{
			"from": [2.5, 14, 2.5],
			"to": [13.8, 16, 13.8],
			"faces": {
				"north": {"uv": [1, 7, 12.3, 9], "texture": "#1"},
				"east": {"uv": [13.3, 9, 2, 11], "texture": "#1"},
				"south": {"uv": [3, 5, 14.3, 7], "texture": "#1"},
				"west": {"uv": [13.3, 6, 2, 8], "texture": "#1"},
				"up": {"uv": [3.5, 0, 14.8, 11.3], "texture": "#1"},
				"down": {"uv": [2, 2, 13.3, 13.3], "texture": "#1"}
			}
		}
	]
}