{
	"credit": "Made by YSBB with Blockbench",
	"parent": "minecraft:block/cube_all",
	"texture_size": [32, 32],
	"textures": {
		"2": "block/leaves/azalea3",
		"all": "block/leaves/azalea2"
	},
	"elements": [
		{
			"from": [0, 0, 0],
			"to": [16, 16, 16],
			"faces": {
				"north": {"uv": [0, 0, 16, 16], "texture": "#all", "cullface": "north"},
				"east": {"uv": [0, 0, 16, 16], "texture": "#all", "cullface": "east"},
				"south": {"uv": [0, 0, 16, 16], "texture": "#all", "cullface": "south"},
				"west": {"uv": [0, 0, 16, 16], "texture": "#all", "cullface": "west"},
				"up": {"uv": [0, 0, 16, 16], "texture": "#all", "cullface": "up"},
				"down": {"uv": [0, 0, 16, 16], "texture": "#all", "cullface": "down"}
			}
		},
		{
			"from": [8.5, -5, -4.75],
			"to": [8.5, 20, 20.25],
			"shade": false,
			"rotation": {"angle": -22.5, "axis": "y", "origin": [8.46194, 8, 7.80866], "rescale": true},
			"faces": {
				"east": {"uv": [0.5, 2, 14.5, 14], "texture": "#2"},
				"west": {"uv": [0.5, 2, 14.5, 14], "texture": "#2"}
			}
		},
		{
			"from": [-3.75, -4, 8],
			"to": [21.25, 20, 8],
			"shade": false,
			"rotation": {"angle": -22.5, "axis": "y", "origin": [8.46194, 8, 7.80866], "rescale": true},
			"faces": {
				"north": {"uv": [0, 14.5, 14, 2], "texture": "#2"},
				"south": {"uv": [0.75, 14.5, 14.75, 2], "texture": "#2"}
			}
		}
	],
	"display": {
		"ground": {
			"translation": [0, 10.5, 0]
		}
	}
}