{
	"credit": "Made by YSBB with Blockbench",
	"parent": "minecraft:block/leaves",
	"textures": {
		"2": "block/leaves/mangrove2",
		"particle": "block/leaves/mangrove1",
		"all": "block/leaves/mangrove1"
	},
	"elements": [
		{
			"from": [0, 0, 0],
			"to": [16, 16, 16],
			"faces": {
				"north": {"uv": [0, 0, 16, 16], "texture": "#all", "cullface": "north", "tintindex": 0},
				"east": {"uv": [0, 0, 16, 16], "texture": "#all", "cullface": "east", "tintindex": 0},
				"south": {"uv": [0, 0, 16, 16], "texture": "#all", "cullface": "south", "tintindex": 0},
				"west": {"uv": [0, 0, 16, 16], "texture": "#all", "cullface": "west", "tintindex": 0},
				"up": {"uv": [0, 0, 16, 16], "texture": "#all", "cullface": "up", "tintindex": 0},
				"down": {"uv": [0, 0, 16, 16], "texture": "#all", "cullface": "down", "tintindex": 0}
			}
		},
		{
			"from": [-5.75, -13, 7.5],
			"to": [21.25, 19, 7.5],
			"shade": false,
			"rotation": {"angle": -22.5, "axis": "y", "origin": [8.30709, 0, 8.28701]},
			"faces": {
				"north": {"uv": [0.425, 0.125, 14.925, 15.125], "texture": "#2", "tintindex": 0},
				"south": {"uv": [0.45, 0, 14.95, 15], "texture": "#2", "tintindex": 0}
			}
		},
		{
			"from": [7.25, -13, -7],
			"to": [7.25, 18, 21],
			"shade": false,
			"rotation": {"angle": -22.5, "axis": "y", "origin": [8.13897, 0, 8.23097]},
			"faces": {
				"east": {"uv": [0.575, 0.5, 15.575, 15.5], "texture": "#2", "tintindex": 0},
				"west": {"uv": [0, 0.5, 14.5, 15.5], "texture": "#2", "tintindex": 0}
			}
		}
	]
}