{
	"credit": "Made with Blockbench",
	"parent": "block/block",
	"texture_size": [64, 64],
	"textures": {
		"0": "block/leaves/oak1",
		"1": "block/leaves/oak2",
		"2": "block/leaves/oak3",
		"particle": "block/leaves/oak1"
	},
	"elements": [
		{
			"name": "APPLEC",
			"from": [-1.25, 10.5, 4.5],
			"to": [1.25, 13, 7],
			"rotation": {"angle": 0, "axis": "y", "origin": [-0.46717, 13, 9.19238]},
			"faces": {
				"north": {"uv": [5, 5, 10, 10], "texture": "#2"},
				"east": {"uv": [5, 5, 10, 10], "texture": "#2"},
				"south": {"uv": [5, 5, 10, 10], "texture": "#2"},
				"west": {"uv": [5, 5, 10, 10], "texture": "#2"},
				"up": {"uv": [10, 10, 5, 5], "rotation": 270, "texture": "#2"},
				"down": {"uv": [10, 5, 5, 10], "rotation": 270, "texture": "#2"}
			}
		},
		{
			"name": "APPLEC",
			"from": [14.75, 10.5, 5.5],
			"to": [17.25, 13, 8],
			"rotation": {"angle": 0, "axis": "y", "origin": [-0.46717, 13, 9.19238]},
			"faces": {
				"north": {"uv": [5, 5, 10, 10], "texture": "#2"},
				"east": {"uv": [5, 5, 10, 10], "texture": "#2"},
				"south": {"uv": [5, 5, 10, 10], "texture": "#2"},
				"west": {"uv": [5, 5, 10, 10], "texture": "#2"},
				"up": {"uv": [10, 10, 5, 5], "rotation": 270, "texture": "#2"},
				"down": {"uv": [10, 5, 5, 10], "rotation": 270, "texture": "#2"}
			}
		},
		{
			"name": "APPLEC",
			"from": [4, 3, 14.5],
			"to": [6.5, 5.5, 17],
			"rotation": {"angle": 0, "axis": "y", "origin": [-0.46717, 13, 9.19238]},
			"faces": {
				"north": {"uv": [5, 5, 10, 10], "texture": "#2"},
				"east": {"uv": [5, 5, 10, 10], "texture": "#2"},
				"south": {"uv": [5, 5, 10, 10], "texture": "#2"},
				"west": {"uv": [5, 5, 10, 10], "texture": "#2"},
				"up": {"uv": [10, 10, 5, 5], "rotation": 270, "texture": "#2"},
				"down": {"uv": [10, 5, 5, 10], "rotation": 270, "texture": "#2"}
			}
		},
		{
			"name": "APPLEC",
			"from": [9.5, 3, -0.5],
			"to": [12, 5.5, 2],
			"rotation": {"angle": 0, "axis": "y", "origin": [-0.46717, 13, 9.19238]},
			"faces": {
				"north": {"uv": [5, 5, 10, 10], "texture": "#2"},
				"east": {"uv": [5, 5, 10, 10], "texture": "#2"},
				"south": {"uv": [5, 5, 10, 10], "texture": "#2"},
				"west": {"uv": [5, 5, 10, 10], "texture": "#2"},
				"up": {"uv": [10, 10, 5, 5], "rotation": 270, "texture": "#2"},
				"down": {"uv": [10, 5, 5, 10], "rotation": 270, "texture": "#2"}
			}
		},
		{
			"from": [0, 0, 0],
			"to": [16, 16, 16],
			"faces": {
				"north": {"uv": [0, 0, 16, 16], "texture": "#0", "cullface": "north", "tintindex": 0},
				"east": {"uv": [0, 0, 16, 16], "texture": "#0", "cullface": "east", "tintindex": 0},
				"south": {"uv": [0, 0, 16, 16], "texture": "#0", "cullface": "south", "tintindex": 0},
				"west": {"uv": [0, 0, 16, 16], "texture": "#0", "cullface": "west", "tintindex": 0},
				"up": {"uv": [0, 0, 16, 16], "texture": "#0", "cullface": "up", "tintindex": 0},
				"down": {"uv": [0, 0, 16, 16], "texture": "#0", "cullface": "down", "tintindex": 0}
			}
		},
		{
			"from": [8, -4, -5.4],
			"to": [8, 20, 20.6],
			"shade": false,
			"rotation": {"angle": 22.5, "axis": "y", "origin": [8.25, 8.5, 6.9]},
			"faces": {
				"east": {"uv": [4.125, 5.25, 10.625, 11.25], "texture": "#1", "tintindex": 0},
				"west": {"uv": [4.125, 5.25, 10.625, 11.25], "texture": "#1", "tintindex": 0}
			}
		},
		{
			"from": [-8, -4, 9.5],
			"to": [18, 20, 9.5],
			"shade": false,
			"rotation": {"angle": 22.5, "axis": "y", "origin": [0, 0, 0]},
			"faces": {
				"north": {"uv": [4.125, 5.25, 10.625, 11.25], "texture": "#1", "tintindex": 0},
				"south": {"uv": [4.375, 5.25, 10.875, 11.25], "texture": "#1", "tintindex": 0}
			}
		}
	],
	"groups": [
		{
			"name": "group",
			"origin": [8, 8, 8],
			"color": 0,
			"children": [0, 1, 2, 3]
		},
		4,
		5,
		6
	]
}