{
	"credit": "Made by YSBB with Blockbench",
	"ambientocclusion": false,
	"textures": {
		"2": "block/pot/red_tulip",
		"3": "block/pot/chain",
		"particle": "block/pot/flower_pot1",
		"flowerpot": "block/pot/flower_pot1"
	},
	"elements": [
		{
			"name": "ysbb",
			"from": [8, 4, 2.1],
			"to": [8, 18, 13.9],
			"shade": false,
			"rotation": {"angle": 45, "axis": "y", "origin": [8, 8, 8], "rescale": true},
			"faces": {
				"east": {"uv": [0, 0, 16, 16], "texture": "#2"},
				"west": {"uv": [0, 0, 16, 16], "texture": "#2"}
			}
		},
		{
			"name": "ysbb",
			"from": [2.35, 4, 8],
			"to": [14.15, 18, 8],
			"shade": false,
			"rotation": {"angle": 45, "axis": "y", "origin": [8, 8, 8], "rescale": true},
			"faces": {
				"north": {"uv": [0, 0, 16, 16], "texture": "#2"},
				"south": {"uv": [0, 0, 16, 16], "texture": "#2"}
			}
		},
		{
			"name": "D",
			"from": [7.5, 17, 7.45],
			"to": [8.5, 18, 8.55],
			"rotation": {"angle": 45, "axis": "y", "origin": [8, 17, 8]},
			"faces": {
				"north": {"uv": [3, 0, 4, 1], "texture": "#3", "cullface": "down"},
				"east": {"uv": [3, 0, 4, 1], "texture": "#3", "cullface": "down"},
				"south": {"uv": [3, 0, 4, 1], "texture": "#3", "cullface": "down"},
				"west": {"uv": [3, 0, 4, 1], "texture": "#3", "cullface": "down"},
				"up": {"uv": [3, 0, 4, 1], "texture": "#3", "cullface": "down"}
			}
		},
		{
			"from": [7.5, 15, 6.45],
			"to": [8.5, 18, 7.45],
			"rotation": {"angle": 45, "axis": "y", "origin": [8, 24, 8]},
			"faces": {
				"north": {"uv": [12, 13, 13, 16], "texture": "#3", "cullface": "down"},
				"east": {"uv": [12, 13, 13, 16], "texture": "#3", "cullface": "down"},
				"south": {"uv": [12, 13, 13, 16], "texture": "#3", "cullface": "down"},
				"west": {"uv": [12, 13, 13, 16], "texture": "#3", "cullface": "down"},
				"up": {"uv": [12, 14, 13, 15], "texture": "#3", "cullface": "down"},
				"down": {"uv": [12, 14, 13, 15], "texture": "#3", "cullface": "down"}
			}
		},
		{
			"from": [7.5, 15, 8.55],
			"to": [8.5, 18, 9.55],
			"rotation": {"angle": 45, "axis": "y", "origin": [8, 24, 8]},
			"faces": {
				"north": {"uv": [14, 13, 15, 16], "texture": "#3", "cullface": "down"},
				"east": {"uv": [14, 13, 15, 16], "texture": "#3", "cullface": "down"},
				"south": {"uv": [14, 13, 15, 16], "texture": "#3", "cullface": "down"},
				"west": {"uv": [14, 13, 15, 16], "texture": "#3", "cullface": "down"},
				"up": {"uv": [14, 14, 15, 15], "texture": "#3", "cullface": "down"},
				"down": {"uv": [14, 14, 15, 15], "texture": "#3", "cullface": "down"}
			}
		},
		{
			"from": [7.25, 13.5, 7.25],
			"to": [8.75, 15.75, 8.75],
			"faces": {
				"north": {"uv": [10, 6, 11, 8.5], "texture": "#3", "cullface": "down"},
				"east": {"uv": [10, 6, 11, 8.5], "texture": "#3", "cullface": "down"},
				"south": {"uv": [10, 6, 11, 8.5], "texture": "#3", "cullface": "down"},
				"west": {"uv": [10, 6, 11, 8.5], "texture": "#3", "cullface": "down"},
				"up": {"uv": [10, 6, 11, 7], "texture": "#3", "cullface": "down"},
				"down": {"uv": [10, 6, 11, 7], "texture": "#3", "cullface": "down"}
			}
		},
		{
			"from": [7.5, 5.65, 9.7],
			"to": [8.5, 15.4, 10.7],
			"rotation": {"angle": -22.5, "axis": "x", "origin": [8, 9.125, 10.6]},
			"faces": {
				"north": {"uv": [10, 1, 11, 10.75], "texture": "#3", "cullface": "down"},
				"east": {"uv": [10, 1, 11, 10.75], "texture": "#3", "cullface": "down"},
				"south": {"uv": [10, 1, 11, 10.75], "texture": "#3", "cullface": "down"},
				"west": {"uv": [10, 1, 11, 10.75], "texture": "#3", "cullface": "down"}
			}
		},
		{
			"from": [7.5, 5.39036, 5.84469],
			"to": [8.5, 15.14036, 6.84469],
			"rotation": {"angle": 22.5, "axis": "x", "origin": [8, 10.26536, 6.34469]},
			"faces": {
				"north": {"uv": [10, 1, 11, 10.75], "texture": "#3", "cullface": "down"},
				"east": {"uv": [10, 1, 11, 10.75], "texture": "#3", "cullface": "down"},
				"south": {"uv": [10, 1, 11, 10.75], "texture": "#3", "cullface": "down"},
				"west": {"uv": [10, 1, 11, 10.75], "texture": "#3", "cullface": "down"}
			}
		},
		{
			"from": [4.1, 3.75, 4],
			"to": [12, 6, 12],
			"faces": {
				"north": {"uv": [4, 10, 12, 11.95], "texture": "#flowerpot"},
				"east": {"uv": [4, 10, 12, 11.95], "texture": "#flowerpot"},
				"south": {"uv": [4, 10, 12, 11.95], "texture": "#flowerpot"},
				"west": {"uv": [4, 10, 12, 12], "texture": "#flowerpot"},
				"up": {"uv": [4, 4, 11.9, 12], "texture": "#flowerpot"},
				"down": {"uv": [4, 4, 11.9, 12], "texture": "#flowerpot"}
			}
		},
		{
			"from": [6.1, 6, 6],
			"to": [10.11, 4, 10],
			"faces": {
				"north": {"uv": [3, 12, 7, 14], "texture": "#flowerpot"},
				"east": {"uv": [3, 12, 7, 14], "texture": "#flowerpot"},
				"south": {"uv": [3, 12, 7, 14], "texture": "#flowerpot"},
				"west": {"uv": [3, 12, 7, 14], "texture": "#flowerpot"},
				"up": {"uv": [0, 0, 4, 4], "texture": "#flowerpot"},
				"down": {"uv": [0, 0, 4, 4], "texture": "#flowerpot"}
			}
		},
		{
			"from": [5, 0, 5],
			"to": [11, 4, 11],
			"faces": {
				"north": {"uv": [5, 12, 11, 16], "texture": "#flowerpot"},
				"east": {"uv": [5, 12, 11, 16], "texture": "#flowerpot"},
				"south": {"uv": [5, 12, 11, 16], "texture": "#flowerpot"},
				"west": {"uv": [5, 12, 11, 16], "texture": "#flowerpot"},
				"up": {"uv": [5, 5, 11, 11], "texture": "#flowerpot"},
				"down": {"uv": [5, 10, 11, 16], "texture": "#flowerpot"}
			}
		}
	],
	"groups": [
		{
			"name": "group",
			"origin": [8, 8, 8],
			"color": 0,
			"nbt": "{}",
			"children": [
				0,
				1,
				{
					"name": "group",
					"origin": [8, 8, 8],
					"color": 0,
					"nbt": "{}",
					"children": [
						{
							"name": "group",
							"origin": [8, 10.26536, 6.34469],
							"color": 0,
							"nbt": "{}",
							"children": [2, 3, 4, 5, 6, 7]
						},
						{
							"name": "group",
							"origin": [0, 0, 0],
							"color": 0,
							"nbt": "{}",
							"children": [8, 9, 10]
						}
					]
				}
			]
		}
	]
}