{
	"credit": "Made by YSBB with Blockbench",
	"parent": "minecraft:block/orientable",
	"textures": {
		"2": "block/redstoneblock/furnace_side4",
		"3": "block/redstoneblock/furnace_side5",
		"4": "block/redstoneblock/furnace_side6",
		"5": "block/redstoneblock/furnace_top4",
		"6": "block/redstoneblock/furnace_top5",
		"particle": "block/redstoneblock/dispenser_front",
		"front": "block/redstoneblock/dispenser_front"
	},
	"elements": [
		{
			"from": [0, 0, 0],
			"to": [16, 16, 16],
			"faces": {
				"north": {"uv": [0, 0, 16, 16], "texture": "#front", "cullface": "north"},
				"east": {"uv": [0, 0, 16, 16], "texture": "#2", "cullface": "east"},
				"south": {"uv": [0, 0, 16, 16], "texture": "#4", "cullface": "south"},
				"west": {"uv": [0, 0, 16, 16], "texture": "#3", "cullface": "west"},
				"up": {"uv": [0, 0, 16, 16], "texture": "#5", "cullface": "up"},
				"down": {"uv": [0, 0, 16, 16], "texture": "#6", "cullface": "down"}
			}
		}
	]
}