{
	"credit": "Made by YSBB with Blockbench",
	"textures": {
		"4": "block/redstoneblock/piston_side",
		"side2": "block/redstoneblock/piston_side2",
		"particle": "block/redstoneblock/piston_top_sticky",
		"platform": "block/redstoneblock/piston_top_sticky"
	},
	"elements": [
		{
			"name": "Element",
			"from": [0, 0, 0],
			"to": [16, 16, 4],
			"faces": {
				"north": {"uv": [0, 0, 16, 16], "texture": "#platform", "cullface": "north"},
				"east": {"uv": [0, 0, 16, 4], "rotation": 90, "texture": "#side2", "cullface": "east"},
				"south": {"uv": [0, 0, 16, 16], "texture": "#platform"},
				"west": {"uv": [0, 0, 16, 4], "rotation": 270, "texture": "#side2", "cullface": "west"},
				"up": {"uv": [0, 0, 16, 4], "texture": "#side2", "cullface": "up"},
				"down": {"uv": [0, 0, 16, 4], "rotation": 180, "texture": "#side2", "cullface": "down"}
			}
		},
		{
			"name": "Element",
			"from": [6, 6, 4],
			"to": [10, 10, 16],
			"faces": {
				"east": {"uv": [4, 0, 16, 4], "texture": "#4"},
				"west": {"uv": [16, 4, 4, 0], "texture": "#4"},
				"up": {"uv": [4, 0, 16, 4], "rotation": 270, "texture": "#4"},
				"down": {"uv": [4, 0, 16, 4], "rotation": 90, "texture": "#4"}
			}
		}
	]
}