{
	"credit": "Made by YSBB with Blockbench",
	"ambientocclusion": false,
	"textures": {
		"3": "block/redstoneblock/repeater1",
		"4": "block/smooth_stone",
		"particle": "block/redstoneblock/repeater1",
		"unlit": "block/redstone_torch_off"
	},
	"elements": [
		{
			"from": [0, 0, 0],
			"to": [16, 2, 16],
			"faces": {
				"north": {"uv": [0, 14, 16, 16], "texture": "#4", "cullface": "north"},
				"east": {"uv": [0, 14, 16, 16], "texture": "#4", "cullface": "east"},
				"south": {"uv": [0, 14, 16, 16], "texture": "#4", "cullface": "south"},
				"west": {"uv": [0, 14, 16, 16], "texture": "#4", "cullface": "west"},
				"up": {"uv": [0, 0, 16, 16], "texture": "#3"},
				"down": {"uv": [0, 0, 16, 16], "texture": "#4", "cullface": "down"}
			}
		},
		{
			"from": [7, 2, 6],
			"to": [9, 7, 8],
			"faces": {
				"north": {"uv": [7, 6, 9, 11], "texture": "#unlit"},
				"east": {"uv": [7, 6, 9, 11], "texture": "#unlit"},
				"south": {"uv": [7, 6, 9, 11], "texture": "#unlit"},
				"west": {"uv": [7, 6, 9, 11], "texture": "#unlit"},
				"up": {"uv": [7, 6, 9, 8], "texture": "#unlit"},
				"down": {"uv": [7, 13, 9, 15], "texture": "#unlit"}
			}
		},
		{
			"from": [7, 2, 2],
			"to": [9, 7, 4],
			"faces": {
				"north": {"uv": [7, 6, 9, 11], "texture": "#unlit"},
				"east": {"uv": [7, 6, 9, 11], "texture": "#unlit"},
				"south": {"uv": [7, 6, 9, 11], "texture": "#unlit"},
				"west": {"uv": [7, 6, 9, 11], "texture": "#unlit"},
				"up": {"uv": [7, 6, 9, 8], "texture": "#unlit"},
				"down": {"uv": [7, 13, 9, 15], "texture": "#unlit"}
			}
		}
	]
}