{
  "name": "Soulrender",
  "icon": "simplyswords:soulrender",
  "advancement": "simplyswords:soulrender",
  "category": "simplyswords:category_unique_weapons",
  "pages": [
    {
      "type": "patchouli:spotlight",
      "item": "simplyswords:soulrender",
      "text": "The Soulrender's blade is said to be crafted from a mysterious black metal that glows with a sinister energy, and it is said to be able to cut through not just flesh and bone, but also the very essence of a being."
    },
    {
      "type": "patchouli:text",
      "text": "Once the soul is torn asunder, the victim is left weakened, both physically and spiritually. The scythe is said to be wielded by powerful necromancers, who use it to reap the souls of their enemies and use them for their own purposes. It is a weapon of great power and should be used with caution, as its ability to extract souls can have detrimental effects on the wielder's own soul."
    }
  ]
}