{
  "name": "Dormant Relic",
  "icon": "simplyswords:dormant_relic",
  "advancement": "simplyswords:dormant_relic",
  "category": "simplyswords:category_unique_weapons",
  "pages": [
    {
      "type": "patchouli:spotlight",
      "item": "simplyswords:dormant_relic",
      "text": "The Dormant Relic is a peculiar sword that holds a mysterious secret within its blade. At first glance, it appears to be an ordinary and unremarkable sword, but it possesses dormant energy waiting to be awakened through the process of crafting."
    },
    {
      "type": "patchouli:crafting",
      "recipe": "simplyswords:righteous_relic",
      "recipe2": "simplyswords:tainted_relic"
    },
    {
      "type": "patchouli:crafting",
      "recipe": "simplyswords:sunfire",
      "recipe2": "simplyswords:harbinger"
    }
  ]
}