{
  "name": "Waxweaver",
  "icon": "simplyswords:waxweaver",
  "advancement": "simplyswords:waxweaver",
  "category": "simplyswords:category_unique_weapons",
  "pages": [
    {
      "type": "patchouli:spotlight",
      "item": "simplyswords:waxweaver",
      "text": "Waxweaver is an exquisite claymore that seamlessly melds elegance with lethality, reminiscent of an ornate candelabra. When Waxweaver strikes ignited enemies, the candles are empowered and their strength is imparted on the wielder."
    }
  ]
}