{
	"credit": "Made by YSBB with Blockbench",
	"textures": {
		"particle": "block/farmland/carrots_stage1",
		"crop": "block/farmland/carrots_stage1"
	},
	"elements": [
		{
			"name": "ysbb",
			"from": [3.75, -1.5, 2.5],
			"to": [5.75, 0.5, 4.5],
			"rotation": {"angle": 0, "axis": "y", "origin": [3.94822, 1.5, 0.67678]},
			"faces": {
				"north": {"uv": [14, 13, 16, 16], "texture": "#crop"},
				"east": {"uv": [14, 13, 16, 16], "texture": "#crop"},
				"south": {"uv": [14, 13, 16, 16], "texture": "#crop"},
				"west": {"uv": [14, 13, 16, 16], "texture": "#crop"},
				"up": {"uv": [14, 13, 16, 15], "texture": "#crop"}
			}
		},
		{
			"from": [1.25, 0, 3.5],
			"to": [8.25, 7, 3.5],
			"shade": false,
			"rotation": {"angle": 45, "axis": "y", "origin": [4.75, 2.5, 3.5]},
			"faces": {
				"north": {"uv": [4, 2, 12, 9], "texture": "#crop"},
				"south": {"uv": [4, 2, 12, 9], "texture": "#crop"}
			}
		},
		{
			"from": [4.75, 0, 0],
			"to": [4.75, 7, 7],
			"shade": false,
			"rotation": {"angle": 45, "axis": "y", "origin": [4.75, 2.5, 3.5]},
			"faces": {
				"east": {"uv": [4, 2, 12, 9], "texture": "#crop"},
				"west": {"uv": [4, 2, 12, 9], "texture": "#crop"}
			}
		},
		{
			"name": "ysbb",
			"from": [2.5, -1.5, 9.75],
			"to": [4.5, 0.5, 11.75],
			"rotation": {"angle": 0, "axis": "y", "origin": [2.69822, 1.5, 7.92678]},
			"faces": {
				"north": {"uv": [14, 13, 16, 16], "texture": "#crop"},
				"east": {"uv": [14, 13, 16, 16], "texture": "#crop"},
				"south": {"uv": [14, 13, 16, 16], "texture": "#crop"},
				"west": {"uv": [14, 13, 16, 16], "texture": "#crop"},
				"up": {"uv": [14, 13, 16, 15], "texture": "#crop"}
			}
		},
		{
			"from": [0, 0, 10.75],
			"to": [7, 7, 10.75],
			"shade": false,
			"rotation": {"angle": 45, "axis": "y", "origin": [3.5, 2.5, 10.75]},
			"faces": {
				"north": {"uv": [4, 2, 12, 9], "texture": "#crop"},
				"south": {"uv": [4, 2, 12, 9], "texture": "#crop"}
			}
		},
		{
			"from": [3.5, 0, 7.25],
			"to": [3.5, 7, 14.25],
			"shade": false,
			"rotation": {"angle": 45, "axis": "y", "origin": [3.5, 2.5, 10.75]},
			"faces": {
				"east": {"uv": [4, 2, 12, 9], "texture": "#crop"},
				"west": {"uv": [4, 2, 12, 9], "texture": "#crop"}
			}
		},
		{
			"name": "ysbb",
			"from": [10.5, -1.5, 4],
			"to": [12.5, 0.5, 6],
			"rotation": {"angle": 0, "axis": "y", "origin": [10.69822, 1.5, 2.17678]},
			"faces": {
				"north": {"uv": [14, 13, 16, 16], "texture": "#crop"},
				"east": {"uv": [14, 13, 16, 16], "texture": "#crop"},
				"south": {"uv": [14, 13, 16, 16], "texture": "#crop"},
				"west": {"uv": [14, 13, 16, 16], "texture": "#crop"},
				"up": {"uv": [14, 13, 16, 15], "texture": "#crop"}
			}
		},
		{
			"from": [8, 0, 5],
			"to": [15, 7, 5],
			"shade": false,
			"rotation": {"angle": 45, "axis": "y", "origin": [11.5, 2.5, 5]},
			"faces": {
				"north": {"uv": [4, 2, 12, 9], "texture": "#crop"},
				"south": {"uv": [4, 2, 12, 9], "texture": "#crop"}
			}
		},
		{
			"from": [11.5, 0, 1.5],
			"to": [11.5, 7, 8.5],
			"shade": false,
			"rotation": {"angle": 45, "axis": "y", "origin": [11.5, 2.5, 5]},
			"faces": {
				"east": {"uv": [4, 2, 12, 9], "texture": "#crop"},
				"west": {"uv": [4, 2, 12, 9], "texture": "#crop"}
			}
		},
		{
			"name": "ysbb",
			"from": [9.75, -1.5, 11.5],
			"to": [11.75, 0.5, 13.5],
			"rotation": {"angle": 0, "axis": "y", "origin": [9.94822, 1.5, 9.67678]},
			"faces": {
				"north": {"uv": [14, 13, 16, 16], "texture": "#crop"},
				"east": {"uv": [14, 13, 16, 16], "texture": "#crop"},
				"south": {"uv": [14, 13, 16, 16], "texture": "#crop"},
				"west": {"uv": [14, 13, 16, 16], "texture": "#crop"},
				"up": {"uv": [14, 13, 16, 15], "texture": "#crop"}
			}
		},
		{
			"from": [7.25, 0, 12.5],
			"to": [14.25, 7, 12.5],
			"shade": false,
			"rotation": {"angle": 45, "axis": "y", "origin": [10.75, 2.5, 12.5]},
			"faces": {
				"north": {"uv": [4, 2, 12, 9], "texture": "#crop"},
				"south": {"uv": [4, 2, 12, 9], "texture": "#crop"}
			}
		},
		{
			"from": [10.75, 0, 9],
			"to": [10.75, 7, 16],
			"shade": false,
			"rotation": {"angle": 45, "axis": "y", "origin": [10.75, 2.5, 12.5]},
			"faces": {
				"east": {"uv": [4, 2, 12, 9], "texture": "#crop"},
				"west": {"uv": [4, 2, 12, 9], "texture": "#crop"}
			}
		}
	],
	"groups": [
		{
			"name": "lb",
			"origin": [8, 8, 8],
			"color": 0,
			"children": [0, 1, 2]
		},
		{
			"name": "lb",
			"origin": [8, 8, 8],
			"color": 0,
			"children": [3, 4, 5]
		},
		{
			"name": "lb",
			"origin": [8, 8, 8],
			"color": 0,
			"children": [6, 7, 8]
		},
		{
			"name": "lb",
			"origin": [8, 8, 8],
			"color": 0,
			"children": [9, 10, 11]
		}
	]
}