{
	"credit": "Made by YSBB with Blockbench",
	"parent": "minecraft:block/template_farmland",
	"textures": {
		"dirt": "block/farmland/dirt",
		"particle": "block/farmland/farmland1",
		"top": "block/farmland/farmland1"
	},
	"elements": [
		{
			"from": [0, 0, 0],
			"to": [16, 15, 16],
			"faces": {
				"north": {"uv": [0, 1, 16, 16], "texture": "#dirt", "cullface": "north"},
				"east": {"uv": [0, 1, 16, 16], "texture": "#dirt", "cullface": "east"},
				"south": {"uv": [0, 1, 16, 16], "texture": "#dirt", "cullface": "south"},
				"west": {"uv": [0, 1, 16, 16], "texture": "#dirt", "cullface": "west"},
				"up": {"uv": [0, 0, 16, 16], "texture": "#top", "cullface": "up"},
				"down": {"uv": [0, 0, 16, 16], "texture": "#dirt", "cullface": "down"}
			}
		}
	]
}