{
	"credit": "Made by YSBB with Blockbench",
	"parent": "minecraft:block/cross",
	"textures": {
		"2": "block/dead_bush1",
		"3": "block/dead_bush",
		"particle": "block/dead_bush"
	},
	"elements": [
		{
			"from": [7, 0, 19.25],
			"to": [13, 6, 25.25],
			"rotation": {"angle": 22.5, "axis": "y", "origin": [8.5, 2, 20]},
			"faces": {
				"north": {"uv": [12, 4, 16, 8], "texture": "#2"},
				"east": {"uv": [8, 4, 12, 8], "texture": "#2"},
				"south": {"uv": [4, 4, 8, 8], "texture": "#2"},
				"west": {"uv": [0, 4, 4, 8], "texture": "#2"},
				"up": {"uv": [4, 0, 8, 4], "texture": "#2"},
				"down": {"uv": [8, 0, 12, 4], "texture": "#2"}
			}
		},
		{
			"from": [2.25, 0, 13.32843],
			"to": [4.25, 2, 22.32843],
			"rotation": {"angle": -22.5, "axis": "y", "origin": [5.5, 1, 17.82843]},
			"faces": {
				"north": {"uv": [0, 6, 1, 7], "texture": "#2"},
				"east": {"uv": [7, 4, 16, 6], "texture": "#2"},
				"south": {"uv": [0, 6, 1, 7], "texture": "#2"},
				"west": {"uv": [7, 4, 16, 6], "texture": "#2"},
				"up": {"uv": [7, 4, 16, 6], "rotation": 270, "texture": "#2"},
				"down": {"uv": [7, 4, 16, 6], "rotation": 90, "texture": "#2"}
			}
		},
		{
			"from": [12.5, 0, 15],
			"to": [15.5, 2, 17],
			"rotation": {"angle": 0, "axis": "y", "origin": [0, 0, 11]},
			"faces": {
				"north": {"uv": [13, 5.5, 16, 7.5], "texture": "#2"},
				"east": {"uv": [14, 5, 16, 7], "texture": "#2"},
				"south": {"uv": [0, 5, 1.5, 6.5], "texture": "#2"},
				"west": {"uv": [0, 5, 1.5, 6.5], "texture": "#2"},
				"up": {"uv": [13, 5.5, 16, 7.5], "texture": "#2"},
				"down": {"uv": [0, 5, 1.5, 6.5], "texture": "#2"}
			}
		},
		{
			"from": [6.5, 0, 11.5],
			"to": [8.5, 2, 13.25],
			"rotation": {"angle": 22.5, "axis": "y", "origin": [12.25, 0.75, 12.25]},
			"faces": {
				"north": {"uv": [1.5, 12.5, 3.5, 14.5], "texture": "#2"},
				"east": {"uv": [1.5, 12.5, 3.5, 14.5], "texture": "#2"},
				"south": {"uv": [1.5, 12.5, 3.5, 14.5], "texture": "#2"},
				"west": {"uv": [1.5, 12.5, 3.5, 14.5], "texture": "#2"},
				"up": {"uv": [1.5, 12.5, 3.5, 14.5], "texture": "#2"},
				"down": {"uv": [1.5, 12.5, 3.5, 14.5], "texture": "#2"}
			}
		},
		{
			"from": [0.8, 0, 8],
			"to": [15.2, 16, 8],
			"shade": false,
			"rotation": {"angle": 45, "axis": "y", "origin": [8, 8, 8], "rescale": true},
			"faces": {
				"north": {"uv": [0, 0, 16, 16], "texture": "#3"},
				"east": {"uv": [0, 0, 0, 0], "texture": "#3"},
				"south": {"uv": [0, 0, 16, 16], "texture": "#3"},
				"west": {"uv": [0, 0, 0, 0], "texture": "#3"}
			}
		},
		{
			"from": [8, 0, 0.8],
			"to": [8, 16, 15.2],
			"shade": false,
			"rotation": {"angle": 45, "axis": "y", "origin": [8, 8, 8], "rescale": true},
			"faces": {
				"north": {"uv": [0, 0, 0, 0], "texture": "#3"},
				"east": {"uv": [0, 0, 16, 16], "texture": "#3"},
				"south": {"uv": [0, 0, 0, 0], "texture": "#3"},
				"west": {"uv": [0, 0, 16, 16], "texture": "#3"}
			}
		}
	]
}