{
	"credit": "Made by YSBB with Blockbench",
	"parent": "minecraft:block/cross",
	"textures": {
		"2": "block/dead_bush1",
		"3": "block/dead_bush",
		"particle": "block/dead_bush"
	},
	"elements": [
		{
			"from": [0.8, 0, 8],
			"to": [15.2, 16, 8],
			"shade": false,
			"rotation": {"angle": 45, "axis": "y", "origin": [8, 8, 8], "rescale": true},
			"faces": {
				"north": {"uv": [0, 0, 16, 16], "texture": "#3"},
				"south": {"uv": [0, 0, 16, 16], "texture": "#3"}
			}
		},
		{
			"from": [8, 0, 0.8],
			"to": [8, 16, 15.2],
			"shade": false,
			"rotation": {"angle": 45, "axis": "y", "origin": [8, 8, 8], "rescale": true},
			"faces": {
				"east": {"uv": [0, 0, 16, 16], "texture": "#3"},
				"west": {"uv": [0, 0, 16, 16], "texture": "#3"}
			}
		},
		{
			"from": [10.13208, -0.25, 19.12472],
			"to": [11.88208, 1.5, 22.87472],
			"rotation": {"angle": 22.5, "axis": "y", "origin": [13.75708, 0.75, 20.24972]},
			"faces": {
				"north": {"uv": [0, 4, 1, 5], "texture": "#2"},
				"east": {"uv": [0, 4, 4, 5], "texture": "#2"},
				"south": {"uv": [0, 4.5, 1, 5.5], "texture": "#2"},
				"west": {"uv": [0, 4, 4, 5], "texture": "#2"},
				"up": {"uv": [12, 4, 16, 5], "rotation": 90, "texture": "#2"},
				"down": {"uv": [12, 5.5, 16, 6.5], "rotation": 270, "texture": "#2"}
			}
		},
		{
			"from": [15.13208, 2, 20.87472],
			"to": [18.88208, 3.75, 22.62472],
			"rotation": {"angle": -22.5, "axis": "y", "origin": [13.75708, 0.75, 20.24972]},
			"faces": {
				"north": {"uv": [0, 4, 4, 5], "texture": "#2"},
				"east": {"uv": [0, 4.5, 1, 5.5], "texture": "#2"},
				"south": {"uv": [0, 4, 4, 5], "texture": "#2"},
				"west": {"uv": [0, 4, 1, 5], "texture": "#2"},
				"up": {"uv": [12, 4, 16, 5], "texture": "#2"},
				"down": {"uv": [12, 5.5, 16, 6.5], "texture": "#2"}
			}
		},
		{
			"from": [16.16762, 1, 8.80365],
			"to": [19.41762, 2.75, 10.55365],
			"rotation": {"angle": -22.5, "axis": "y", "origin": [16.79262, 1.625, 12.17865]},
			"faces": {
				"north": {"uv": [0, 4, 3, 5], "texture": "#2"},
				"east": {"uv": [0, 4.5, 1, 5.5], "texture": "#2"},
				"south": {"uv": [0, 4, 3, 5], "texture": "#2"},
				"west": {"uv": [0, 4, 1, 5], "texture": "#2"},
				"up": {"uv": [12, 4, 15, 5], "texture": "#2"},
				"down": {"uv": [12, 5.5, 15, 6.5], "texture": "#2"}
			}
		},
		{
			"from": [21.61198, 2, 18.99837],
			"to": [23.36198, 3.75, 22.74837],
			"rotation": {"angle": 45, "axis": "y", "origin": [15.23698, 0.75, 17.62337]},
			"faces": {
				"east": {"uv": [0, 4, 4, 5], "texture": "#2"},
				"south": {"uv": [0, 4.5, 1, 5.5], "texture": "#2"},
				"west": {"uv": [0, 4, 4, 5], "texture": "#2"},
				"up": {"uv": [12, 4, 16, 5], "rotation": 90, "texture": "#2"},
				"down": {"uv": [12, 5.5, 16, 6.5], "rotation": 270, "texture": "#2"}
			}
		},
		{
			"from": [18.7534, -0.25, 21.2534],
			"to": [20.5034, 2, 23.0034],
			"rotation": {"angle": 45, "axis": "y", "origin": [15.8784, 0.75, 18.1284]},
			"faces": {
				"north": {"uv": [0, 4, 1, 6], "texture": "#2"},
				"east": {"uv": [0, 4, 1, 6], "texture": "#2"},
				"south": {"uv": [0, 4.5, 1, 6.5], "texture": "#2"},
				"west": {"uv": [0, 4, 1, 6], "texture": "#2"},
				"up": {"uv": [0, 0, 0, 0], "texture": "#2"},
				"down": {"uv": [0, 0, 0, 0], "texture": "#2"}
			}
		},
		{
			"from": [18.7534, 2, 19.2534],
			"to": [20.5034, 3.75, 23.0034],
			"rotation": {"angle": 45, "axis": "y", "origin": [15.8784, 0.75, 18.1284]},
			"faces": {
				"north": {"uv": [0, 4, 1, 5], "texture": "#2"},
				"east": {"uv": [0, 4, 4, 5], "texture": "#2"},
				"south": {"uv": [0, 4.5, 1, 5.5], "texture": "#2"},
				"west": {"uv": [0, 4, 4, 5], "texture": "#2"},
				"up": {"uv": [12, 4, 16, 5], "rotation": 90, "texture": "#2"},
				"down": {"uv": [12, 5.5, 16, 6.5], "rotation": 270, "texture": "#2"}
			}
		},
		{
			"from": [15.0034, 2, 13.0034],
			"to": [16.7534, 3.75, 16.7534],
			"rotation": {"angle": 45, "axis": "y", "origin": [15.3784, 0.75, 17.1284]},
			"faces": {
				"north": {"uv": [0, 4, 1, 5], "texture": "#2"},
				"east": {"uv": [12.25, 4, 16, 5.75], "texture": "#2"},
				"south": {"uv": [12.25, 4, 16, 5.75], "texture": "#2"},
				"west": {"uv": [12.25, 4, 16, 5.75], "texture": "#2"},
				"up": {"uv": [12.25, 4, 16, 5.75], "rotation": 90, "texture": "#2"},
				"down": {"uv": [12.25, 4, 16, 5.75], "rotation": 270, "texture": "#2"}
			}
		},
		{
			"from": [18.2534, 2, 13.0034],
			"to": [20.0034, 3.75, 16.7534],
			"rotation": {"angle": 45, "axis": "y", "origin": [15.3784, 0.75, 17.1284]},
			"faces": {
				"north": {"uv": [0, 4, 1, 5], "texture": "#2"},
				"east": {"uv": [12.25, 4, 16, 5.75], "texture": "#2"},
				"south": {"uv": [12.25, 4, 16, 5.75], "texture": "#2"},
				"west": {"uv": [12.25, 4, 16, 5.75], "texture": "#2"},
				"up": {"uv": [12.25, 4, 16, 5.75], "rotation": 90, "texture": "#2"},
				"down": {"uv": [12.25, 4, 16, 5.75], "rotation": 270, "texture": "#2"}
			}
		},
		{
			"from": [14.2534, 2, 16.7534],
			"to": [23.2534, 4, 18.7534],
			"rotation": {"angle": 45, "axis": "y", "origin": [15.3784, 0.75, 17.1284]},
			"faces": {
				"north": {"uv": [7, 4, 16, 6], "texture": "#2"},
				"east": {"uv": [7, 6, 9, 4], "texture": "#2"},
				"south": {"uv": [7, 4, 16, 6], "texture": "#2"},
				"west": {"uv": [7, 4, 9, 6], "texture": "#2"},
				"up": {"uv": [7, 4, 16, 6], "texture": "#2"},
				"down": {"uv": [7, 4, 16, 6], "rotation": 180, "texture": "#2"}
			}
		},
		{
			"from": [15.57662, 2, 19.24084],
			"to": [17.32662, 3.75, 22.99084],
			"rotation": {"angle": 45, "axis": "y", "origin": [15.20162, 0.75, 18.36584]},
			"faces": {
				"east": {"uv": [12.125, 4, 16, 5.75], "texture": "#2"},
				"south": {"uv": [0, 4.5, 1, 5.5], "texture": "#2"},
				"west": {"uv": [12.125, 4, 16, 5.75], "texture": "#2"},
				"up": {"uv": [12.125, 4, 16, 5.75], "rotation": 90, "texture": "#2"},
				"down": {"uv": [12.125, 4, 16, 5.75], "rotation": 270, "texture": "#2"}
			}
		},
		{
			"from": [17.21051, -1.25, 10.84654],
			"to": [18.96051, 1, 12.59654],
			"rotation": {"angle": 45, "axis": "y", "origin": [16.08551, -0.125, 11.47154]},
			"faces": {
				"north": {"uv": [0, 4, 1, 6], "texture": "#2"},
				"east": {"uv": [0, 4, 1, 6], "texture": "#2"},
				"south": {"uv": [0, 4.5, 1, 6.5], "texture": "#2"},
				"west": {"uv": [0, 4, 1, 6], "texture": "#2"},
				"up": {"uv": [0, 4, 1, 5], "rotation": 90, "texture": "#2"},
				"down": {"uv": [0, 0, 0, 0], "texture": "#2"}
			}
		},
		{
			"from": [21.61198, -0.25, 20.99837],
			"to": [23.36198, 2, 22.74837],
			"rotation": {"angle": 45, "axis": "y", "origin": [15.23698, 0.75, 17.62337]},
			"faces": {
				"north": {"uv": [0, 4, 1, 6], "texture": "#2"},
				"east": {"uv": [0, 4, 1, 6], "texture": "#2"},
				"south": {"uv": [0, 4.5, 1, 6.5], "texture": "#2"},
				"west": {"uv": [0, 4, 1, 6], "texture": "#2"},
				"up": {"uv": [0, 0, 0, 0], "texture": "#2"},
				"down": {"uv": [0, 0, 0, 0], "texture": "#2"}
			}
		},
		{
			"from": [17.13208, -0.25, 20.87472],
			"to": [18.88208, 2, 22.62472],
			"rotation": {"angle": -22.5, "axis": "y", "origin": [13.75708, 0.75, 20.24972]},
			"faces": {
				"north": {"uv": [0, 4, 1, 6], "texture": "#2"},
				"east": {"uv": [0, 4.5, 1, 6.5], "texture": "#2"},
				"south": {"uv": [0, 4, 1, 6], "texture": "#2"},
				"west": {"uv": [0, 4, 1, 6], "texture": "#2"},
				"up": {"uv": [0, 0, 0, 0], "texture": "#2"},
				"down": {"uv": [0, 0, 0, 0], "texture": "#2"}
			}
		},
		{
			"from": [8.88208, -0.25, 18.37472],
			"to": [10.63208, 2.25, 20.12472],
			"rotation": {"angle": -45, "axis": "y", "origin": [13.25708, 0.75, 19.24972]},
			"faces": {
				"north": {"uv": [0, 4, 1, 6], "texture": "#2"},
				"east": {"uv": [0, 4.5, 1, 6.5], "texture": "#2"},
				"south": {"uv": [0, 4, 1, 6], "texture": "#2"},
				"west": {"uv": [0, 4, 1, 6], "texture": "#2"},
				"up": {"uv": [0, 4.5, 1, 6], "texture": "#2"},
				"down": {"uv": [0, 0, 0, 0], "texture": "#2"}
			}
		},
		{
			"from": [18.2534, -0.25, 13.0034],
			"to": [20.0034, 2, 14.7534],
			"rotation": {"angle": 45, "axis": "y", "origin": [15.3784, 0.75, 17.1284]},
			"faces": {
				"north": {"uv": [0, 4, 1, 6], "texture": "#2"},
				"east": {"uv": [0, 4, 1, 6], "texture": "#2"},
				"south": {"uv": [0, 4.5, 1, 6.5], "texture": "#2"},
				"west": {"uv": [0, 4, 1, 6], "texture": "#2"},
				"up": {"uv": [0, 0, 0, 0], "texture": "#2"},
				"down": {"uv": [0, 0, 0, 0], "texture": "#2"}
			}
		},
		{
			"from": [15.0034, -0.25, 13.0034],
			"to": [16.7534, 2, 14.5034],
			"rotation": {"angle": 45, "axis": "y", "origin": [15.3784, 0.75, 17.1284]},
			"faces": {
				"north": {"uv": [0, 4, 1, 6], "texture": "#2"},
				"east": {"uv": [0, 4, 1, 6], "texture": "#2"},
				"south": {"uv": [0, 4.5, 1, 6.5], "texture": "#2"},
				"west": {"uv": [0, 4, 1, 6], "texture": "#2"},
				"up": {"uv": [0, 0, 0, 0], "texture": "#2"},
				"down": {"uv": [0, 0, 0, 0], "texture": "#2"}
			}
		},
		{
			"from": [15.57662, -0.25, 21.24084],
			"to": [17.32662, 2, 22.99084],
			"rotation": {"angle": 45, "axis": "y", "origin": [15.20162, 0.75, 18.36584]},
			"faces": {
				"north": {"uv": [0, 4, 1, 6], "texture": "#2"},
				"east": {"uv": [0, 4, 1, 6], "texture": "#2"},
				"south": {"uv": [0, 4.5, 1, 6.5], "texture": "#2"},
				"west": {"uv": [0, 4, 1, 6], "texture": "#2"},
				"up": {"uv": [0, 0, 0, 0], "texture": "#2"},
				"down": {"uv": [0, 0, 0, 0], "texture": "#2"}
			}
		}
	]
}