{
	"credit": "Made by YSBB with Blockbench",
	"parent": "block/block",
	"textures": {
		"particle": "block/dragon_egg",
		"all": "block/dragon_egg"
	},
	"elements": [
		{
			"from": [5.25, 15.5, 5.25],
			"to": [10.75, 17.5, 10.75],
			"faces": {
				"north": {"uv": [4, 13, 9.5, 15], "texture": "#all"},
				"east": {"uv": [4, 13, 9.5, 15], "texture": "#all"},
				"south": {"uv": [4, 13, 9.5, 15], "texture": "#all"},
				"west": {"uv": [4, 13, 9.5, 15], "texture": "#all"},
				"up": {"uv": [0, 5, 5.5, 10.5], "texture": "#all"}
			}
		},
		{
			"from": [3, 12.75, 3],
			"to": [13, 15.5, 13],
			"faces": {
				"north": {"uv": [2, 8.75, 12, 6], "texture": "#all"},
				"east": {"uv": [4, 11, 14, 13.75], "texture": "#all"},
				"south": {"uv": [3, 11, 13, 13.75], "texture": "#all"},
				"west": {"uv": [3, 11, 13, 13.75], "texture": "#all"},
				"up": {"uv": [3, 1, 13, 11], "texture": "#all"}
			}
		},
		{
			"from": [1.5, 9.75, 1.5],
			"to": [14.5, 12.75, 14.5],
			"faces": {
				"north": {"uv": [2, 8, 15, 11], "texture": "#all"},
				"east": {"uv": [2, 8, 15, 11], "texture": "#all"},
				"south": {"uv": [2, 8, 15, 11], "texture": "#all"},
				"west": {"uv": [2, 8, 15, 11], "texture": "#all"},
				"up": {"uv": [1, 2, 14, 15], "texture": "#all"}
			}
		},
		{
			"from": [0.5, 3.5, 0.5],
			"to": [15.5, 9.75, 15.5],
			"faces": {
				"north": {"uv": [1, 3, 16, 9.25], "texture": "#all"},
				"east": {"uv": [1, 3, 16, 9.25], "texture": "#all"},
				"south": {"uv": [1, 3, 16, 9.25], "texture": "#all"},
				"west": {"uv": [1, 3, 16, 9.25], "texture": "#all"},
				"up": {"uv": [1, 1, 16, 16], "texture": "#all"},
				"down": {"uv": [1, 1, 15, 15], "texture": "#all"}
			}
		},
		{
			"from": [1.5, 1.5, 1.5],
			"to": [14.5, 4, 14.5],
			"faces": {
				"north": {"uv": [2, 13, 15, 15.5], "texture": "#all"},
				"east": {"uv": [2, 13, 15, 15.5], "texture": "#all"},
				"south": {"uv": [2, 13, 15, 15.5], "texture": "#all"},
				"west": {"uv": [2, 13, 15, 15.5], "texture": "#all"},
				"down": {"uv": [2, 2, 14, 14], "texture": "#all"}
			}
		},
		{
			"from": [2.75, 0, 2.75],
			"to": [13.25, 2, 13.25],
			"faces": {
				"north": {"uv": [3, 14, 13.5, 16], "texture": "#all"},
				"east": {"uv": [3, 14, 13.5, 16], "texture": "#all"},
				"south": {"uv": [3, 14, 13.5, 16], "texture": "#all"},
				"west": {"uv": [3, 14, 13.5, 16], "texture": "#all"},
				"down": {"uv": [3, 3, 13, 13], "texture": "#all"}
			}
		}
	]
}