{
	"credit": "Made by YSBB with Blockbench",
	"ambientocclusion": false,
	"textures": {
		"particle": "block/frogspawn1",
		"texture": "block/frogspawn1"
	},
	"elements": [
		{
			"from": [0.6, -2.5, 3.5],
			"to": [2.6, -0.5, 5.5],
			"faces": {
				"north": {"uv": [9, 6, 12, 9], "texture": "#texture"},
				"east": {"uv": [9, 6, 12, 9], "texture": "#texture"},
				"south": {"uv": [9, 6, 12, 9], "texture": "#texture"},
				"west": {"uv": [9, 6, 12, 9], "texture": "#texture"},
				"up": {"uv": [9, 6, 12, 9], "texture": "#texture"},
				"down": {"uv": [9, 6, 12, 9], "texture": "#texture"}
			}
		},
		{
			"from": [0.1, 0, 3],
			"to": [3.1, -3, 6],
			"faces": {
				"north": {"uv": [0, 3, 3, 6], "texture": "#texture"},
				"east": {"uv": [0, 3, 3, 6], "texture": "#texture"},
				"south": {"uv": [0, 3, 3, 6], "texture": "#texture"},
				"west": {"uv": [0, 3, 3, 6], "texture": "#texture"},
				"up": {"uv": [0, 3, 3, 6], "texture": "#texture"},
				"down": {"uv": [0, 3, 3, 6], "texture": "#texture"}
			}
		},
		{
			"from": [11.5, -2.5, 2.5],
			"to": [13.5, -0.5, 4.5],
			"faces": {
				"north": {"uv": [9, 6, 12, 9], "texture": "#texture"},
				"east": {"uv": [9, 6, 12, 9], "texture": "#texture"},
				"south": {"uv": [9, 6, 12, 9], "texture": "#texture"},
				"west": {"uv": [9, 6, 12, 9], "texture": "#texture"},
				"up": {"uv": [9, 6, 12, 9], "texture": "#texture"},
				"down": {"uv": [9, 6, 12, 9], "texture": "#texture"}
			}
		},
		{
			"from": [11, 0, 2],
			"to": [14, -3, 5],
			"faces": {
				"north": {"uv": [0, 3, 3, 6], "texture": "#texture"},
				"east": {"uv": [0, 3, 3, 6], "texture": "#texture"},
				"south": {"uv": [0, 3, 3, 6], "texture": "#texture"},
				"west": {"uv": [0, 3, 3, 6], "texture": "#texture"},
				"up": {"uv": [0, 3, 3, 6], "texture": "#texture"},
				"down": {"uv": [0, 3, 3, 6], "texture": "#texture"}
			}
		},
		{
			"from": [5.5, -2.5, 0.75],
			"to": [7.5, -0.5, 2.75],
			"faces": {
				"north": {"uv": [9, 6, 12, 9], "texture": "#texture"},
				"east": {"uv": [9, 6, 12, 9], "texture": "#texture"},
				"south": {"uv": [9, 6, 12, 9], "texture": "#texture"},
				"west": {"uv": [9, 6, 12, 9], "texture": "#texture"},
				"up": {"uv": [9, 6, 12, 9], "texture": "#texture"},
				"down": {"uv": [9, 6, 12, 9], "texture": "#texture"}
			}
		},
		{
			"from": [5, 0, 0.25],
			"to": [8, -3, 3.25],
			"faces": {
				"north": {"uv": [0, 3, 3, 6], "texture": "#texture"},
				"east": {"uv": [0, 3, 3, 6], "texture": "#texture"},
				"south": {"uv": [0, 3, 3, 6], "texture": "#texture"},
				"west": {"uv": [0, 3, 3, 6], "texture": "#texture"},
				"up": {"uv": [0, 3, 3, 6], "texture": "#texture"},
				"down": {"uv": [0, 3, 3, 6], "texture": "#texture"}
			}
		},
		{
			"from": [6.5, -2.5, 11.5],
			"to": [8.5, -0.5, 13.5],
			"faces": {
				"north": {"uv": [9, 6, 12, 9], "texture": "#texture"},
				"east": {"uv": [9, 6, 12, 9], "texture": "#texture"},
				"south": {"uv": [9, 6, 12, 9], "texture": "#texture"},
				"west": {"uv": [9, 6, 12, 9], "texture": "#texture"},
				"up": {"uv": [9, 6, 12, 9], "texture": "#texture"},
				"down": {"uv": [9, 6, 12, 9], "texture": "#texture"}
			}
		},
		{
			"from": [6, 0, 11],
			"to": [9, -3, 14],
			"faces": {
				"north": {"uv": [0, 3, 3, 6], "texture": "#texture"},
				"east": {"uv": [0, 3, 3, 6], "texture": "#texture"},
				"south": {"uv": [0, 3, 3, 6], "texture": "#texture"},
				"west": {"uv": [0, 3, 3, 6], "texture": "#texture"},
				"up": {"uv": [0, 3, 3, 6], "texture": "#texture"},
				"down": {"uv": [0, 3, 3, 6], "texture": "#texture"}
			}
		},
		{
			"from": [13.4, -2.5, 9.5],
			"to": [15.4, -0.5, 11.5],
			"faces": {
				"north": {"uv": [9, 6, 12, 9], "texture": "#texture"},
				"east": {"uv": [9, 6, 12, 9], "texture": "#texture"},
				"south": {"uv": [9, 6, 12, 9], "texture": "#texture"},
				"west": {"uv": [9, 6, 12, 9], "texture": "#texture"},
				"up": {"uv": [9, 6, 12, 9], "texture": "#texture"},
				"down": {"uv": [9, 6, 12, 9], "texture": "#texture"}
			}
		},
		{
			"from": [12.9, 0, 9],
			"to": [15.9, -3, 12],
			"faces": {
				"north": {"uv": [0, 3, 3, 6], "texture": "#texture"},
				"east": {"uv": [0, 3, 3, 6], "texture": "#texture"},
				"south": {"uv": [0, 3, 3, 6], "texture": "#texture"},
				"west": {"uv": [0, 3, 3, 6], "texture": "#texture"},
				"up": {"uv": [0, 3, 3, 6], "texture": "#texture"},
				"down": {"uv": [0, 3, 3, 6], "texture": "#texture"}
			}
		},
		{
			"from": [9.5, -2.5, 6.5],
			"to": [11.5, -0.5, 8.5],
			"faces": {
				"north": {"uv": [9, 6, 12, 9], "texture": "#texture"},
				"east": {"uv": [9, 6, 12, 9], "texture": "#texture"},
				"south": {"uv": [9, 6, 12, 9], "texture": "#texture"},
				"west": {"uv": [9, 6, 12, 9], "texture": "#texture"},
				"up": {"uv": [9, 6, 12, 9], "texture": "#texture"},
				"down": {"uv": [9, 6, 12, 9], "texture": "#texture"}
			}
		},
		{
			"from": [9, 0, 6],
			"to": [12, -3, 9],
			"faces": {
				"north": {"uv": [0, 3, 3, 6], "texture": "#texture"},
				"east": {"uv": [0, 3, 3, 6], "texture": "#texture"},
				"south": {"uv": [0, 3, 3, 6], "texture": "#texture"},
				"west": {"uv": [0, 3, 3, 6], "texture": "#texture"},
				"up": {"uv": [0, 3, 3, 6], "texture": "#texture"},
				"down": {"uv": [0, 3, 3, 6], "texture": "#texture"}
			}
		},
		{
			"from": [3.5, -2.5, 7.5],
			"to": [5.5, -0.5, 9.5],
			"faces": {
				"north": {"uv": [9, 6, 12, 9], "texture": "#texture"},
				"east": {"uv": [9, 6, 12, 9], "texture": "#texture"},
				"south": {"uv": [9, 6, 12, 9], "texture": "#texture"},
				"west": {"uv": [9, 6, 12, 9], "texture": "#texture"},
				"up": {"uv": [9, 6, 12, 9], "texture": "#texture"},
				"down": {"uv": [9, 6, 12, 9], "texture": "#texture"}
			}
		},
		{
			"from": [3, 0, 7],
			"to": [6, -3, 10],
			"faces": {
				"north": {"uv": [0, 3, 3, 6], "texture": "#texture"},
				"east": {"uv": [0, 3, 3, 6], "texture": "#texture"},
				"south": {"uv": [0, 3, 3, 6], "texture": "#texture"},
				"west": {"uv": [0, 3, 3, 6], "texture": "#texture"},
				"up": {"uv": [0, 3, 3, 6], "texture": "#texture"},
				"down": {"uv": [0, 3, 3, 6], "texture": "#texture"}
			}
		},
		{
			"from": [1.5, -2.5, 12.5],
			"to": [3.5, -0.5, 14.5],
			"faces": {
				"north": {"uv": [9, 6, 12, 9], "texture": "#texture"},
				"east": {"uv": [9, 6, 12, 9], "texture": "#texture"},
				"south": {"uv": [9, 6, 12, 9], "texture": "#texture"},
				"west": {"uv": [9, 6, 12, 9], "texture": "#texture"},
				"up": {"uv": [9, 6, 12, 9], "texture": "#texture"},
				"down": {"uv": [9, 6, 12, 9], "texture": "#texture"}
			}
		},
		{
			"from": [1, 0, 12],
			"to": [4, -3, 15],
			"faces": {
				"north": {"uv": [0, 3, 3, 6], "texture": "#texture"},
				"east": {"uv": [0, 3, 3, 6], "texture": "#texture"},
				"south": {"uv": [0, 3, 3, 6], "texture": "#texture"},
				"west": {"uv": [0, 3, 3, 6], "texture": "#texture"},
				"up": {"uv": [0, 3, 3, 6], "texture": "#texture"},
				"down": {"uv": [0, 3, 3, 6], "texture": "#texture"}
			}
		},
		{
			"from": [10.5, -2.5, 13.4],
			"to": [12.5, -0.5, 15.4],
			"faces": {
				"north": {"uv": [9, 6, 12, 9], "texture": "#texture"},
				"east": {"uv": [9, 6, 12, 9], "texture": "#texture"},
				"south": {"uv": [9, 6, 12, 9], "texture": "#texture"},
				"west": {"uv": [9, 6, 12, 9], "texture": "#texture"},
				"up": {"uv": [9, 6, 12, 9], "texture": "#texture"},
				"down": {"uv": [9, 6, 12, 9], "texture": "#texture"}
			}
		},
		{
			"from": [10, 0, 12.9],
			"to": [13, -3, 15.9],
			"faces": {
				"north": {"uv": [0, 3, 3, 6], "texture": "#texture"},
				"east": {"uv": [0, 3, 3, 6], "texture": "#texture"},
				"south": {"uv": [0, 3, 3, 6], "texture": "#texture"},
				"west": {"uv": [0, 3, 3, 6], "texture": "#texture"},
				"up": {"uv": [0, 3, 3, 6], "texture": "#texture"},
				"down": {"uv": [0, 3, 3, 6], "texture": "#texture"}
			}
		}
	],
	"groups": [
		{
			"name": "group",
			"origin": [0, 0, 0],
			"color": 0,
			"children": [0, 1]
		},
		{
			"name": "group",
			"origin": [0, 0, 0],
			"color": 0,
			"children": [2, 3]
		},
		{
			"name": "group",
			"origin": [0, 0, 0],
			"color": 0,
			"children": [4, 5]
		},
		{
			"name": "group",
			"origin": [0, 0, 0],
			"color": 0,
			"children": [6, 7]
		},
		{
			"name": "group",
			"origin": [0, 0, 0],
			"color": 0,
			"children": [8, 9]
		},
		{
			"name": "group",
			"origin": [0, 0, 0],
			"color": 0,
			"children": [10, 11]
		},
		{
			"name": "group",
			"origin": [0, 0, 0],
			"color": 0,
			"children": [12, 13]
		},
		{
			"name": "group",
			"origin": [0, 0, 0],
			"color": 0,
			"children": [14, 15]
		},
		{
			"name": "group",
			"origin": [0, 0, 0],
			"color": 0,
			"children": [16, 17]
		}
	]
}