{
	"credit": "Made with Blockbench",
	"ambientocclusion": false,
	"textures": {
		"particle": "block/iron_bars",
		"bars": "block/iron_bars"
	},
	"elements": [
		{
			"from": [7.5, 7.45, 14],
			"to": [8.5, 9.45, 16],
			"rotation": {"angle": 0, "axis": "y", "origin": [8, 8, 3.75]},
			"faces": {
				"north": {"uv": [0, 0, 0, 0], "texture": "#bars"},
				"east": {"uv": [4, 2, 6, 4], "texture": "#bars"},
				"west": {"uv": [4, 2, 6, 4], "texture": "#bars"},
				"up": {"uv": [4, 2, 4.5, 4], "rotation": 180, "texture": "#bars"},
				"down": {"uv": [4, 2, 4.5, 4], "rotation": 180, "texture": "#bars"}
			}
		},
		{
			"from": [7.5, 11.3, 9],
			"to": [8.5, 13.3, 12],
			"rotation": {"angle": 0, "axis": "y", "origin": [8, 8, 3.75]},
			"faces": {
				"north": {"uv": [0, 0, 0, 0], "texture": "#bars"},
				"east": {"uv": [4, 2, 7, 4], "texture": "#bars"},
				"south": {"uv": [0, 0, 0, 0], "texture": "#bars"},
				"west": {"uv": [4, 2, 7, 4], "texture": "#bars"},
				"up": {"uv": [4, 2, 7, 2.5], "rotation": 90, "texture": "#bars"},
				"down": {"uv": [4, 2, 7, 2.5], "rotation": 90, "texture": "#bars"}
			}
		},
		{
			"from": [7.5, 0.75, 8],
			"to": [8.5, 15.25, 9],
			"rotation": {"angle": 0, "axis": "y", "origin": [8, 8, 3.75]},
			"faces": {
				"north": {"uv": [7, 1, 7.5, 16], "texture": "#bars"},
				"east": {"uv": [7, 1, 8, 15.5], "texture": "#bars"},
				"south": {"uv": [7, 1, 7.5, 16], "texture": "#bars"},
				"west": {"uv": [7, 1, 8, 16], "texture": "#bars"}
			}
		},
		{
			"from": [7.5, 0.75, 12],
			"to": [8.5, 15.25, 14],
			"rotation": {"angle": 0, "axis": "y", "origin": [8, 8, 3.75]},
			"faces": {
				"north": {"uv": [2.5, 1, 2, 16], "texture": "#bars"},
				"east": {"uv": [14, 1, 12, 16], "texture": "#bars"},
				"south": {"uv": [3.5, 1, 3, 16], "texture": "#bars"},
				"west": {"uv": [4, 1, 2, 16], "texture": "#bars"},
				"up": {"uv": [0, 1, 0, 0], "rotation": 180, "texture": "#bars"},
				"down": {"uv": [0, 1, 0, 0], "rotation": 180, "texture": "#bars"}
			}
		},
		{
			"from": [7, 0, 9],
			"to": [9, 0.75, 16],
			"rotation": {"angle": 0, "axis": "y", "origin": [8, 8, 3.75]},
			"faces": {
				"east": {"uv": [8.5, 9, 9, 16], "rotation": 90, "texture": "#bars"},
				"west": {"uv": [8.5, 9, 8, 16], "rotation": 90, "texture": "#bars"},
				"up": {"uv": [9, 9, 7, 16], "rotation": 180, "texture": "#bars"},
				"down": {"uv": [7, 9, 9, 16], "rotation": 180, "texture": "#bars"}
			}
		},
		{
			"from": [7, 15.25, 9],
			"to": [9, 16, 16],
			"rotation": {"angle": 0, "axis": "y", "origin": [8, 8, 3.75]},
			"faces": {
				"east": {"uv": [9, 9, 8.5, 16], "rotation": 90, "texture": "#bars"},
				"west": {"uv": [8, 9, 8.5, 16], "rotation": 90, "texture": "#bars"},
				"up": {"uv": [9, 9, 7, 16], "rotation": 180, "texture": "#bars"},
				"down": {"uv": [9, 9, 7, 16], "rotation": 180, "texture": "#bars"}
			}
		}
	]
}