{
	"credit": "Made by YSBB with Blockbench",
	"parent": "minecraft:block/template_hanging_lantern",
	"textures": {
		"particle": "block/lantern",
		"lantern": "block/lantern"
	},
	"elements": [
		{
			"from": [5, 1, 5],
			"to": [11, 8, 11],
			"faces": {
				"north": {"uv": [0, 2, 6, 9], "texture": "#lantern"},
				"east": {"uv": [0, 2, 6, 9], "texture": "#lantern"},
				"south": {"uv": [0, 2, 6, 9], "texture": "#lantern"},
				"west": {"uv": [0, 2, 6, 9], "texture": "#lantern"},
				"up": {"uv": [0, 9, 6, 15], "texture": "#lantern"},
				"down": {"uv": [0, 9, 6, 15], "texture": "#lantern"}
			}
		},
		{
			"from": [6, 8, 6],
			"to": [10, 10, 10],
			"faces": {
				"north": {"uv": [1, 0, 5, 2], "texture": "#lantern"},
				"east": {"uv": [1, 0, 5, 2], "texture": "#lantern"},
				"south": {"uv": [1, 0, 5, 2], "texture": "#lantern"},
				"west": {"uv": [1, 0, 5, 2], "texture": "#lantern"},
				"up": {"uv": [1, 10, 5, 14], "texture": "#lantern"},
				"down": {"uv": [1, 10, 5, 14], "texture": "#lantern"}
			}
		},
		{
			"from": [7.5, 14, 8.5],
			"to": [8.5, 16, 9.5],
			"rotation": {"angle": 45, "axis": "y", "origin": [8, 8, 8]},
			"faces": {
				"north": {"uv": [11, 1, 12, 3], "texture": "#lantern"},
				"east": {"uv": [11, 1, 12, 3], "texture": "#lantern"},
				"south": {"uv": [11, 1, 12, 3], "texture": "#lantern"},
				"west": {"uv": [11, 1, 12, 3], "texture": "#lantern"},
				"up": {"uv": [11, 6, 12, 7], "texture": "#lantern"},
				"down": {"uv": [11, 6, 12, 7], "texture": "#lantern"}
			}
		},
		{
			"from": [6.5, 11, 7.5],
			"to": [9.5, 15, 8.5],
			"rotation": {"angle": 45, "axis": "y", "origin": [8, 8, 8]},
			"faces": {
				"north": {"uv": [11, 1, 14, 5], "texture": "#lantern"},
				"east": {"uv": [11, 1, 12, 5], "texture": "#lantern"},
				"south": {"uv": [11, 1, 14, 5], "texture": "#lantern"},
				"west": {"uv": [11, 1, 12, 5], "texture": "#lantern"},
				"up": {"uv": [13, 1, 14, 2], "texture": "#lantern"},
				"down": {"uv": [13, 1, 14, 2], "texture": "#lantern"}
			}
		},
		{
			"from": [8.5, 12, 7.5],
			"to": [7.5, 14, 8.5],
			"rotation": {"angle": 45, "axis": "y", "origin": [8, 8, 8]},
			"faces": {
				"north": {"uv": [10, 1, 11, 3], "texture": "#lantern"},
				"east": {"uv": [11, 1, 12, 3], "texture": "#lantern"},
				"south": {"uv": [10, 1, 11, 3], "texture": "#lantern"},
				"west": {"uv": [11, 1, 12, 3], "texture": "#lantern"},
				"up": {"uv": [13, 1, 14, 2], "texture": "#lantern"},
				"down": {"uv": [13, 1, 14, 2], "texture": "#lantern"}
			}
		},
		{
			"from": [7.5, 14, 6.5],
			"to": [8.5, 16, 7.5],
			"rotation": {"angle": 45, "axis": "y", "origin": [8, 8, 8]},
			"faces": {
				"north": {"uv": [11, 1, 12, 3], "texture": "#lantern"},
				"east": {"uv": [11, 2, 12, 4], "texture": "#lantern"},
				"south": {"uv": [11, 2, 12, 4], "texture": "#lantern"},
				"west": {"uv": [11, 1, 12, 3], "texture": "#lantern"},
				"up": {"uv": [11, 3, 12, 4], "texture": "#lantern"},
				"down": {"uv": [11, 3, 12, 4], "texture": "#lantern"}
			}
		},
		{
			"from": [7.5, 10, 8.5],
			"to": [8.5, 12, 9.5],
			"rotation": {"angle": 45, "axis": "y", "origin": [8, 8, 8]},
			"faces": {
				"north": {"uv": [11, 10, 12, 12], "texture": "#lantern"},
				"east": {"uv": [11, 10, 12, 12], "texture": "#lantern"},
				"south": {"uv": [11, 10, 12, 12], "texture": "#lantern"},
				"west": {"uv": [11, 10, 12, 12], "texture": "#lantern"},
				"up": {"uv": [11, 10, 12, 11], "texture": "#lantern"},
				"down": {"uv": [11, 10, 12, 11], "texture": "#lantern"}
			}
		},
		{
			"from": [7.5, 10, 6.5],
			"to": [8.5, 12, 7.5],
			"rotation": {"angle": 45, "axis": "y", "origin": [8, 8, 8]},
			"faces": {
				"north": {"uv": [11, 10, 12, 12], "texture": "#lantern"},
				"east": {"uv": [11, 10, 12, 12], "texture": "#lantern"},
				"south": {"uv": [11, 10, 12, 12], "texture": "#lantern"},
				"west": {"uv": [11, 10, 12, 12], "texture": "#lantern"},
				"up": {"uv": [13, 10, 14, 11], "texture": "#lantern"},
				"down": {"uv": [13, 10, 14, 11], "texture": "#lantern"}
			}
		}
	],
	"groups": [
		{
			"name": "group",
			"origin": [8, 8, 8],
			"color": 0,
			"children": [0, 1]
		},
		2,
		3,
		4,
		5,
		6,
		7
	]
}