{
	"credit": "by YSBB",
	"parent": "block/block",
	"textures": {
		"particle": "block/mangrove_roots_side",
		"side": "block/mangrove_roots_side",
		"top": "block/mangrove_roots_top"
	},
	"elements": [
		{
			"from": [0, 0, 8],
			"to": [16, 16, 8],
			"faces": {
				"north": {"uv": [0, 0, 16, 16], "texture": "#side"},
				"south": {"uv": [0, 0, 16, 16], "texture": "#side"}
			}
		},
		{
			"from": [8, 0, 0],
			"to": [8, 16, 16],
			"faces": {
				"east": {"uv": [0, 0, 16, 16], "texture": "#side"},
				"west": {"uv": [0, 0, 16, 16], "texture": "#side"}
			}
		},
		{
			"from": [0, 0, 0],
			"to": [16, 16, 16],
			"faces": {
				"north": {"uv": [0, 0, 16, 16], "texture": "#side", "cullface": "north"},
				"east": {"uv": [0, 0, 16, 16], "texture": "#side", "cullface": "east"},
				"south": {"uv": [0, 0, 16, 16], "texture": "#side", "cullface": "south"},
				"west": {"uv": [0, 0, 16, 16], "texture": "#side", "cullface": "west"},
				"up": {"uv": [0, 0, 16, 16], "texture": "#top", "cullface": "up"},
				"down": {"uv": [0, 0, 16, 16], "texture": "#top", "cullface": "down"}
			}
		},
		{
			"from": [16, 16, 16],
			"to": [0, 0, 0],
			"faces": {
				"north": {"uv": [16, 0, 0, 16], "texture": "#side", "cullface": "south"},
				"east": {"uv": [16, 0, 0, 16], "texture": "#side", "cullface": "west"},
				"south": {"uv": [16, 0, 0, 16], "texture": "#side", "cullface": "north"},
				"west": {"uv": [16, 0, 0, 16], "texture": "#side", "cullface": "east"},
				"up": {"uv": [0, 0, 16, 16], "texture": "#top", "cullface": "down"},
				"down": {"uv": [0, 0, 16, 16], "texture": "#top", "cullface": "up"}
			}
		}
	]
}