{
	"credit": "Made with Blockbench",
	"parent": "minecraft:block/cross",
	"textures": {
		"particle": "block/amethyst_cluster1",
		"cross": "block/amethyst_cluster1"
	},
	"elements": [
		{
			"from": [7, -1, 8],
			"to": [9.2, 7, 10.2],
			"rotation": {"angle": 22.5, "axis": "y", "origin": [7.75, 7, 10.25]},
			"faces": {
				"north": {"uv": [5, 1, 10, 16], "texture": "#cross"},
				"east": {"uv": [5, 1, 10, 16], "texture": "#cross"},
				"south": {"uv": [5, 1, 10, 16], "texture": "#cross"},
				"west": {"uv": [5, 1, 10, 16], "texture": "#cross"},
				"up": {"uv": [5, 1, 10, 6], "texture": "#cross"}
			}
		},
		{
			"from": [7.43434, -2.61524, 12.5],
			"to": [9.43434, 2.38476, 14.5],
			"rotation": {"angle": 22.5, "axis": "x", "origin": [8.93434, 6.38476, 16.5]},
			"faces": {
				"north": {"uv": [5, 1, 10, 16], "texture": "#cross"},
				"east": {"uv": [5, 1, 10, 16], "texture": "#cross"},
				"south": {"uv": [5, 1, 10, 16], "texture": "#cross"},
				"west": {"uv": [5, 1, 10, 16], "texture": "#cross"},
				"up": {"uv": [5, 1, 10, 6], "texture": "#cross"}
			}
		},
		{
			"from": [6.43434, -2.86524, 0],
			"to": [8.43434, 3.13476, 2],
			"rotation": {"angle": -45, "axis": "x", "origin": [7.93434, 6.13476, 1.5]},
			"faces": {
				"north": {"uv": [5, 1, 10, 16], "texture": "#cross"},
				"east": {"uv": [5, 1, 10, 16], "texture": "#cross"},
				"south": {"uv": [5, 1, 10, 16], "texture": "#cross"},
				"west": {"uv": [5, 1, 10, 16], "texture": "#cross"},
				"up": {"uv": [5, 1, 10, 6], "texture": "#cross"}
			}
		},
		{
			"from": [3.89237, -0.99015, 7],
			"to": [5.89237, 4.00985, 9],
			"rotation": {"angle": 45, "axis": "z", "origin": [4.71559, 1.68663, 8]},
			"faces": {
				"north": {"uv": [5, 1, 10, 16], "texture": "#cross"},
				"east": {"uv": [5, 1, 10, 16], "texture": "#cross"},
				"south": {"uv": [5, 1, 10, 16], "texture": "#cross"},
				"west": {"uv": [5, 1, 10, 16], "texture": "#cross"},
				"up": {"uv": [5, 1, 10, 6], "texture": "#cross"}
			}
		},
		{
			"from": [13.18434, -2.36524, 7.5],
			"to": [15.18434, 2.63476, 9.5],
			"rotation": {"angle": -45, "axis": "z", "origin": [14.68434, 5.38476, 9.75]},
			"faces": {
				"north": {"uv": [5, 1, 10, 16], "texture": "#cross"},
				"east": {"uv": [5, 1, 10, 16], "texture": "#cross"},
				"south": {"uv": [5, 1, 10, 16], "texture": "#cross"},
				"west": {"uv": [5, 1, 10, 16], "texture": "#cross"},
				"up": {"uv": [5, 1, 10, 6], "texture": "#cross"}
			}
		},
		{
			"from": [5.75, -1, 5.25],
			"to": [7.25, 1, 6.75],
			"rotation": {"angle": 22.5, "axis": "z", "origin": [5, 0, 5]},
			"faces": {
				"north": {"uv": [6, 11, 8, 16], "texture": "#cross"},
				"east": {"uv": [9, 11, 11, 16], "texture": "#cross"},
				"south": {"uv": [8, 11, 10, 16], "texture": "#cross"},
				"west": {"uv": [5, 11, 7, 16], "texture": "#cross"},
				"up": {"uv": [5, 4, 7, 6], "texture": "#cross"}
			}
		},
		{
			"from": [9, 0, 5],
			"to": [11, 4.5, 7],
			"rotation": {"angle": 0, "axis": "y", "origin": [10.25, 4.25, 6.75]},
			"faces": {
				"north": {"uv": [6, 8, 10, 16], "texture": "#cross"},
				"east": {"uv": [5, 7, 9, 16], "texture": "#cross"},
				"south": {"uv": [6, 7, 10, 16], "texture": "#cross"},
				"west": {"uv": [5, 7, 9, 16], "texture": "#cross"},
				"up": {"uv": [5, 4, 9, 8], "texture": "#cross"}
			}
		},
		{
			"from": [5, 0, 9],
			"to": [7, 3.5, 11],
			"rotation": {"angle": 0, "axis": "y", "origin": [6.25, 4.25, 10.75]},
			"faces": {
				"north": {"uv": [6, 8, 10, 16], "texture": "#cross"},
				"east": {"uv": [5, 7, 9, 16], "texture": "#cross"},
				"south": {"uv": [6, 7, 10, 16], "texture": "#cross"},
				"west": {"uv": [5, 7, 9, 16], "texture": "#cross"},
				"up": {"uv": [5, 4, 9, 8], "texture": "#cross"}
			}
		},
		{
			"from": [5.75, 1, 7],
			"to": [7.75, 3, 9],
			"rotation": {"angle": -22.5, "axis": "x", "origin": [5.25, 1, 7]},
			"faces": {
				"north": {"uv": [5, 10, 8, 16], "texture": "#cross"},
				"east": {"uv": [5, 10, 8, 16], "texture": "#cross"},
				"south": {"uv": [7, 10, 10, 16], "texture": "#cross"},
				"west": {"uv": [6, 9, 9, 15], "texture": "#cross"},
				"up": {"uv": [5, 6, 8, 9], "texture": "#cross"}
			}
		}
	]
}