{
	"format_version": "1.12.0",
	"minecraft:geometry": [
		{
			"description": {
				"identifier": "geometry.r201_models",
				"texture_width": 256,
				"texture_height": 256,
				"visible_bounds_width": 42,
				"visible_bounds_height": 8,
				"visible_bounds_offset": [0, 1, 0]
			},
			"bones": [
				{
					"name": "root",
					"pivot": [6, 0, -10],
					"rotation": [-90, 0, 0]
				},
				{
					"name": "leftArm",
					"parent": "root",
					"pivot": [11, 22, -10]
				},
				{
					"name": "rightArm",
					"parent": "root",
					"pivot": [1, 22, -10]
				},
				{
					"name": "r201",
					"parent": "rightArm",
					"pivot": [0, 17, -14],
					"rotation": [90, 0, 0]
				},
				{
					"name": "gun",
					"parent": "r201",
					"pivot": [-1, 15, -32],
					"cubes": [
						{"origin": [-1.5, 12, -17], "size": [3, 6, 7], "uv": [203, 85]},
						{"origin": [-1.5, 12, -10], "size": [3, 5, 1], "uv": [91, 198]},
						{"origin": [-1.5, 12, -21], "size": [3, 6, 2], "uv": [208, 99]},
						{"origin": [-1, 13, -19], "size": [2, 1, 2], "uv": [110, 158]},
						{"origin": [-1.5, 13, -26], "size": [3, 5, 2], "uv": [196, 84]},
						{"origin": [-1.5, -7.1, -31.8], "size": [3, 1, 2], "inflate": 0.1, "pivot": [6, 0, -12], "rotation": [-65, 0, 0], "uv": [162, 143]},
						{"origin": [-2, 13.9, -26.25], "size": [4, 1, 3], "uv": [63, 206]},
						{"origin": [-1.5, 16, -24], "size": [3, 2, 3], "uv": [184, 84]},
						{"origin": [0.75, 16, -23], "size": [1, 1, 9], "inflate": -0.2, "uv": [48, 193]},
						{"origin": [-1.5, 14, -16.45], "size": [3, 3.3, 2], "pivot": [6, 0, -12], "rotation": [22.5, 0, 0], "uv": [61, 162]},
						{"origin": [-1.5, 16.675, -18.225], "size": [3, 3.325, 4.225], "inflate": -0.1, "pivot": [6, 0, -12], "rotation": [22.5, 0, 0], "uv": [58, 213]},
						{"origin": [-1.5, 16, -19], "size": [3, 2, 2], "uv": [193, 97]},
						{"origin": [-1.5, 12, -19], "size": [3, 1, 2], "uv": [195, 102]},
						{"origin": [-1.5, 17.25, -38], "size": [3, 1, 1], "uv": [176, 86]},
						{"origin": [-1.5, 17.25, -14], "size": [3, 1, 1], "uv": [176, 86]},
						{"origin": [-1.5, 15, -39], "size": [3, 3, 13], "uv": [159, 90]},
						{"origin": [-1.5, 17, -36], "size": [3, 1, 6], "inflate": 0.1, "uv": [132, 98]},
						{"origin": [-0.5, 17, -36], "size": [1, 1, 6], "inflate": 0.2, "uv": [101, 231]},
						{"origin": [-0.5, 17, -29], "size": [1, 1, 6], "inflate": 0.2, "uv": [101, 231]},
						{"origin": [-0.5, 16.5, -10], "size": [1, 1, 5], "inflate": 0.2, "uv": [102, 232]},
						{"origin": [-0.5, 11.5, -10], "size": [1, 1, 5], "inflate": 0.2, "uv": [102, 232]},
						{"origin": [-0.5, 17, -22], "size": [1, 1, 6], "inflate": 0.2, "uv": [101, 231]},
						{"origin": [-2, 17, -17.25], "size": [4, 1, 1], "inflate": -0.3, "uv": [210, 161]},
						{"origin": [-1.5, 16.5, -11], "size": [3, 1, 6], "inflate": 0.1, "uv": [132, 98]},
						{"origin": [-2, 11.5, -6.25], "size": [4, 1, 1], "inflate": -0.3, "uv": [210, 161]},
						{"origin": [-2, 11.5, -10.75], "size": [4, 1, 1], "inflate": -0.3, "uv": [210, 161]},
						{"origin": [-1.5, 11.5, -11], "size": [3, 1, 6], "inflate": 0.1, "uv": [132, 98]},
						{"origin": [-2, 16.5, -10.75], "size": [4, 1, 1], "inflate": -0.3, "uv": [210, 161]},
						{"origin": [-1.5, 17.4, -12], "size": [1, 1, 1], "inflate": -0.3, "uv": [210, 161]},
						{"origin": [0.5, 17.4, -12], "size": [1, 1, 1], "inflate": -0.3, "uv": [210, 161]},
						{"origin": [-2, 16.5, -6.25], "size": [4, 1, 1], "inflate": -0.3, "uv": [210, 161]},
						{"origin": [-2, 17, -21.75], "size": [4, 1, 1], "inflate": -0.3, "uv": [210, 161]},
						{"origin": [-1.5, 17, -22], "size": [3, 1, 6], "inflate": 0.1, "uv": [132, 98]},
						{"origin": [-1.5, 17, -29], "size": [3, 1, 6], "inflate": 0.1, "uv": [132, 98]},
						{"origin": [-1, 14, -37], "size": [2, 1, 5], "uv": [86, 234]},
						{"origin": [-0.5, 13.75, -32.5], "size": [1, 2, 7], "uv": [15, 243]},
						{"origin": [1.175, 17.825, -19.4], "size": [1, 3.125, 1], "inflate": -0.45, "uv": [103, 219]},
						{"origin": [-2.15, 17.825, -19.4], "size": [1, 3.125, 1], "inflate": -0.45, "uv": [103, 219]},
						{"origin": [-1, 3.875, -39.45], "size": [2, 1.525, 3.45], "inflate": -0.1, "pivot": [6, 0, -12], "rotation": [-22.5, 0, 0], "uv": [185, 160]},
						{"origin": [-1.75, 17.5, -20.75], "size": [3.5, 1, 4], "uv": [95, 233]},
						{"origin": [-1.6, 17.95, -21], "size": [3.2, 1, 2.25], "inflate": -0.2, "uv": [106, 159]},
						{"origin": [-2.25, 17.5, -17.75], "size": [4.5, 1, 1], "inflate": -0.3, "uv": [210, 161]},
						{"origin": [-2, 17.925, -18.1], "size": [4, 1, 1.25], "inflate": -0.4, "uv": [211, 162]},
						{"origin": [-1.5, 17.925, -19], "size": [3, 1, 1.25], "inflate": -0.4, "uv": [211, 162]},
						{"origin": [-2.25, 17.5, -20.75], "size": [4.5, 1, 1], "inflate": -0.3, "uv": [210, 161]},
						{"origin": [-2, 17, -35.75], "size": [4, 1, 1], "inflate": -0.3, "uv": [210, 161]},
						{"origin": [-2, 17, -24.25], "size": [4, 1, 1], "inflate": -0.3, "uv": [210, 161]},
						{"origin": [-2, 17, -28.75], "size": [4, 1, 1], "inflate": -0.3, "uv": [210, 161]},
						{"origin": [-2, 17, -31.25], "size": [4, 1, 1], "inflate": -0.3, "uv": [210, 161]}
					]
				},
				{
					"name": "muzzle_flash",
					"parent": "gun",
					"pivot": [0, 16.5, -39.25]
				},
				{
					"name": "bone2_illuminated",
					"parent": "gun",
					"pivot": [0, 0, 0],
					"cubes": [
						{"origin": [-1.5, 16, -39], "size": [3, 1, 13], "inflate": 0.05, "uv": [159, 91]},
						{"origin": [-0.875, 19.125, -19.4], "size": [1.15, 1, 1], "inflate": -0.49, "uv": [246, 254]},
						{"origin": [-0.475, 18.825, -19.4], "size": [1, 1.15, 1], "inflate": -0.49, "uv": [246, 254]},
						{"origin": [-0.225, 19.125, -19.4], "size": [1.15, 1, 1], "inflate": -0.49, "uv": [246, 254]},
						{"origin": [-0.475, 19.125, -19.4], "size": [1, 1, 1], "inflate": -0.48, "uv": [246, 254]},
						{"origin": [-0.5, 17.55, -29], "size": [1, 1, 6], "inflate": -0.3, "uv": [225, 91]},
						{"origin": [-0.5, 17.55, -36], "size": [1, 1, 6], "inflate": -0.3, "uv": [225, 91]},
						{"origin": [-1, 14.5, -19], "size": [2, 1, 2], "uv": [245, 103]}
					]
				},
				{
					"name": "hwx",
					"parent": "gun",
					"pivot": [6, 0, -10]
				},
				{
					"name": "double",
					"parent": "gun",
					"pivot": [0.46974, 17.4, -30],
					"rotation": [0, -10, 0]
				},
				{
					"name": "bone3",
					"parent": "gun",
					"pivot": [0.14509, 16.72304, -4.31445]
				},
				{
					"name": "mag",
					"parent": "gun",
					"pivot": [-1, 13.8, -17.7],
					"cubes": [
						{"origin": [-0.45, 8.825, -0.45], "size": [1, 7.975, 2], "pivot": [6, 0, -12], "rotation": [90, 0, 0], "uv": [146, 158]}
					]
				},
				{
					"name": "bone",
					"parent": "gun",
					"pivot": [8, -1.4, -11],
					"cubes": [
						{"origin": [0.65, 16.025, -22.975], "size": [1.25, 1, 1], "inflate": -0.3, "uv": [245, 246]}
					]
				},
				{
					"name": "gunfire",
					"parent": "r201",
					"pivot": [1, 35, -8]
				},
				{
					"name": "gunfire2",
					"parent": "r201",
					"pivot": [1, 35, -8]
				},
				{
					"name": "positioning",
					"pivot": [0, 0, 0]
				},
				{
					"name": "iron_view",
					"parent": "positioning",
					"pivot": [0, 6.85, 17]
				},
				{
					"name": "idle_view",
					"parent": "positioning",
					"pivot": [5, 8, 16]
				},
				{
					"name": "fixed",
					"parent": "positioning",
					"pivot": [0, 1, 4],
					"rotation": [0, 90, 0]
				},
				{
					"name": "thirdperson_hand",
					"parent": "positioning",
					"pivot": [-0.44829, -1, 9.05933],
					"rotation": [0, -17.5, 0]
				},
				{
					"name": "ground",
					"parent": "positioning",
					"pivot": [0, -4, 5]
				}
			]
		}
	]
}